{"x":{"0":193.5444335938,"1":193.5444335938,"2":193.5444335938,"3":193.5444335938,"4":193.5444335938,"5":193.5440063477,"6":193.5439453125,"7":193.5439605713,"8":193.5439758301,"9":193.5440063477,"10":193.5440216064,"11":193.5440063477,"12":193.5439758301,"13":193.5439605713,"14":193.5439605713,"15":193.5439605713,"16":193.5439605713,"17":193.5439605713,"18":193.5439453125,"19":193.5439453125,"20":193.5439453125,"21":193.5439453125,"22":193.5439453125,"23":193.5439453125,"24":193.5439453125,"25":193.542755127,"26":193.5374298096,"27":193.5278625488,"28":193.5149536133,"29":193.499786377,"30":193.4823608398,"31":193.4619750977,"32":193.4381256104,"33":193.4116973877,"34":193.3840942383,"35":193.3536224365,"36":193.316619873,"37":193.2724914551,"38":193.2198944092,"39":193.159942627,"40":193.0955963135,"41":193.0269317627,"42":192.9511413574,"43":192.8648529053,"44":192.7678985596,"45":192.6597595215,"46":192.541015625,"47":192.4158172607,"48":192.2865142822,"49":192.1519165039,"50":192.0076751709,"51":191.854385376,"52":191.6938476562,"53":191.5288391113,"54":191.3678741455,"55":191.2174377441,"56":191.0773620605,"57":190.9407348633,"58":190.7987060547,"59":190.6490936279,"60":190.5008544922,"61":190.3512420654,"62":190.1978149414},"y":{"0":233.4763946533,"1":233.4763946533,"2":233.4763946533,"3":233.4763946533,"4":233.4763946533,"5":233.4757385254,"6":233.4757995605,"7":233.4760131836,"8":233.4762268066,"9":233.4763641357,"10":233.4764251709,"11":233.4764556885,"12":233.4764862061,"13":233.4764862061,"14":233.4765014648,"15":233.4765014648,"16":233.4765014648,"17":233.4765014648,"18":233.4765014648,"19":233.4765014648,"20":233.4765014648,"21":233.4765014648,"22":233.4765014648,"23":233.4765014648,"24":233.4765014648,"25":233.4420471191,"26":233.3022460938,"27":233.0827484131,"28":232.8087310791,"29":232.498626709,"30":232.1649627686,"31":231.8155059814,"32":231.4548797607,"33":231.0857391357,"34":230.709564209,"35":230.3275299072,"36":229.9408111572,"37":229.549987793,"38":229.1558380127,"39":228.758392334,"40":228.3572998047,"41":227.9527740479,"42":227.5458221436,"43":227.1378631592,"44":226.7292785645,"45":226.3203735352,"46":225.9111633301,"47":225.500213623,"48":225.0873565674,"49":224.6740722656,"50":224.2630615234,"51":223.8541717529,"52":223.4463500977,"53":223.0385284424,"54":222.6282043457,"55":222.2143554688,"56":221.7980041504,"57":221.3813476562,"58":220.9674987793,"59":220.5576477051,"60":220.1481018066,"61":219.7395782471,"62":219.3327636719},"z":{"0":1.263858676,"1":1.1088318825,"2":0.8560168147,"3":0.5055117011,"4":0.1815200448,"5":0.1910713464,"6":0.2154336125,"7":0.2330643833,"8":0.2432419956,"9":0.2485486567,"10":0.2511577904,"11":0.2523922026,"12":0.2529605329,"13":0.2530858517,"14":0.2532283068,"15":0.2533196509,"16":0.2533697784,"17":0.2533843517,"18":0.253398329,"19":0.2534077466,"20":0.2534129918,"21":0.2534148097,"22":0.2534161806,"23":0.2534161806,"24":0.2534176707,"25":0.2529348731,"26":0.2521518767,"27":0.2518599629,"28":0.2519471347,"29":0.2522045076,"30":0.2524902523,"31":0.2527364194,"32":0.2529233098,"33":0.253054738,"34":0.2531426847,"35":0.2532012165,"36":0.253241986,"37":0.2532689273,"38":0.2532892525,"39":0.2533022165,"40":0.2533083558,"41":0.2533129752,"42":0.2533205748,"43":0.2533322871,"44":0.2533407211,"45":0.2533470988,"46":0.2533502877,"47":0.2533470094,"48":0.2533477843,"49":0.2533573806,"50":0.2533739805,"51":0.253382802,"52":0.2533831,"53":0.2533823848,"54":0.2533854544,"55":0.2533994615,"56":0.2534146309,"57":0.253421545,"58":0.2534256279,"59":0.2534297407,"60":0.2534278929,"61":0.2534238994,"62":0.2534196377},"yaw":{"0":-90.0097045898,"1":-90.0097045898,"2":-90.0097045898,"3":-90.0097045898,"4":-90.0097045898,"5":-90.0099182129,"6":-90.0098571777,"7":-90.009727478,"8":-90.0096664429,"9":-90.0096817017,"10":-90.0096740723,"11":-90.0096740723,"12":-90.0096740723,"13":-90.0096740723,"14":-90.0096740723,"15":-90.0096740723,"16":-90.0096740723,"17":-90.0096740723,"18":-90.0096740723,"19":-90.0096740723,"20":-90.0096740723,"21":-90.0096740723,"22":-90.0096740723,"23":-90.0096740723,"24":-90.0096740723,"25":-90.0600509644,"26":-90.2667236328,"27":-90.6016082764,"28":-90.9904556274,"29":-91.3670120239,"30":-91.7297897339,"31":-92.1069946289,"32":-92.5128250122,"33":-92.9045944214,"34":-93.2287445068,"35":-93.5693283081,"36":-94.0654907227,"37":-94.6937332153,"38":-95.4710540771,"39":-96.3086395264,"40":-97.0671768188,"41":-97.7688293457,"42":-98.5397949219,"43":-99.4933395386,"44":-100.5807189941,"45":-101.7813873291,"46":-103.0379867554,"47":-104.1556777954,"48":-105.0847549438,"49":-105.9410858154,"50":-106.9338760376,"51":-107.9929885864,"52":-109.0177230835,"53":-109.9002761841,"54":-110.339012146,"55":-110.216178894,"56":-109.7292480469,"57":-109.2662887573,"58":-109.1805343628,"59":-109.4453353882,"60":-109.5760498047,"61":-109.7330474854,"62":-110.005859375},"c_route":{"0":false,"1":false,"2":false,"3":false,"4":false,"5":false,"6":false,"7":false,"8":false,"9":false,"10":false,"11":false,"12":false,"13":false,"14":false,"15":false,"16":false,"17":false,"18":false,"19":false,"20":false,"21":false,"22":false,"23":false,"24":false,"25":false,"26":false,"27":false,"28":false,"29":false,"30":false,"31":false,"32":false,"33":false,"34":false,"35":false,"36":false,"37":false,"38":false,"39":false,"40":false,"41":false,"42":false,"43":false,"44":false,"45":false,"46":false,"47":false,"48":false,"49":false,"50":false,"51":false,"52":false,"53":false,"54":false,"55":false,"56":false,"57":false,"58":false,"59":false,"60":false,"61":false,"62":false},"done":{"0":false,"1":false,"2":false,"3":false,"4":false,"5":false,"6":false,"7":false,"8":false,"9":false,"10":false,"11":false,"12":false,"13":false,"14":false,"15":false,"16":false,"17":false,"18":false,"19":false,"20":false,"21":false,"22":false,"23":false,"24":false,"25":false,"26":false,"27":false,"28":false,"29":false,"30":false,"31":false,"32":false,"33":false,"34":false,"35":false,"36":false,"37":false,"38":false,"39":false,"40":false,"41":false,"42":false,"43":false,"44":false,"45":false,"46":false,"47":false,"48":false,"49":false,"50":false,"51":false,"52":false,"53":false,"54":false,"55":false,"56":false,"57":false,"58":false,"59":false,"60":false,"61":false,"62":true},"route_completed_in_m":{"0":1.2344843149,"1":1.2344843149,"2":1.2344843149,"3":1.2344843149,"4":1.2344843149,"5":1.2344843149,"6":1.2344843149,"7":1.2344843149,"8":1.2344843149,"9":1.2344843149,"10":1.2344843149,"11":1.2344843149,"12":1.2344843149,"13":1.2344843149,"14":1.2344843149,"15":1.2344843149,"16":1.2344843149,"17":1.2344843149,"18":1.2344843149,"19":1.2344843149,"20":1.2344843149,"21":1.2344843149,"22":1.2344843149,"23":1.2344843149,"24":1.2344843149,"25":1.2344843149,"26":1.2344843149,"27":1.2344843149,"28":1.2344843149,"29":3.1954371929,"30":3.1954371929,"31":3.1954371929,"32":3.1954371929,"33":3.1954371929,"34":4.1954371929,"35":4.1954371929,"36":4.1954371929,"37":5.1954371929,"38":5.1954371929,"39":5.1954371929,"40":6.1954371929,"41":6.1954371929,"42":7.1954371929,"43":7.1954371929,"44":8.1954371929,"45":8.1954371929,"46":8.1954371929,"47":9.1954371929,"48":9.1954371929,"49":10.1954371929,"50":10.1954371929,"51":10.1954371929,"52":11.1954371929,"53":11.1954371929,"54":12.1954371929,"55":12.1954371929,"56":12.1954371929,"57":13.1954371929,"58":13.1954371929,"59":14.1954371929,"60":14.1954371929,"61":15.1954371929,"62":15.1954371929}}