{"x":{"0":89.4426422119,"1":89.4426422119,"2":89.4426422119,"3":89.4426422119,"4":89.4426422119,"5":89.4434814453,"6":89.4434280396,"7":89.4431152344,"8":89.4429016113,"9":89.4427642822,"10":89.4426727295,"11":89.4426345825,"12":89.4426116943,"13":89.4426040649,"14":89.4425964355,"15":89.4425964355,"16":89.4425888062,"17":89.4425888062,"18":89.4425888062,"19":89.4425888062,"20":89.4425888062,"21":89.4425888062,"22":89.4425888062,"23":89.4425888062,"24":89.4425888062,"25":89.4765701294,"26":89.6108779907,"27":89.8143997192,"28":90.0605163574,"29":90.3320159912,"30":90.6191177368,"31":90.9165802002,"32":91.2217178345,"33":91.5329971313,"34":91.8494720459,"35":92.1705932617,"36":92.4957809448,"37":92.8244628906,"38":93.1560440063,"39":93.4900970459,"40":93.8263931274,"41":94.1647644043,"42":94.505065918,"43":94.847114563,"44":95.1908111572,"45":95.5361022949,"46":95.8827209473,"47":96.2305679321,"48":96.5795898438,"49":96.9295654297,"50":97.2802124023,"51":97.631980896,"52":97.9844284058,"53":98.3370361328,"54":98.6898803711,"55":99.043006897,"56":99.3960342407,"57":99.7489547729,"58":100.1011886597,"59":100.4524230957,"60":100.8026809692,"61":101.1528396606,"62":101.5036010742,"63":101.8550567627,"64":102.2067260742,"65":102.5596466064,"66":102.9130249023,"67":103.2674255371,"68":103.6226959229,"69":103.978012085,"70":104.3372421265,"71":104.700630188,"72":105.0676803589,"73":105.4372177124,"74":105.8100280762,"75":106.1848526001,"76":106.5619430542,"77":106.942855835,"78":107.3278274536,"79":107.7161102295,"80":108.106552124,"81":108.4944992065,"82":108.8811187744,"83":109.268699646,"84":109.6586914062,"85":110.0511169434},"y":{"0":241.1313781738,"1":241.1313781738,"2":241.1313781738,"3":241.1313781738,"4":241.1313781738,"5":241.1310272217,"6":241.1309051514,"7":241.1309051514,"8":241.1309356689,"9":241.1309509277,"10":241.1309967041,"11":241.1309509277,"12":241.1309356689,"13":241.1309356689,"14":241.1309051514,"15":241.1309051514,"16":241.1309051514,"17":241.1309051514,"18":241.1308898926,"19":241.1308898926,"20":241.1308898926,"21":241.1308898926,"22":241.1308898926,"23":241.1308898926,"24":241.1308898926,"25":241.1308746338,"26":241.1306915283,"27":241.1296081543,"28":241.1275177002,"29":241.1247406006,"30":241.1213989258,"31":241.1161499023,"32":241.1089630127,"33":241.0994110107,"34":241.088104248,"35":241.0769042969,"36":241.0670776367,"37":241.0581512451,"38":241.0477294922,"39":241.0352935791,"40":241.0210266113,"41":241.0057830811,"42":240.9895782471,"43":240.9721374512,"44":240.9538879395,"45":240.935836792,"46":240.9154663086,"47":240.8925018311,"48":240.8666229248,"49":240.8359069824,"50":240.7985687256,"51":240.7571411133,"52":240.7105560303,"53":240.6577148438,"54":240.6006317139,"55":240.5416717529,"56":240.4812316895,"57":240.4202880859,"58":240.356262207,"59":240.2874755859,"60":240.2135467529,"61":240.1369018555,"62":240.0599365234,"63":239.9829559326,"64":239.9036407471,"65":239.8253631592,"66":239.7436676025,"67":239.6583557129,"68":239.5667877197,"69":239.4659881592,"70":239.3663024902,"71":239.268737793,"72":239.1718139648,"73":239.0706939697,"74":238.967086792,"75":238.8567504883,"76":238.7398529053,"77":238.6202087402,"78":238.4988250732,"79":238.3747406006,"80":238.2467498779,"81":238.1065216064,"82":237.9574890137,"83":237.8053131104,"84":237.6543731689,"85":237.506149292},"z":{"0":1.2638585567,"1":1.1088316441,"2":0.8560166955,"3":0.5055115223,"4":0.1815199256,"5":0.1903274506,"6":0.2146979868,"7":0.2325965762,"8":0.2429841608,"9":0.2484158725,"10":0.2510920763,"11":0.2523604929,"12":0.2529453635,"13":0.2530939877,"14":0.2532285154,"15":0.2533183992,"16":0.2533687055,"17":0.2533853054,"18":0.2533982396,"19":0.2534075081,"20":0.2534128129,"21":0.2534148693,"22":0.253416121,"23":0.253416121,"24":0.2534177005,"25":0.2529419959,"26":0.2522128522,"27":0.2520033121,"28":0.2521551549,"29":0.2524355948,"30":0.2527059019,"31":0.2529159188,"32":0.2530612648,"33":0.25315696,"34":0.2532183826,"35":0.2532579601,"36":0.2532850504,"37":0.2533054948,"38":0.2533219159,"39":0.2533349097,"40":0.253344655,"41":0.253351897,"42":0.2533574104,"43":0.253362,"44":0.2533660531,"45":0.2533687055,"46":0.253372103,"47":0.253374368,"48":0.2533761561,"49":0.2533775568,"50":0.2533798218,"51":0.2533788681,"52":0.2533811033,"53":0.2533861399,"54":0.2533903718,"55":0.2533950508,"56":0.2534013391,"57":0.2534057796,"58":0.2534098327,"59":0.2534118891,"60":0.2534118593,"61":0.2534076869,"62":0.2534024417,"63":0.2533985972,"64":0.2533961535,"65":0.2533913851,"66":0.2533866167,"67":0.253377527,"68":0.2533681691,"69":0.2533626258,"70":0.2533479631,"71":0.2533392012,"72":0.2533341944,"73":0.2533304989,"74":0.2533252239,"75":0.2533230782,"76":0.2533194423,"77":0.2533135116,"78":0.2533102632,"79":0.2533129752,"80":0.2533219457,"81":0.2533448339,"82":0.2533574998,"83":0.2533628047,"84":0.2533655763,"85":0.2533708811},"yaw":{"0":0.1973113716,"1":0.1973113716,"2":0.1973113716,"3":0.1973113716,"4":0.1973113716,"5":0.1969136298,"6":0.197028175,"7":0.1972327679,"8":0.1973167062,"9":0.1973442882,"10":0.1973526031,"11":0.1973550618,"12":0.197355777,"13":0.1973559558,"14":0.1973559111,"15":0.1973558217,"16":0.1973557621,"17":0.1973557621,"18":0.1973557621,"19":0.1973557621,"20":0.1973557621,"21":0.1973557621,"22":0.1973557621,"23":0.1973557621,"24":0.1973557621,"25":0.1908705831,"26":0.1655765027,"27":0.0993295237,"28":0.001076837,"29":-0.1058654711,"30":-0.2153930515,"31":-0.3759460747,"32":-0.5758666396,"33":-0.823638916,"34":-1.0831910372,"35":-1.2766418457,"36":-1.373260498,"37":-1.4130859375,"38":-1.5015869141,"39":-1.6449584961,"40":-1.8208924532,"41":-1.9931336641,"42":-2.1596074104,"43":-2.3347780704,"44":-2.4968876839,"45":-2.6099245548,"46":-2.786591053,"47":-3.0200505257,"48":-3.3063664436,"49":-3.7109379768,"50":-4.2735915184,"51":-4.8529376984,"52":-5.4913067818,"53":-6.2166185379,"54":-6.9264588356,"55":-7.5344624519,"56":-8.0550928116,"57":-8.4687290192,"58":-8.9078769684,"59":-9.4295463562,"60":-10.0268678665,"61":-10.58244133,"62":-11.0081043243,"63":-11.329240799,"64":-11.6631040573,"65":-11.8644895554,"66":-12.1455574036,"67":-12.486530304,"68":-12.972858429,"69":-13.6873054504,"70":-14.1340827942,"71":-14.3515195847,"72":-14.4592485428,"73":-14.677233696,"74":-14.8991603851,"75":-15.2956695557,"76":-15.8076629639,"77":-16.2410449982,"78":-16.5767326355,"79":-16.8874664307,"80":-17.23478508,"81":-17.9744682312,"82":-18.8394203186,"83":-19.5593547821,"84":-19.9977989197,"85":-20.1854801178},"c_route":{"0":false,"1":false,"2":false,"3":false,"4":false,"5":false,"6":false,"7":false,"8":false,"9":false,"10":false,"11":false,"12":false,"13":false,"14":false,"15":false,"16":false,"17":false,"18":false,"19":false,"20":false,"21":false,"22":false,"23":false,"24":false,"25":false,"26":false,"27":false,"28":false,"29":false,"30":false,"31":false,"32":false,"33":false,"34":false,"35":false,"36":false,"37":false,"38":false,"39":false,"40":false,"41":false,"42":false,"43":false,"44":false,"45":false,"46":false,"47":false,"48":false,"49":false,"50":false,"51":false,"52":false,"53":false,"54":false,"55":false,"56":false,"57":false,"58":false,"59":false,"60":false,"61":false,"62":false,"63":false,"64":false,"65":false,"66":false,"67":false,"68":false,"69":false,"70":false,"71":false,"72":false,"73":false,"74":false,"75":false,"76":false,"77":false,"78":false,"79":false,"80":false,"81":false,"82":false,"83":false,"84":false,"85":false},"done":{"0":false,"1":false,"2":false,"3":false,"4":false,"5":false,"6":false,"7":false,"8":false,"9":false,"10":false,"11":false,"12":false,"13":false,"14":false,"15":false,"16":false,"17":false,"18":false,"19":false,"20":false,"21":false,"22":false,"23":false,"24":false,"25":false,"26":false,"27":false,"28":false,"29":false,"30":false,"31":false,"32":false,"33":false,"34":false,"35":false,"36":false,"37":false,"38":false,"39":false,"40":false,"41":false,"42":false,"43":false,"44":false,"45":false,"46":false,"47":false,"48":false,