{"x":{"0":148.0119476318,"1":148.0119476318,"2":148.0119476318,"3":148.0119476318,"4":148.0119476318,"5":148.0127563477,"6":148.0126953125,"7":148.0124206543,"8":148.0121917725,"9":148.0120849609,"10":148.0119934082,"11":148.0119628906,"12":148.011932373,"13":148.011932373,"14":148.0119171143,"15":148.0119171143,"16":148.0119171143,"17":148.0119171143,"18":148.0119171143,"19":148.0119171143,"20":148.0119171143,"21":148.0119171143,"22":148.0119171143,"23":148.0119171143,"24":148.0119171143,"25":148.0463409424,"26":148.1924591064,"27":148.4379882812,"28":148.7682342529,"29":149.1660003662,"30":149.6130218506,"31":150.0928039551,"32":150.5928649902,"33":151.1051940918,"34":151.6240844727,"35":152.1403503418,"36":152.6514434814,"37":153.1586303711,"38":153.6630706787,"39":154.1658325195,"40":154.6672973633,"41":155.1678161621,"42":155.6674804688,"43":156.1662902832,"44":156.6646575928,"45":157.1640930176,"46":157.6794586182,"47":158.209274292,"48":158.7509613037,"49":159.3029937744,"50":159.8642425537,"51":160.4340362549,"52":161.0118103027,"53":161.5973815918,"54":162.1904296875,"55":162.7905883789,"56":163.3979034424,"57":164.0118713379,"58":164.6322937012,"59":165.2587890625,"60":165.8916625977,"61":166.5306396484},"y":{"0":192.0910491943,"1":192.0910491943,"2":192.0910491943,"3":192.0910491943,"4":192.0910491943,"5":192.0910491943,"6":192.0909118652,"7":192.0908508301,"8":192.0908355713,"9":192.0908203125,"10":192.0908203125,"11":192.0907745361,"12":192.0907592773,"13":192.0907440186,"14":192.090713501,"15":192.090713501,"16":192.090713501,"17":192.090713501,"18":192.090713501,"19":192.090713501,"20":192.090713501,"21":192.090713501,"22":192.090713501,"23":192.090713501,"24":192.090713501,"25":192.0862884521,"26":192.066116333,"27":192.0277557373,"28":191.9700164795,"29":191.8948822021,"30":191.8062591553,"31":191.7074890137,"32":191.600402832,"33":191.4869689941,"34":191.368850708,"35":191.2494049072,"36":191.1283416748,"37":191.0058746338,"38":190.8827056885,"39":190.7599639893,"40":190.6370239258,"41":190.5138702393,"42":190.3904571533,"43":190.2668457031,"44":190.1445617676,"45":190.023223877,"46":189.8996276855,"47":189.7752227783,"48":189.6519927979,"49":189.5308685303,"50":189.4114990234,"51":189.2938842773,"52":189.1775360107,"53":189.0634460449,"54":188.9507598877,"55":188.8388061523,"56":188.7289276123,"57":188.6190032959,"58":188.5087127686,"59":188.3962860107,"60":188.2846679688,"61":188.1723632812},"z":{"0":1.2638585567,"1":1.1088317633,"2":0.8560168147,"3":0.5055116415,"4":0.1815201193,"5":0.1903313398,"6":0.2146959305,"7":0.2325963527,"8":0.2429852933,"9":0.2484170496,"10":0.2510930598,"11":0.252361089,"12":0.2529458106,"13":0.2530943155,"14":0.253228873,"15":0.2533186972,"16":0.2533689439,"17":0.2533854246,"18":0.2533984184,"19":0.2534076869,"20":0.2534129918,"21":0.2534149885,"22":0.2534162402,"23":0.2534162402,"24":0.2534178197,"25":0.252933085,"26":0.2520715296,"27":0.251598388,"28":0.2514733374,"29":0.2515949607,"30":0.2518664896,"31":0.2521998584,"32":0.2535015345,"33":0.2537311018,"34":0.2537682652,"35":0.2538622916,"36":0.2539278269,"37":0.2539552152,"38":0.2539609969,"39":0.2539562881,"40":0.2539490163,"41":0.2539410591,"42":0.2539360821,"43":0.2539332211,"44":0.2539317906,"45":0.2538960576,"46":0.2537362278,"47":0.2536689341,"48":0.2536589801,"49":0.2536711395,"50":0.2536881268,"51":0.2537044585,"52":0.2537176311,"53":0.2537283599,"54":0.2537358701,"55":0.2537418604,"56":0.2537470162,"57":0.2537505627,"58":0.2537537217,"59":0.2537564039,"60":0.2537592351,"61":0.2537620366},"yaw":{"0":-0.0464782715,"1":-0.0464782715,"2":-0.0464782715,"3":-0.0464782715,"4":-0.0464782715,"5":-0.0470275879,"6":-0.0469360389,"7":-0.046661377,"8":-0.0465393104,"9":-0.0464782752,"10":-0.0464477539,"11":-0.0464477539,"12":-0.0464477539,"13":-0.0464477539,"14":-0.0464477539,"15":-0.0464477539,"16":-0.0464477539,"17":-0.0464477539,"18":-0.0464477539,"19":-0.0464477539,"20":-0.0464477539,"21":-0.0464477539,"22":-0.0464477539,"23":-0.0464477539,"24":-0.0464477539,"25":-0.2312316597,"26":-1.0176390409,"27":-2.3496398926,"28":-4.0600295067,"29":-5.8596835136,"30":-7.4881982803,"31":-8.8426322937,"32":-9.948559761,"33":-10.835647583,"34":-11.5473194122,"35":-12.0751228333,"36":-12.521197319,"37":-12.8959550858,"38":-13.1872158051,"39":-13.374165535,"40":-13.5130500793,"41":-13.6220598221,"42":-13.7098588943,"43":-13.7820014954,"44":-13.782582283,"45":-13.7383308411,"46":-13.6466264725,"47":-13.4845161438,"48":-13.2298793793,"49":-12.8991575241,"50":-12.5504951477,"51":-12.1986885071,"52":-11.8713884354,"53":-11.5264759064,"54":-11.2091846466,"55":-10.9403238297,"56":-10.6506519318,"57":-10.4348611832,"58":-10.2816925049,"59":-10.2346029282,"60":-10.1329193115,"61":-10.0576925278},"c_route":{"0":false,"1":false,"2":false,"3":false,"4":false,"5":false,"6":false,"7":false,"8":false,"9":false,"10":false,"11":false,"12":false,"13":false,"14":false,"15":false,"16":false,"17":false,"18":false,"19":false,"20":false,"21":false,"22":false,"23":false,"24":false,"25":false,"26":false,"27":false,"28":false,"29":false,"30":false,"31":false,"32":false,"33":false,"34":false,"35":false,"36":false,"37":false,"38":false,"39":false,"40":false,"41":false,"42":false,"43":false,"44":false,"45":false,"46":false,"47":false,"48":false,"49":false,"50":false,"51":false,"52":false,"53":false,"54":false,"55":false,"56":false,"57":false,"58":false,"59":false,"60":false,"61":false},"done":{"0":false,"1":false,"2":false,"3":false,"4":false,"5":false,"6":false,"7":false,"8":false,"9":false,"10":false,"11":false,"12":false,"13":false,"14":false,"15":false,"16":false,"17":false,"18":false,"19":false,"20":false,"21":false,"22":false,"23":false,"24":false,"25":false,"26":false,"27":false,"28":false,"29":false,"30":false,"31":false,"32":false,"33":false,"34":false,"35":false,"36":false,"37":false,"38":false,"39":false,"40":false,"41":false,"42":false,"43":false,"44":false,"45":false,"46":false,"47":false,"48":false,"49":false,"50":false,"51":false,"52":false,"53":false,"54":false,"55":false,"56":false,"57":false,"58":false,"59":false,"60":false,"61":true},"route_completed_in_m":{"0":0.0,"1":0.0,"2":0.0,"3":0.0,"4":0.0,"5":0.0,"6":0.0,"7":0.0,"8":0.0,"9":0.0,"10":0.0,"11":0.0,"12":0.0,"13":0.0,"14":0.0,"15":0.0,"16":0.0,"17":0.0,"18":0.0,"19":0.0,"20":0.0,"21":0.0,"22":0.0,"23":0.0,"24":0.0,"25":1.0000001192,"26":1.0000001192,"27":1.0000001192,"28":2.0000002384,"29":2.0000002384,"30":2.0000002384,"31":3.0000003576,"32":4.0000004768,"33":4.0000004768,"34":5.000000596,"35":5.000000596,"36":6.0000007153,"37":6.0000007153,"38":7.0000008345,"39":7.0000008345,"40":8.0000009537,"41":8.0000009537,"42":9.0000010729,"43":9.0000010729,"44":10.0000011921,"45":10.0000011921,"46":11.0000013113,"47":11.0000013113,"48":12.0000014305,"49":12.0000014305,"50":13.0000015497,"51":13.0000015497,"52":14.0000016689,"53":15.0000017881,"54":15.0000017881,"55":16.0000019073,"56":16.0000019073,"57":17.0000020266,"58":18.0000021458,"59":18.0000021458,"60":19.000002265,"61":20.0000023842}}