{"x":{"0":87.217666626,"1":87.217666626,"2":87.217666626,"3":87.217666626,"4":87.217666626,"5":87.2167816162,"6":87.2168426514,"7":87.2171630859,"8":87.2173843384,"9":87.2175064087,"10":87.2175979614,"11":87.2176361084,"12":87.217666626,"13":87.217666626,"14":87.2176742554,"15":87.2176818848,"16":87.2176818848,"17":87.2176818848,"18":87.2176818848,"19":87.2176818848,"20":87.2176818848,"21":87.2176818848,"22":87.2176818848,"23":87.2176818848,"24":87.2176818848,"25":87.1823806763,"26":87.0322418213,"27":86.7793426514,"28":86.4392623901,"29":86.0298614502,"30":85.5701370239,"31":85.0762863159,"32":84.5608062744,"33":84.0320892334,"34":83.4970855713,"35":82.964263916,"36":82.4349975586,"37":81.9082489014,"38":81.383140564,"39":80.8591690063,"40":80.3359222412,"41":79.8125839233,"42":79.2891998291,"43":78.7658843994,"44":78.2427978516,"45":77.7189941406,"46":77.1809463501,"47":76.6302871704,"48":76.0705871582,"49":75.5040283203,"50":74.9303131104,"51":74.354309082,"52":73.7756576538,"53":73.1924591064,"54":72.6092453003},"y":{"0":303.017364502,"1":303.017364502,"2":303.017364502,"3":303.017364502,"4":303.017364502,"5":303.0176391602,"6":303.0177612305,"7":303.0177612305,"8":303.0177612305,"9":303.0177307129,"10":303.0177001953,"11":303.0177001953,"12":303.0177612305,"13":303.0177612305,"14":303.0177612305,"15":303.0177612305,"16":303.0177612305,"17":303.0177612305,"18":303.0177612305,"19":303.0177612305,"20":303.0177612305,"21":303.0177612305,"22":303.0177612305,"23":303.0177612305,"24":303.0177612305,"25":303.0170288086,"26":303.0135803223,"27":303.0054931641,"28":302.9880981445,"29":302.9582824707,"30":302.9122314453,"31":302.8505859375,"32":302.7743835449,"33":302.6866455078,"34":302.589050293,"35":302.4879150391,"36":302.3866577148,"37":302.2881774902,"38":302.1953430176,"39":302.1101989746,"40":302.0352478027,"41":301.9711608887,"42":301.9209594727,"43":301.8782043457,"44":301.8385925293,"45":301.7978820801,"46":301.7524108887,"47":301.701385498,"48":301.6414489746,"49":301.5700378418,"50":301.4876403809,"51":301.4023132324,"52":301.3008728027,"53":301.1895141602,"54":301.0820617676},"z":{"0":1.2638585567,"1":1.1088317633,"2":0.8560168147,"3":0.5055116415,"4":0.1815200746,"5":0.190328747,"6":0.2146996707,"7":0.2325975001,"8":0.2429845035,"9":0.2484159023,"10":0.2510920763,"11":0.2523605525,"12":0.2529454231,"13":0.2530940473,"14":0.2532286346,"15":0.2533185184,"16":0.2533688545,"17":0.2533854246,"18":0.253398478,"19":0.2534077764,"20":0.2534130514,"21":0.2534150183,"22":0.2534162402,"23":0.2534162402,"24":0.2534177601,"25":0.2529211342,"26":0.2520370483,"27":0.2515494227,"28":0.2514247,"29":0.2515503764,"30":0.2518272698,"31":0.2527933717,"32":0.2535018623,"33":0.2536101937,"34":0.2536847889,"35":0.2538058758,"36":0.2538869381,"37":0.2539274395,"38":0.2539458275,"39":0.2539546788,"40":0.2539584041,"41":0.2539534569,"42":0.2539547682,"43":0.2539468706,"44":0.2539390922,"45":0.2539036572,"46":0.253752619,"47":0.2536900938,"48":0.2536851764,"49":0.2537016869,"50":0.2712986171,"51":0.2777529955,"52":0.2789395452,"53":0.27909109,"54":0.2956418395},"yaw":{"0":-179.9739837646,"1":-179.9739837646,"2":-179.9739837646,"3":-179.9739837646,"4":-179.9739837646,"5":-179.9743499756,"6":-179.9742126465,"7":-179.9740447998,"8":-179.9739532471,"9":-179.9739379883,"10":-179.9739379883,"11":-179.9739379883,"12":-179.9739379883,"13":-179.9739379883,"14":-179.9739379883,"15":-179.9739379883,"16":-179.9739379883,"17":-179.9739379883,"18":-179.9739379883,"19":-179.9739379883,"20":-179.9739379883,"21":-179.9739379883,"22":-179.9739379883,"23":-179.9739379883,"24":-179.9739379883,"25":-179.9430236816,"26":-179.8118286133,"27":-179.5275726318,"28":-178.9597167969,"29":-178.0914611816,"30":-176.9011230469,"31":-175.5531768799,"32":-174.1663970947,"33":-172.8760375977,"34":-171.6955413818,"35":-170.7975769043,"36":-170.2034454346,"37":-169.918258667,"38":-169.9452362061,"39":-170.2504119873,"40":-170.8313751221,"41":-171.6239776611,"42":-172.6708526611,"43":-173.6223449707,"44":-174.3519134521,"45":-174.7769165039,"46":-174.914352417,"47":-174.8316802979,"48":-174.4655609131,"49":-173.8181762695,"50":-173.2127075195,"51":-172.392578125,"52":-171.4279785156,"53":-170.5185394287,"54":-169.2774658203},"c_route":{"0":false,"1":false,"2":false,"3":false,"4":false,"5":false,"6":false,"7":false,"8":false,"9":false,"10":false,"11":false,"12":false,"13":false,"14":false,"15":false,"16":false,"17":false,"18":false,"19":false,"20":false,"21":false,"22":false,"23":false,"24":false,"25":false,"26":false,"27":false,"28":false,"29":false,"30":false,"31":false,"32":false,"33":false,"34":false,"35":false,"36":false,"37":false,"38":false,"39":false,"40":false,"41":false,"42":false,"43":false,"44":false,"45":false,"46":false,"47":false,"48":false,"49":false,"50":false,"51":false,"52":false,"53":false,"54":false},"done":{"0":false,"1":false,"2":false,"3":false,"4":false,"5":false,"6":false,"7":false,"8":false,"9":false,"10":false,"11":false,"12":false,"13":false,"14":false,"15":false,"16":false,"17":false,"18":false,"19":false,"20":false,"21":false,"22":false,"23":false,"24":false,"25":false,"26":false,"27":false,"28":false,"29":false,"30":false,"31":false,"32":false,"33":false,"34":false,"35":false,"36":false,"37":false,"38":false,"39":false,"40":false,"41":false,"42":false,"43":false,"44":false,"45":false,"46":false,"47":false,"48":false,"49":false,"50":false,"51":false,"52":false,"53":false,"54":true},"route_completed_in_m":{"0":0.0,"1":0.0,"2":0.0,"3":0.0,"4":0.0,"5":0.0,"6":0.0,"7":0.0,"8":0.0,"9":0.0,"10":0.0,"11":0.0,"12":0.0,"13":0.0,"14":0.0,"15":0.0,"16":0.0,"17":0.0,"18":0.0,"19":0.0,"20":0.0,"21":0.0,"22":0.0,"23":0.0,"24":0.0,"25":0.0,"26":1.0,"27":1.0,"28":1.0,"29":2.0,"30":2.0,"31":3.0,"32":3.0,"33":4.0,"34":4.0,"35":5.0,"36":5.0,"37":6.0,"38":6.0,"39":7.0,"40":8.0,"41":8.0,"42":9.0,"43":9.0,"44":10.0,"45":10.0,"46":11.0,"47":11.0,"48":12.0,"49":12.0,"50":13.0,"51":14.0,"52":14.0,"53":15.0,"54":15.0}}