{"x":{"0":193.5444335938,"1":193.5444335938,"2":193.5444335938,"3":193.5444335938,"4":193.5444335938,"5":193.5441894531,"6":193.5440979004,"7":193.5440826416,"8":193.5440826416,"9":193.5440826416,"10":193.5441131592,"11":193.544052124,"12":193.5440368652,"13":193.5440368652,"14":193.5440216064,"15":193.5440216064,"16":193.5440216064,"17":193.5440216064,"18":193.5440063477,"19":193.5440063477,"20":193.5440063477,"21":193.5440063477,"22":193.5440063477,"23":193.5440063477,"24":193.5440063477,"25":193.5409393311,"26":193.5269165039,"27":193.5002441406,"28":193.4607696533,"29":193.4084320068,"30":193.3449554443,"31":193.2705383301,"32":193.1888427734,"33":193.0996398926,"34":193.0033569336,"35":192.9014587402,"36":192.7951507568,"37":192.684463501,"38":192.5693969727,"39":192.4458770752,"40":192.3146820068,"41":192.1756439209,"42":192.0296783447,"43":191.873260498,"44":191.7106170654,"45":191.5410766602,"46":191.3619689941,"47":191.1739044189,"48":190.9784545898,"49":190.7746276855,"50":190.5590515137,"51":190.3331604004},"y":{"0":233.4763946533,"1":233.4763946533,"2":233.4763946533,"3":233.4763946533,"4":233.4763946533,"5":233.4755554199,"6":233.4756011963,"7":233.4758758545,"8":233.4760894775,"9":233.4762420654,"10":233.4763183594,"11":233.4763793945,"12":233.4763946533,"13":233.4763946533,"14":233.4764251709,"15":233.4764251709,"16":233.4764251709,"17":233.4764251709,"18":233.4764251709,"19":233.4764251709,"20":233.4764251709,"21":233.4764251709,"22":233.4764251709,"23":233.4764251709,"24":233.4764251709,"25":233.4415435791,"26":233.2932739258,"27":233.0437316895,"28":232.7075958252,"29":232.3034667969,"30":231.8508300781,"31":231.3676300049,"32":230.8662414551,"33":230.3551635742,"34":229.8420410156,"35":229.3361816406,"36":228.8374938965,"37":228.3452148438,"38":227.8573913574,"39":227.3636016846,"40":226.8717498779,"41":226.3838500977,"42":225.8988494873,"43":225.4183197021,"44":224.9405670166,"45":224.4650268555,"46":223.9825134277,"47":223.4937133789,"48":223.0001831055,"49":222.5038299561,"50":222.0073242188,"51":221.5106201172},"z":{"0":1.263858676,"1":1.1088318825,"2":0.8560168147,"3":0.5055117011,"4":0.1815200448,"5":0.190328747,"6":0.2146972269,"7":0.2325973809,"8":0.2429856509,"9":0.2484172732,"10":0.2510930896,"11":0.2523611784,"12":0.2529458702,"13":0.2530943155,"14":0.2532287836,"15":0.2533186972,"16":0.2533689439,"17":0.2533854246,"18":0.2533984184,"19":0.2534076571,"20":0.2534129918,"21":0.2534149885,"22":0.2534162104,"23":0.2534162104,"24":0.2534178197,"25":0.2529268563,"26":0.2520530224,"27":0.2515713871,"28":0.2514433265,"29":0.2515752316,"30":0.2518642843,"31":0.252219528,"32":0.2535384297,"33":0.2537797093,"34":0.2538463473,"35":0.253939122,"36":0.2539900243,"37":0.254011184,"38":0.2537907362,"39":0.2538813055,"40":0.2539285123,"41":0.253939122,"42":0.2539385259,"43":0.2539428771,"44":0.2539394796,"45":0.2539181113,"46":0.2538147271,"47":0.2537681758,"48":0.2537604868,"49":0.2537699044,"50":0.2537866533,"51":0.2538003623},"yaw":{"0":-90.0097045898,"1":-90.0097045898,"2":-90.0097045898,"3":-90.0097045898,"4":-90.0097045898,"5":-90.0101242065,"6":-90.0100479126,"7":-90.0097503662,"8":-90.0097045898,"9":-90.0096435547,"10":-90.0096359253,"11":-90.0096359253,"12":-90.0096359253,"13":-90.0096359253,"14":-90.0096359253,"15":-90.0096359253,"16":-90.0096359253,"17":-90.0096359253,"18":-90.0096359253,"19":-90.0096359253,"20":-90.0096359253,"21":-90.0096359253,"22":-90.0096359253,"23":-90.0096359253,"24":-90.0096359253,"25":-90.138671875,"26":-90.6854629517,"27":-91.612449646,"28":-92.7717895508,"29":-94.032043457,"30":-95.2409286499,"31":-96.3918457031,"32":-97.3608627319,"33":-98.2413024902,"34":-99.0837097168,"35":-99.894569397,"36":-100.6387710571,"37":-101.3380355835,"38":-101.9952316284,"39":-102.6958694458,"40":-103.4727554321,"41":-104.31690979,"42":-105.1577911377,"43":-106.1501464844,"44":-107.0620117188,"45":-107.9414520264,"46":-108.7858581543,"47":-109.5891189575,"48":-110.3158798218,"49":-111.0497817993,"50":-111.9451522827,"51":-112.8819732666},"c_route":{"0":false,"1":false,"2":false,"3":false,"4":false,"5":false,"6":false,"7":false,"8":false,"9":false,"10":false,"11":false,"12":false,"13":false,"14":false,"15":false,"16":false,"17":false,"18":false,"19":false,"20":false,"21":false,"22":false,"23":false,"24":false,"25":false,"26":false,"27":false,"28":false,"29":false,"30":false,"31":false,"32":false,"33":false,"34":false,"35":false,"36":false,"37":false,"38":false,"39":false,"40":false,"41":false,"42":false,"43":false,"44":false,"45":false,"46":false,"47":false,"48":false,"49":false,"50":false,"51":false},"done":{"0":false,"1":false,"2":false,"3":false,"4":false,"5":false,"6":false,"7":false,"8":false,"9":false,"10":false,"11":false,"12":false,"13":false,"14":false,"15":false,"16":false,"17":false,"18":false,"19":false,"20":false,"21":false,"22":false,"23":false,"24":false,"25":false,"26":false,"27":false,"28":false,"29":false,"30":false,"31":false,"32":false,"33":false,"34":false,"35":false,"36":false,"37":false,"38":false,"39":false,"40":false,"41":false,"42":false,"43":false,"44":false,"45":false,"46":false,"47":false,"48":false,"49":false,"50":false,"51":true},"route_completed_in_m":{"0":1.2344843149,"1":1.2344843149,"2":1.2344843149,"3":1.2344843149,"4":1.2344843149,"5":1.2344843149,"6":1.2344843149,"7":1.2344843149,"8":1.2344843149,"9":1.2344843149,"10":1.2344843149,"11":1.2344843149,"12":1.2344843149,"13":1.2344843149,"14":1.2344843149,"15":1.2344843149,"16":1.2344843149,"17":1.2344843149,"18":1.2344843149,"19":1.2344843149,"20":1.2344843149,"21":1.2344843149,"22":1.2344843149,"23":1.2344843149,"24":1.2344843149,"25":1.2344843149,"26":1.2344843149,"27":1.2344843149,"28":3.1954371929,"29":3.1954371929,"30":3.1954371929,"31":3.1954371929,"32":3.1954371929,"33":4.1954371929,"34":5.1954371929,"35":5.1954371929,"36":6.1954371929,"37":6.1954371929,"38":6.1954371929,"39":7.1954371929,"40":7.1954371929,"41":8.1954371929,"42":8.1954371929,"43":9.1954371929,"44":9.1954371929,"45":10.1954371929,"46":10.1954371929,"47":11.1954371929,"48":11.1954371929,"49":12.1954371929,"50":12.1954371929,"51":13.1954371929}}