{"x":{"0":193.5528411865,"1":193.5528411865,"2":193.5528411865,"3":193.5528411865,"4":193.5528411865,"5":193.5526123047,"6":193.552520752,"7":193.5524902344,"8":193.5524749756,"9":193.5524749756,"10":193.5524902344,"11":193.552444458,"12":193.5524139404,"13":193.5524139404,"14":193.5523986816,"15":193.5523986816,"16":193.5523986816,"17":193.5523986816,"18":193.5523986816,"19":193.5523834229,"20":193.5523834229,"21":193.5523834229,"22":193.5523834229,"23":193.5523834229,"24":193.5523834229,"25":193.5489044189,"26":193.5330047607,"27":193.5025024414,"28":193.4547424316,"29":193.3893737793,"30":193.3097991943,"31":193.2194824219,"32":193.1222991943,"33":193.0222930908,"34":192.9192199707,"35":192.8139343262,"36":192.7071380615,"37":192.5998535156,"38":192.4906921387,"39":192.3808135986,"40":192.2719421387,"41":192.1654205322,"42":192.0609893799,"43":191.9599761963,"44":191.8633575439,"45":191.7698822021,"46":191.6741027832,"47":191.576965332,"48":191.481552124,"49":191.388671875,"50":191.2974243164,"51":191.2084197998,"52":191.1211853027,"53":191.0354003906,"54":190.9509277344,"55":190.8657226562,"56":190.7802429199,"57":190.6948242188,"58":190.6066589355,"59":190.5121765137,"60":190.410369873,"61":190.3017730713,"62":190.1893310547},"y":{"0":283.2315063477,"1":283.2315063477,"2":283.2315063477,"3":283.2315063477,"4":283.2315063477,"5":283.2306518555,"6":283.230682373,"7":283.2309570312,"8":283.2311706543,"9":283.2313537598,"10":283.2314147949,"11":283.2314758301,"12":283.2315063477,"13":283.2315063477,"14":283.2315063477,"15":283.2315063477,"16":283.2315063477,"17":283.2315063477,"18":283.2315063477,"19":283.2315063477,"20":283.2315063477,"21":283.2315063477,"22":283.2315063477,"23":283.2315063477,"24":283.2315063477,"25":283.1967468262,"26":283.049041748,"27":282.8006591797,"28":282.467010498,"29":282.0665283203,"30":281.6178588867,"31":281.1375427246,"32":280.6374816895,"33":280.1250610352,"34":279.6062011719,"35":279.0902709961,"36":278.5804138184,"37":278.0751647949,"38":277.5738830566,"39":277.0754089355,"40":276.5786437988,"41":276.0823364258,"42":275.5863952637,"43":275.0905456543,"44":274.5946960449,"45":274.097442627,"46":273.5851745605,"47":273.0595397949,"48":272.5229492188,"49":271.9769897461,"50":271.4227905273,"51":270.8610534668,"52":270.292388916,"53":269.7173156738,"54":269.1362304688,"55":268.5497131348,"56":267.9579162598,"57":267.3610534668,"58":266.7595825195,"59":266.154083252,"60":265.5445556641,"61":264.9306640625,"62":264.3116149902},"z":{"0":1.263858676,"1":1.1088318825,"2":0.8560168147,"3":0.5055117011,"4":0.1815200746,"5":0.1903288662,"6":0.2146973014,"7":0.2325975746,"8":0.2429858297,"9":0.2484173924,"10":0.2510931194,"11":0.2523612678,"12":0.2529459,"13":0.2530943155,"14":0.2532288432,"15":0.2533186376,"16":0.2533689439,"17":0.2533853948,"18":0.253398478,"19":0.2534076869,"20":0.2534129918,"21":0.2534149885,"22":0.2534162402,"23":0.2534162402,"24":0.2534177303,"25":0.2529284656,"26":0.2520580292,"27":0.2515795529,"28":0.251458019,"29":0.2515923977,"30":0.2518751919,"31":0.2522158325,"32":0.2535195053,"33":0.2537481189,"34":0.253780216,"35":0.2538731396,"36":0.2539430559,"37":0.2539736032,"38":0.2539814711,"39":0.2539768815,"40":0.2539665103,"41":0.2539517283,"42":0.253942132,"43":0.2539372444,"44":0.2539353967,"45":0.2539003193,"46":0.2537474036,"47":0.2536843717,"48":0.2536767423,"49":0.2536895573,"50":0.2537073493,"51":0.2537250221,"52":0.2537398338,"53":0.2537524402,"54":0.2537628412,"55":0.2537711561,"56":0.2537784576,"57":0.2537842393,"58":0.253787905,"59":0.2537899017,"60":0.2537892759,"61":0.253786236,"62":0.2537810504},"yaw":{"0":-90.009765625,"1":-90.009765625,"2":-90.009765625,"3":-90.009765625,"4":-90.009765625,"5":-90.0101776123,"6":-90.0101318359,"7":-90.0098495483,"8":-90.0097351074,"9":-90.0097122192,"10":-90.0096817017,"11":-90.0096359253,"12":-90.0096359253,"13":-90.0096359253,"14":-90.0096359253,"15":-90.0096359253,"16":-90.0096359253,"17":-90.0096359253,"18":-90.0096359253,"19":-90.0096359253,"20":-90.0096359253,"21":-90.0096359253,"22":-90.0096359253,"23":-90.0096359253,"24":-90.0096359253,"25":-90.1559677124,"26":-90.776550293,"27":-91.8398971558,"28":-93.2758407593,"29":-94.9110641479,"30":-96.4804153442,"31":-97.8413085938,"32":-98.9111328125,"33":-99.6499099731,"34":-100.2145233154,"35":-100.6819992065,"36":-101.088973999,"37":-101.4052200317,"38":-101.7126235962,"39":-101.9610824585,"40":-102.0981292725,"41":-102.1001434326,"42":-102.0260543823,"43":-101.8477935791,"44":-101.5631866455,"45":-101.2465286255,"46":-101.0176925659,"47":-100.8210296631,"48":-100.5462722778,"49":-100.2093582153,"50":-99.8815994263,"51":-99.5407791138,"52":-99.2189178467,"53":-98.9261627197,"54":-98.6632156372,"55":-98.5031204224,"56":-98.3877029419,"57":-98.2873001099,"58":-98.3082275391,"59":-98.5455627441,"60":-98.9460525513,"61":-99.4126586914,"62":-99.7950820923},"c_route":{"0":false,"1":false,"2":false,"3":false,"4":false,"5":false,"6":false,"7":false,"8":false,"9":false,"10":false,"11":false,"12":false,"13":false,"14":false,"15":false,"16":false,"17":false,"18":false,"19":false,"20":false,"21":false,"22":false,"23":false,"24":false,"25":false,"26":false,"27":false,"28":false,"29":false,"30":false,"31":false,"32":false,"33":false,"34":false,"35":false,"36":false,"37":false,"38":false,"39":false,"40":false,"41":false,"42":false,"43":false,"44":false,"45":false,"46":false,"47":false,"48":false,"49":false,"50":false,"51":false,"52":false,"53":false,"54":false,"55":false,"56":false,"57":false,"58":false,"59":false,"60":false,"61":false,"62":false},"done":{"0":false,"1":false,"2":false,"3":false,"4":false,"5":false,"6":false,"7":false,"8":false,"9":false,"10":false,"11":false,"12":false,"13":false,"14":false,"15":false,"16":false,"17":false,"18":false,"19":false,"20":false,"21":false,"22":false,"23":false,"24":false,"25":false,"26":false,"27":false,"28":false,"29":false,"30":false,"31":false,"32":false,"33":false,"34":false,"35":false,"36":false,"37":false,"38":false,"39":false,"40":false,"41":false,"42":false,"43":false,"44":false,"45":false,"46":false,"47":false,"48":false,"49":false,"50":false,"51":false,"52":false,"53":false,"54":false,"55":false,"56":false,"57":false,"58":false,"59":false,"60":false,"61":false,"62":true},"route_completed_in_m":{"0":1.0000002384,"1":1.0000002384,"2":1.0000002384,"3":1.0000002384,"4":1.0000002384,"5":1.0000002384,"6":1.0000002384,"7":1.0000002384,"8":1.0000002384,"9":1.0000002384,"10":1.0000002384,"11":1.0000002384,"12":1.0000002384,"13":1.0000002384,"14":1.0000002384,"15":1.0000002384,"16":1.0000002384,"17":1.0000002384,"18":1.0000002384,"19":1.0000002384,"20":1.0000002384,"21":1.0000002384,"22":1.0000002384,"23":1.0000002384,"24":1.0000002384,"25":1.0000002384,"26":1.0000002384,"27":2.0000004768,"28":2.0000004768,"29":2.0000004768,"30":3.0000007153,"31":3.0000007153,"32":4.0000009537,"33":4.0000009537,"34":5.0000011921,"35":6.0000014305,"36":6.0000014305,"37":7.0000016689,"38":7.0000016689,"39":8.0000019073,"40":8.0000019073,"41":8.0000019073,"42":9.0000021458,"43":9.0000021458,"44":10.0000023842,"45":10.0000023842,"46":11.0000026226,"47":12.000002861,"48":12.000002861,"49":13.0000030994,"50":13.0000030994,"51":14.0000033379,"52":14.0000033379,"53":15.0000035763,"54":16.0000038147,"55":16.0000038147,"56":17.0000040531,"57":17.0000040531,"58":18.0000042915,"59":19.00000453,"60":19.00000453,"61":20.0000047684,"62":20.0000047684}}