{"x":{"0":41.6950378418,"1":41.6950378418,"2":41.6950378418,"3":41.6950378418,"4":41.6950378418,"5":41.6953468323,"6":41.6954421997,"7":41.6954421997,"8":41.6954231262,"9":41.6954078674,"10":41.6954040527,"11":41.695400238,"12":41.6953964233,"13":41.695400238,"14":41.6954078674,"15":41.6954154968,"16":41.6954193115,"17":41.6954193115,"18":41.6954231262,"19":41.6954231262,"20":41.6954231262,"21":41.6954231262,"22":41.6954231262,"23":41.6954231262,"24":41.6954231262,"25":41.6972885132,"26":41.7057762146,"27":41.7220802307,"28":41.7462158203,"29":41.7779541016,"30":41.8162155151,"31":41.8600387573,"32":41.9081878662,"33":41.9600830078,"34":42.0139045715,"35":42.069065094,"36":42.1240997314,"37":42.1778640747,"38":42.2301025391,"39":42.2811508179,"40":42.3297386169,"41":42.3770980835,"42":42.4243202209,"43":42.4724807739,"44":42.5212898254,"45":42.5709609985,"46":42.6230964661,"47":42.6770782471,"48":42.7312355042,"49":42.7855567932,"50":42.8401069641,"51":42.8947029114,"52":42.9495239258,"53":43.0027236938,"54":43.0544433594,"55":43.1053314209,"56":43.156463623,"57":43.2074317932,"58":43.2557640076,"59":43.3019561768,"60":43.3448829651,"61":43.3848953247,"62":43.4216918945,"63":43.454334259,"64":43.4845161438,"65":43.5126495361,"66":43.5378417969,"67":43.5607032776,"68":43.5793190002,"69":43.5947265625,"70":43.6061477661,"71":43.6156539917,"72":43.6236801147,"73":43.6320419312,"74":43.6395797729,"75":43.6456832886,"76":43.6510429382,"77":43.6522483826,"78":43.6491394043,"79":43.6411857605,"80":43.6280059814,"81":43.6090583801,"82":43.5851745605,"83":43.5577964783,"84":43.527431488,"85":43.4936904907,"86":43.4536972046,"87":43.4077033997,"88":43.3546981812,"89":43.2951393127,"90":43.231010437,"91":43.1687431335,"92":43.1132278442,"93":43.0653762817,"94":43.023059845},"y":{"0":194.2197570801,"1":194.2197570801,"2":194.2197570801,"3":194.2197570801,"4":194.2197570801,"5":194.2205963135,"6":194.2205657959,"7":194.2202911377,"8":194.2200775146,"9":194.2199249268,"10":194.219833374,"11":194.2197875977,"12":194.2197570801,"13":194.2197570801,"14":194.2197418213,"15":194.2197418213,"16":194.2197418213,"17":194.2197418213,"18":194.2197418213,"19":194.2197418213,"20":194.2197418213,"21":194.2197418213,"22":194.2197418213,"23":194.2197418213,"24":194.2197418213,"25":194.2549133301,"26":194.4044494629,"27":194.6563262939,"28":194.9961853027,"29":195.4098052979,"30":195.8818969727,"31":196.3973388672,"32":196.9425354004,"33":197.506652832,"34":198.0824432373,"35":198.6641235352,"36":199.2447967529,"37":199.8221282959,"38":200.3965148926,"39":200.9681549072,"40":201.5375518799,"41":202.10597229,"42":202.6735534668,"43":203.2402038574,"44":203.8059539795,"45":204.3722686768,"46":204.9530639648,"47":205.5467681885,"48":206.1498718262,"49":206.7606201172,"50":207.3779907227,"51":208.0014190674,"52":208.6305999756,"53":209.2654876709,"54":209.9058685303,"55":210.5516967773,"56":211.2027282715,"57":211.8589477539,"58":212.520401001,"59":213.1870269775,"60":213.8587036133,"61":214.535369873,"62":215.2169342041,"63":215.9032745361,"64":216.59425354,"65":217.2897186279,"66":217.9895629883,"67":218.6935882568,"68":219.4017486572,"69":220.1138305664,"70":220.8297271729,"71":221.5493469238,"72":222.272644043,"73":222.9994812012,"74":223.7297821045,"75":224.4634857178,"76":225.2006378174,"77":225.9411468506,"78":226.6851196289,"79":227.4325561523,"80":228.1834716797,"81":228.9378662109,"82":229.6956939697,"83":230.4568634033,"84":231.2213287354,"85":231.9889221191,"86":232.7593536377,"87":233.5326080322,"88":234.3085479736,"89":235.0871582031,"90":235.8686218262,"91":236.653427124,"92":237.4417114258,"93":238.2334442139,"94":239.0285644531},"z":{"0":1.2638585567,"1":1.1088317633,"2":0.8560167551,"3":0.5055116415,"4":0.1815199256,"5":0.1903277487,"6":0.2146976441,"7":0.2325973064,"8":0.2429852188,"9":0.2484167367,"10":0.2510926127,"11":0.2523607612,"12":0.2529455423,"13":0.2530941069,"14":0.2532286346,"15":0.2533185184,"16":0.2533687949,"17":0.2533852756,"18":0.253398329,"19":0.2534075379,"20":0.2534128428,"21":0.2534148395,"22":0.2534160912,"23":0.2534160912,"24":0.2534176707,"25":0.2529228926,"26":0.2520420849,"27":0.2515558302,"28":0.2514182329,"29":0.2515010834,"30":0.2517185807,"31":0.2529862523,"32":0.2532688081,"33":0.2533819079,"34":0.2534969151,"35":0.2536233962,"36":0.253764987,"37":0.2538634539,"38":0.2539163232,"39":0.2539422512,"40":0.2539519966,"41":0.2539440095,"42":0.2539373636,"43":0.2539336383,"44":0.2539313436,"45":0.2538979948,"46":0.2537488937,"47":0.2536897361,"48":0.2536892295,"49":0.2537073791,"50":0.2537277043,"51":0.2537447214,"52":0.2537573576,"53":0.2537663281,"54":0.2537728548,"55":0.2537772357,"56":0.253780365,"57":0.2537827492,"58":0.253785193,"59":0.2537873387,"60":0.2537896931,"61":0.2537917197,"62":0.2537940145,"63":0.2537964284,"64":0.2537982464,"65":0.2538005412,"66":0.2538033724,"67":0.2538057566,"68":0.2538088858,"69":0.253811717,"70":0.2538146675,"71":0.253816396,"72":0.2538180351,"73":0.2538196743,"74":0.2538212836,"75":0.2538225949,"76":0.2538233101,"77":0.2538241446,"78":0.2538238764,"79":0.2538231313,"80":0.2538221776,"81":0.2538215518,"82":0.2538218498,"83":0.2538225949,"84":0.2538237274,"85":0.2538252473,"86":0.2538276911,"87":0.2538288832,"88":0.2538304031,"89":0.2538307011,"90":0.2538302243,"91":0.2538298368,"92":0.2538310885,"93":0.2538321316,"94":0.2538321912},"yaw":{"0":90.0249786377,"1":90.0249786377,"2":90.0249786377,"3":90.0249786377,"4":90.0249786377,"5":90.0245437622,"6":90.0246658325,"7":90.0248565674,"8":90.0249786377,"9":90.0250167847,"10":90.0250091553,"11":90.0250091553,"12":90.0250091553,"13":90.0250091553,"14":90.0250091553,"15":90.0250091553,"16":90.0250091553,"17":90.0250091553,"18":90.0250091553,"19":90.0250091553,"20":90.0250091553,"21":90.0250091553,"22":90.0250091553,"23":90.0250091553,"24":90.0250091553,"25":89.9463500977,"26":89.6121826172,"27":89.0412521362,"28":88.3285140991,"29":87.5723266602,"30":86.8713989258,"31":86.2725906372,"32":85.7884521484,"33":85.3911972046,"34":85.104675293,"35":84.8880615234,"36":84.7599411011,"37":84.7227096558,"38":84.7497634888,"39":84.8030700684,"40":84.9240570068,"41":85.0425415039,"42":85.1155166626,"43":85.1199417114,"44":85.0940628052,"45":85.0571899414,"46":84.982131958,"47":84.9053421021,"48":84.8862457275,"49":84.8958435059,"50":84.9151306152,"51":84.9460372925,"52":84.9747467041,"53":85.0741577148,"54":85.2078781128,"55":85.3326187134,"56":85.4088516235,"57":85.4735794067,"58":85.6286010742,"59":85.8144760132,"60":86.0574111938,"61":86.3169937134,"62":86.5943527222,"63":86.9164428711,"64":87.1940231323,"65":87.4280319214,"66":87.6737442017,"67":87.9003753662,"68":88.1895904541,"69":88.4712600708,"70":88.7754821777,"71":89.0097351074,"72":89.1874389648,"73":89.2655410767,"74":89.336517334,"75":89.430480957,"76":89.5086288452,"77":89.7102737427,"78":89.9843521118,"79":90.3096847534,"80":90.6747894287,"81":91.0780181885,"82":91.4652633667,"83":91.7849807739,"84":92.0494537354,"85":92.3019638062,"86":92.6620330811,"87":93.0662384033,"88":93.5264205933,"89":93.9943084717,"90":94.3842086792,"91":94.4802474976,"92":94.23878479,"93":93.805267334,"94":93.3747253418},"c_route":{"0":false,"1":false,"2":false,"3":false,"4":false,"5":false,"6":false,"7":false,"8":false,"9":false,"10":false,"11":false,"12":false,"13":false,"14":false,"15":false,"16":false,"17":false,"18":false,"19":false,"20":false,"21":false,"22":false,"23":false,"24":false,"25":false,"26":false,"27":false,"28":false,"29":false,"30":false,"31":false,"32":false,"33":false,"34":false,"35":false,"36":false,"37":false,"38":false,"39":false,"40":false,"41":false,"42":false,"43":false,"44":false,"45":false,"46":false,"47":false,"48":false,"49":false,"50":false,"51":false,"52":false,"53":false,"54":false,"55":false,"56":false,"57":false,"58":false,"59":false,"60":false,"61":false,"62":false,"63":false,"64":false,"65":false,"66":false,"67":false,"68":false,"69":false,"70":false,"71":false,"72":false,"73":false,