{"x":{"0":193.5528411865,"1":193.5528411865,"2":193.5528411865,"3":193.5528411865,"4":193.5528411865,"5":193.5526123047,"6":193.552520752,"7":193.5524902344,"8":193.5524749756,"9":193.5524749756,"10":193.5524902344,"11":193.552444458,"12":193.5524139404,"13":193.5524139404,"14":193.5523986816,"15":193.5523986816,"16":193.5523986816,"17":193.5523986816,"18":193.5523986816,"19":193.5523834229,"20":193.5523834229,"21":193.5523834229,"22":193.5523834229,"23":193.5523834229,"24":193.5523834229,"25":193.5489349365,"26":193.5332183838,"27":193.5034332275,"28":193.4580688477,"29":193.3975372314,"30":193.3250274658,"31":193.2442474365,"32":193.1577301025,"33":193.0685119629,"34":192.9783935547,"35":192.886428833,"36":192.7946472168,"37":192.7033538818,"38":192.6105499268,"39":192.5183105469,"40":192.428604126,"41":192.340927124,"42":192.2571105957,"43":192.1777954102,"44":192.1029052734,"45":192.0312652588,"46":191.9571685791,"47":191.8840789795,"48":191.8142089844,"49":191.7472686768,"50":191.6824035645,"51":191.6204376221,"52":191.5613250732,"53":191.5036621094,"54":191.4471282959,"55":191.391418457,"56":191.3339538574,"57":191.2738037109,"58":191.209564209,"59":191.1382446289,"60":191.0636749268,"61":190.9845123291,"62":190.8999176025,"63":190.8070068359,"64":190.7078094482,"65":190.60597229,"66":190.506942749,"67":190.4132843018,"68":190.3210296631,"69":190.2316741943},"y":{"0":283.2315063477,"1":283.2315063477,"2":283.2315063477,"3":283.2315063477,"4":283.2315063477,"5":283.2306518555,"6":283.230682373,"7":283.2309570312,"8":283.2311706543,"9":283.2313537598,"10":283.2314147949,"11":283.2314758301,"12":283.2315063477,"13":283.2315063477,"14":283.2315063477,"15":283.2315063477,"16":283.2315063477,"17":283.2315063477,"18":283.2315063477,"19":283.2315063477,"20":283.2315063477,"21":283.2315063477,"22":283.2315063477,"23":283.2315063477,"24":283.2315063477,"25":283.1967468262,"26":283.0489501953,"27":282.8007507324,"28":282.4692687988,"29":282.0744934082,"30":281.6354064941,"31":281.1678161621,"32":280.6828918457,"33":280.1873779297,"34":279.6850585938,"35":279.1813354492,"36":278.6840820312,"37":278.190826416,"38":277.6900634766,"39":277.1901245117,"40":276.6954345703,"41":276.2017822266,"42":275.7082519531,"43":275.2135009766,"44":274.7187194824,"45":274.2194519043,"46":273.6987304688,"47":273.1614685059,"48":272.6129760742,"49":272.0598144531,"50":271.5043640137,"51":270.9453735352,"52":270.3821716309,"53":269.8143615723,"54":269.2418823242,"55":268.6647338867,"56":268.0830383301,"57":267.4969787598,"58":266.9065856934,"59":266.3121337891,"60":265.7128601074,"61":265.1087646484,"62":264.4998474121,"63":263.8864746094,"64":263.2682800293,"65":262.6444702148,"66":262.0141296387,"67":261.3770141602,"68":260.7337036133,"69":260.0840454102},"z":{"0":1.263858676,"1":1.1088318825,"2":0.8560168147,"3":0.5055117011,"4":0.1815200746,"5":0.190328747,"6":0.2146973759,"7":0.2325976193,"8":0.2429858297,"9":0.2484173924,"10":0.2510932088,"11":0.252361089,"12":0.2529458106,"13":0.2530943155,"14":0.2532288432,"15":0.2533186376,"16":0.2533688545,"17":0.2533853352,"18":0.2533983588,"19":0.2534075975,"20":0.2534129322,"21":0.2534148991,"22":0.2534161806,"23":0.2534161806,"24":0.2534176111,"25":0.2529282272,"26":0.2520575523,"27":0.2515832782,"28":0.251483947,"29":0.2516456544,"30":0.2519482374,"31":0.2522930503,"32":0.252608031,"33":0.2537665069,"34":0.2540049255,"35":0.253991425,"36":0.2540216148,"37":0.2538540661,"38":0.2538931966,"39":0.2539395392,"40":0.2539772689,"41":0.2539616227,"42":0.2539480031,"43":0.2538377047,"44":0.2538088858,"45":0.2537444234,"46":0.2537103295,"47":0.2536537945,"48":0.2536640465,"49":0.253733784,"50":0.2537885308,"51":0.2538090944,"52":0.2538128495,"53":0.2538103163,"54":0.2538070679,"55":0.2538044751,"56":0.2538023293,"57":0.2538008392,"58":0.253799051,"59":0.2537972629,"60":0.2537924945,"61":0.2537883222,"62":0.2537840903,"63":0.2537817955,"64":0.2537783682,"65":0.2537743747,"66":0.2537710965,"67":0.2537701428,"68":0.2537690699,"69":0.2537690997},"yaw":{"0":-90.009765625,"1":-90.009765625,"2":-90.009765625,"3":-90.009765625,"4":-90.009765625,"5":-90.0101776123,"6":-90.0101318359,"7":-90.0098495483,"8":-90.0097351074,"9":-90.0097122192,"10":-90.0096817017,"11":-90.0096740723,"12":-90.0096740723,"13":-90.0096740723,"14":-90.0096740723,"15":-90.0096740723,"16":-90.0096740723,"17":-90.0096740723,"18":-90.0096740723,"19":-90.0096740723,"20":-90.0096740723,"21":-90.0096740723,"22":-90.0096740723,"23":-90.0096740723,"24":-90.0096740723,"25":-90.1544113159,"26":-90.7689285278,"27":-91.8049850464,"28":-93.1579055786,"29":-94.6481552124,"30":-96.0553970337,"31":-97.2415008545,"32":-98.1856613159,"33":-98.8613357544,"34":-99.306312561,"35":-99.6812515259,"36":-99.9580154419,"37":-100.0999298096,"38":-100.2198257446,"39":-100.294631958,"40":-100.2871780396,"41":-100.2068557739,"42":-100.0054702759,"43":-99.6980667114,"44":-99.317237854,"45":-98.9281158447,"46":-98.6394348145,"47":-98.3129272461,"48":-97.9081954956,"49":-97.5188903809,"50":-97.1846694946,"51":-96.8478469849,"52":-96.510017395,"53":-96.2262115479,"54":-95.9909133911,"55":-95.7969360352,"56":-95.7300338745,"57":-95.7809524536,"58":-95.9520874023,"59":-96.3145828247,"60":-96.6352157593,"61":-96.9796905518,"62":-97.3680496216,"63":-97.8962097168,"64":-98.4193572998,"65":-98.7870864868,"66":-98.8443984985,"67":-98.627281189,"68":-98.4126052856,"69":-98.1460571289},"c_route":{"0":false,"1":false,"2":false,"3":false,"4":false,"5":false,"6":false,"7":false,"8":false,"9":false,"10":false,"11":false,"12":false,"13":false,"14":false,"15":false,"16":false,"17":false,"18":false,"19":false,"20":false,"21":false,"22":false,"23":false,"24":false,"25":false,"26":false,"27":false,"28":false,"29":false,"30":false,"31":false,"32":false,"33":false,"34":false,"35":false,"36":false,"37":false,"38":false,"39":false,"40":false,"41":false,"42":false,"43":false,"44":false,"45":false,"46":false,"47":false,"48":false,"49":false,"50":false,"51":false,"52":false,"53":false,"54":false,"55":false,"56":false,"57":false,"58":false,"59":false,"60":false,"61":false,"62":false,"63":false,"64":false,"65":false,"66":false,"67":false,"68":false,"69":false},"done":{"0":false,"1":false,"2":false,"3":false,"4":false,"5":false,"6":false,"7":false,"8":false,"9":false,"10":false,"11":false,"12":false,"13":false,"14":false,"15":false,"16":false,"17":false,"18":false,"19":false,"20":false,"21":false,"22":false,"23":false,"24":false,"25":false,"26":false,"27":false,"28":false,"29":false,"30":false,"31":false,"32":false,"33":false,"34":false,"35":false,"36":false,"37":false,"38":false,"39":false,"40":false,"41":false,"42":false,"43":false,"44":false,"45":false,"46":false,"47":false,"48":false,"49":false,"50":false,"51":false,"52":false,"53":false,"54":false,"55":false,"56":false,"57":false,"58":false,"59":false,"60":false,"61":false,"62":false,"63":false,"64":false,"65":false,"66":false,"67":false,"68":false,"69":true},"route_completed_in_m":{"0":1.0000002384,"1":1.0000002384,"2":1.0000002384,"3":1.0000002384,"4":1.0000002384,"5":1.0000002384,"6":1.0000002384,"7":1.0000002384,"8":1.0000002384,"9":1.0000002384,"10":1.0000002384,"11":1.0000002384,"12":1.0000002384,"13":1.0000002384,"14":1.0000002384,"15":1.0000002384,"16":1.0000002384,"17":1.0000002384,"18":1.0000002384,"19":1.0000002384,"20":1.0000002384,"21":1.0000002384,"22":1.0000002384,"23":1.0000002384,"24":1.0000002384,"25":1.0000002384,"26":1.0000002384,"27":2.0000004768,"28":2.0000004768,"29":2.0000004768,"30":3.0000007153,"31":3.0000007153,"32":4.0000009537,"33":4.0000009537,"34":5.0000011921,"35":5.0000011921,"36":6.0000014305,"37":6.0000014305,"38":7.0000016689,"39":7.0000016689,"40":8.0000019073,"41":8.0000019073,"42":9.0000021458,"43":9.0000021458,"44":10.0000023842,"45":10.0000023842,"46":11.0000026226,"47":11.0000026226,"48":12.000002861,"49":13.0000030994,"50":13.0000030994,"51":14.0000033379,"52":14.0000033379,"53":15.0000035763,"54":15.0000035763,"55":16.0000038147,