{"x":{"0":132.0171356201,"1":132.0171356201,"2":132.0171356201,"3":132.0171356201,"4":132.0171356201,"5":132.0174713135,"6":132.0175476074,"7":132.0175323486,"8":132.0175018311,"9":132.0175018311,"10":132.0174865723,"11":132.0174713135,"12":132.0174713135,"13":132.0174865723,"14":132.0175018311,"15":132.0175018311,"16":132.0175018311,"17":132.0175018311,"18":132.0175018311,"19":132.0175018311,"20":132.0175018311,"21":132.0175018311,"22":132.0175018311,"23":132.0175018311,"24":132.0175018311,"25":132.018951416,"26":132.0254669189,"27":132.0369415283,"28":132.0523223877,"29":132.0719604492,"30":132.095703125,"31":132.1221008301,"32":132.15184021,"33":132.1845245361,"34":132.2179107666,"35":132.251739502,"36":132.2848815918,"37":132.3188781738,"38":132.3538818359,"39":132.3893585205,"40":132.42578125,"41":132.4631195068,"42":132.501083374,"43":132.5419921875,"44":132.5842590332,"45":132.6287536621,"46":132.6764678955,"47":132.7278289795,"48":132.7814483643,"49":132.8353881836,"50":132.8879241943,"51":132.9387207031,"52":132.9873962402,"53":133.0331115723,"54":133.0737915039,"55":133.1083679199,"56":133.1348876953,"57":133.1516418457,"58":133.1597747803,"59":133.1580657959,"60":133.1510925293,"61":133.1385345459,"62":133.1235198975,"63":133.1083984375,"64":133.0933532715,"65":133.0799255371,"66":133.0682220459,"67":133.0607452393,"68":133.0646209717,"69":133.0819091797,"70":133.1117401123,"71":133.1554870605,"72":133.211227417,"73":133.2784729004,"74":133.3589477539,"75":133.4578552246,"76":133.5771026611,"77":133.7217712402,"78":133.9025726318,"79":134.1337127686,"80":134.427444458,"81":134.7850494385,"82":135.1974334717},"y":{"0":196.5528259277,"1":196.5528259277,"2":196.5528259277,"3":196.5528259277,"4":196.5528259277,"5":196.5536651611,"6":196.5536346436,"7":196.5533599854,"8":196.5531158447,"9":196.5529632568,"10":196.5528869629,"11":196.5528259277,"12":196.5528106689,"13":196.5528106689,"14":196.5527954102,"15":196.5527954102,"16":196.5527954102,"17":196.5527954102,"18":196.5527954102,"19":196.5527954102,"20":196.5527954102,"21":196.5527954102,"22":196.5527954102,"23":196.5527954102,"24":196.5527954102,"25":196.5880279541,"26":196.7378540039,"27":196.9903869629,"28":197.3309173584,"29":197.7429656982,"30":198.2090606689,"31":198.713104248,"32":199.2417907715,"33":199.7855682373,"34":200.337600708,"35":200.8887023926,"36":201.4358520508,"37":201.9795837402,"38":202.520324707,"39":203.0584716797,"40":203.5942687988,"41":204.1289367676,"42":204.6627502441,"43":205.195526123,"44":205.7273712158,"45":206.2597808838,"46":206.8062591553,"47":207.3648223877,"48":207.9324798584,"49":208.5076904297,"50":209.0895996094,"51":209.6776885986,"52":210.2716369629,"53":210.8712768555,"54":211.4765930176,"55":212.0875549316,"56":212.7041015625,"57":213.3261413574,"58":213.9536437988,"59":214.5863189697,"60":215.2243347168,"61":215.8674621582,"62":216.5157318115,"63":217.1691589355,"64":217.8276519775,"65":218.4912414551,"66":219.1598052979,"67":219.8333129883,"68":220.5113983154,"69":221.1938476562,"70":221.8804779053,"71":222.5708770752,"72":223.2649383545,"73":223.9623413086,"74":224.6624603271,"75":225.3637084961,"76":226.0650482178,"77":226.7639770508,"78":227.4544219971,"79":228.1249389648,"80":228.7599182129,"81":229.3509063721,"82":229.9023132324},"z":{"0":1.263858676,"1":1.1088318825,"2":0.8560168147,"3":0.5055117011,"4":0.1815201491,"5":0.1903277934,"6":0.2146984041,"7":0.2325977981,"8":0.2429855615,"9":0.2484169304,"10":0.251092881,"11":0.25236094,"12":0.2529458702,"13":0.2530943155,"14":0.253228873,"15":0.2533187866,"16":0.2533690631,"17":0.2533855736,"18":0.253398627,"19":0.2534077764,"20":0.253413111,"21":0.2534150779,"22":0.2534163296,"23":0.2534173429,"24":0.2534173429,"25":0.2529225051,"26":0.2520403564,"27":0.2515516877,"28":0.2514183223,"29":0.2515272498,"30":0.2517807186,"31":0.2529071271,"32":0.2534279525,"33":0.2535372376,"34":0.2536273599,"35":0.2537685335,"36":0.2538694739,"37":0.2539224327,"38":0.2539474666,"39":0.2539581358,"40":0.2539601028,"41":0.2539489567,"42":0.2539407015,"43":0.25393641,"44":0.2539337575,"45":0.2538996935,"46":0.2537560165,"47":0.253700316,"48":0.2536979318,"49":0.2537139952,"50":0.2537330091,"51":0.2537495494,"52":0.2537623644,"53":0.2537712455,"54":0.253777802,"55":0.2537823915,"56":0.2537859976,"57":0.2537892759,"58":0.253790468,"59":0.2537929118,"60":0.2537911534,"61":0.2537911236,"62":0.2537897825,"63":0.2537889183,"64":0.2537889183,"65":0.2537889481,"66":0.2537894845,"67":0.253790617,"68":0.2537953556,"69":0.2537994087,"70":0.2538024485,"71":0.2538070381,"72":0.253809005,"73":0.2538116872,"74":0.253816098,"75":0.2538259327,"76":0.2538362443,"77":0.2538553476,"78":0.2538995445,"79":0.2539946735,"80":0.2541343868,"81":0.2542367578,"82":0.2542547584},"yaw":{"0":90.1614685059,"1":90.1614685059,"2":90.1614685059,"3":90.1614685059,"4":90.1614685059,"5":90.1610412598,"6":90.1611709595,"7":90.1613769531,"8":90.1614685059,"9":90.1615142822,"10":90.1615066528,"11":90.1615066528,"12":90.1615066528,"13":90.1615066528,"14":90.1615066528,"15":90.1615066528,"16":90.1615066528,"17":90.1615066528,"18":90.1615066528,"19":90.1615066528,"20":90.1615066528,"21":90.1615066528,"22":90.1615066528,"23":90.1615066528,"24":90.1615066528,"25":90.0970687866,"26":89.8260498047,"27":89.4091186523,"28":88.951751709,"29":88.4869766235,"30":88.0481796265,"31":87.6953353882,"32":87.3707809448,"33":87.074005127,"34":86.8729400635,"35":86.7317962646,"36":86.6589660645,"37":86.5707473755,"38":86.4688034058,"39":86.3793869019,"40":86.2813110352,"41":86.180770874,"42":86.0894241333,"43":85.9135971069,"44":85.7458114624,"45":85.5563812256,"46":85.3523864746,"47":85.1204986572,"48":84.9195251465,"49":84.8112869263,"50":84.8243865967,"51":84.9219741821,"52":85.0836257935,"53":85.3146362305,"54":85.6656112671,"55":86.1269836426,"56":86.725982666,"57":87.4671554565,"58":88.2413101196,"59":89.0752487183,"60":89.7582702637,"61":90.3614425659,"62":90.7938537598,"63":91.0341186523,"64":91.1588287354,"65":91.1596298218,"66":91.0865631104,"67":90.8778533936,"68":90.3140716553,"69":89.4785461426,"70":88.5402069092,"71":87.5008621216,"72":86.4867401123,"73":85.5150604248,"74":84.4992675781,"75":83.2563095093,"76":81.8162460327,"77":80.0705795288,"78":77.7052536011,"79":74.3456115723,"80":69.7933731079,"81":64.4113311768,"82":58.9522323608},"c_route":{"0":false,"1":false,"2":false,"3":false,"4":false,"5":false,"6":false,"7":false,"8":false,"9":false,"10":false,"11":false,"12":false,"13":false,"14":false,"15":false,"16":false,"17":false,"18":false,"19":false,"20":false,"21":false,"22":false,"23":false,"24":false,"25":false,"26":false,"27":false,"28":false,"29":false,"30":false,"31":false,"32":false,"33":false,"34":false,"35":false,"36":false,"37":false,"38":false,"39":false,"40":false,"41":false,"42":false,"43":false,"44":false,"45":false,"46":false,"47":false,"48":false,"49":false,"50":false,"51":false,"52":false,"53":false,"54":false,"55":false,"56":false,"57":false,"58":false,"59":false,"60":false,"61":false,"62":false,"63":false,"64":false,"65":false,"66":false,"67":false,"68":false,"69":false,"70":false,"71":false,"72":false,"73":false,"74":false,"75":false,"76":false,"77":false,"78":false,"79":false,"80":false,"81":false,"82":false},"done":{"0":false,"1":false,"2":false,"3":false,"4":false,"5":false,"6":false,"7":false,"8":false,"9":false,"10":false,"11":false,"12":false,"13":false,"14":false,"15":false,"16":false,"17":false,"18":false,"19":false,"20":false,"21":false,"22":false,"23":false,"24":false,"25":false,"26":false,"27":false,"28":false,"29":false,"30":false,"31":false,"32":false,"33":false,"34":false,"35":false,"36":false,"37":false,"38":false,"39":false,"40":false,"41":false,"42":false,"43":false,"44":false,"45":false,"46":false,"47":false,"48":false,"49":false,"50":false,"51":false,"52":false,"53":false,"54":false,"55":false,"56":false,"57":false,"58":false,"59":false,"60":false,"61":false,"62":false,"63":false,"64":false,"65":false,"66":false,