{"x":{"0":45.6946372986,"1":45.6946372986,"2":45.6946372986,"3":45.6946372986,"4":45.6946372986,"5":45.6945343018,"6":45.6944274902,"7":45.6943359375,"8":45.6942863464,"9":45.6942558289,"10":45.6942405701,"11":45.6942329407,"12":45.6942367554,"13":45.6942329407,"14":45.6942214966,"15":45.6942176819,"16":45.6942138672,"17":45.6942138672,"18":45.6942062378,"19":45.6942062378,"20":45.6942062378,"21":45.6942062378,"22":45.6942062378,"23":45.6942062378,"24":45.6942062378,"25":45.697063446,"26":45.708656311,"27":45.7268638611,"28":45.7484741211,"29":45.7704467773,"30":45.7919845581,"31":45.8130645752,"32":45.8339920044,"33":45.8550033569,"34":45.8755760193,"35":45.8947563171,"36":45.9134407043,"37":45.9327812195,"38":45.9518318176,"39":45.9708442688,"40":45.9874610901,"41":46.0023880005,"42":46.016292572,"43":46.0301551819,"44":46.0434608459,"45":46.056186676,"46":46.0695533752,"47":46.0833892822,"48":46.0978164673,"49":46.1127281189,"50":46.1279640198,"51":46.1431465149,"52":46.1581382751,"53":46.172996521,"54":46.1889915466,"55":46.205783844,"56":46.2225723267,"57":46.2396430969,"58":46.2569847107,"59":46.2753257751,"60":46.2940673828,"61":46.3147773743,"62":46.336479187,"63":46.3578605652,"64":46.3789138794,"65":46.4019813538,"66":46.4275131226,"67":46.455696106,"68":46.4856491089,"69":46.5160598755,"70":46.547542572,"71":46.5820503235,"72":46.6196784973,"73":46.6593360901,"74":46.7016448975,"75":46.745552063,"76":46.7917137146,"77":46.8406295776,"78":46.891330719,"79":46.9406013489,"80":46.9839820862,"81":47.0339736938,"82":47.0846099854,"83":47.134513855,"84":47.183807373,"85":47.2339630127,"86":47.2789726257,"87":47.3134651184,"88":47.3603897095,"89":47.4070625305,"90":47.4512290955,"91":47.4957504272,"92":47.5378227234,"93":47.5743141174,"94":47.6159172058,"95":47.6618690491,"96":47.7143287659,"97":47.776714325,"98":47.8506355286,"99":47.9333877563,"100":48.020652771,"101":48.1057739258},"y":{"0":285.5375671387,"1":285.5375671387,"2":285.5375671387,"3":285.5375671387,"4":285.5375671387,"5":285.5366821289,"6":285.5367736816,"7":285.5370178223,"8":285.5372924805,"9":285.5374450684,"10":285.5375366211,"11":285.5375976562,"12":285.5375976562,"13":285.5375976562,"14":285.5376281738,"15":285.5376281738,"16":285.5376281738,"17":285.5376281738,"18":285.5376281738,"19":285.5376281738,"20":285.5376281738,"21":285.5376281738,"22":285.5376281738,"23":285.5376281738,"24":285.5376281738,"25":285.5045776367,"26":285.378112793,"27":285.1930541992,"28":284.9748840332,"29":284.7374572754,"30":284.4876403809,"31":284.2290344238,"32":283.9632873535,"33":283.69140625,"34":283.413848877,"35":283.1309204102,"36":282.8429870605,"37":282.5502929688,"38":282.2529602051,"39":281.9512329102,"40":281.6452026367,"41":281.3351745605,"42":281.021270752,"43":280.7037353516,"44":280.3826599121,"45":280.0581054688,"46":279.7303161621,"47":279.3994140625,"48":279.0655517578,"49":278.7289123535,"50":278.3895568848,"51":278.0476379395,"52":277.7033691406,"53":277.356842041,"54":277.0081176758,"55":276.6571960449,"56":276.3041381836,"57":275.9490661621,"58":275.5919189453,"59":275.2328796387,"60":274.8719787598,"61":274.5094299316,"62":274.1451721191,"63":273.7791442871,"64":273.4114685059,"65":273.0422058105,"66":272.6714477539,"67":272.2992553711,"68":271.9257202148,"69":271.5507507324,"70":271.1745605469,"71":270.797454834,"72":270.4195251465,"73":270.0406494141,"74":269.6609802246,"75":269.2803649902,"76":268.8989562988,"77":268.5168151855,"78":268.133972168,"79":267.7493591309,"80":267.3653564453,"81":266.9836120605,"82":266.6015930176,"83":266.2188110352,"84":265.8352661133,"85":265.451171875,"86":265.0673828125,"87":264.6860351562,"88":264.3022460938,"89":263.9164733887,"90":263.529083252,"91":263.140411377,"92":262.7500610352,"93":262.3579406738,"94":261.9653320312,"95":261.5721740723,"96":261.1792602539,"97":260.7877807617,"98":260.3985595703,"99":260.0108032227,"100":259.6235046387,"101":259.2350769043},"z":{"0":1.2638585567,"1":1.1088317633,"2":0.8560166955,"3":0.5055115819,"4":0.1815200001,"5":0.1903316081,"6":0.214699775,"7":0.2325958163,"8":0.2429826707,"9":0.2484146506,"10":0.2510913014,"11":0.2523599863,"12":0.2529450953,"13":0.2530938685,"14":0.2532285154,"15":0.253318429,"16":0.2533688247,"17":0.2533854246,"18":0.253398478,"19":0.2534076273,"20":0.253412962,"21":0.2534149587,"22":0.2534162402,"23":0.2534162402,"24":0.2534177601,"25":0.2529569864,"26":0.2522938848,"27":0.2521585524,"28":0.2523433268,"29":0.2526086271,"30":0.2528402507,"31":0.2530079484,"32":0.2531187236,"33":0.2531886101,"34":0.2532315254,"35":0.2532582879,"36":0.253275305,"37":0.2532861531,"38":0.2532940209,"39":0.2533001602,"40":0.2533065379,"41":0.2533118725,"42":0.2533165216,"43":0.2533203959,"44":0.253323853,"45":0.2533269525,"46":0.2533296943,"47":0.2533326149,"48":0.2533359528,"49":0.25333938,"50":0.2533428967,"51":0.2533462942,"52":0.2533495724,"53":0.2533524334,"54":0.2533547878,"55":0.2533563673,"56":0.2533577979,"57":0.2533589602,"58":0.2533600628,"59":0.2533616126,"60":0.2533633411,"61":0.253365308,"62":0.2533667386,"63":0.2533676028,"64":0.2533684969,"65":0.2533690631,"66":0.2533696294,"67":0.2533708811,"68":0.2533724904,"69":0.2533738911,"70":0.2533759177,"71":0.2533785105,"72":0.2533807456,"73":0.2533819079,"74":0.2533830702,"75":0.2533833683,"76":0.2533838451,"77":0.2533851564,"78":0.2533862591,"79":0.2596108913,"80":0.2715213597,"81":0.2760996819,"82":0.2777742445,"83":0.2783602774,"84":0.2785540819,"85":0.2786138058,"86":0.2825859785,"87":0.2970460951,"88":0.3022191823,"89":0.3041552007,"90":0.3049143553,"91":0.305224359,"92":0.3053463399,"93":0.3053981662,"94":0.3054361939,"95":0.3054415882,"96":0.3054493368,"97":0.3054599762,"98":0.3052059114,"99":0.3051583171,"100":0.3051570952,"101":0.3051579893},"yaw":{"0":-89.9750366211,"1":-89.9750366211,"2":-89.9750366211,"3":-89.9750366211,"4":-89.9750366211,"5":-89.9752731323,"6":-89.975189209,"7":-89.9750366211,"8":-89.9750366211,"9":-89.9750366211,"10":-89.9750442505,"11":-89.9750366211,"12":-89.9750366211,"13":-89.9750366211,"14":-89.9750366211,"15":-89.9750366211,"16":-89.9750366211,"17":-89.9750366211,"18":-89.9750366211,"19":-89.9750366211,"20":-89.9750366211,"21":-89.9750366211,"22":-89.9750366211,"23":-89.9750366211,"24":-89.9750366211,"25":-89.8567581177,"26":-89.4039306641,"27":-88.7630691528,"28":-88.1069869995,"29":-87.5641403198,"30":-87.1462402344,"31":-86.833732605,"32":-86.5956344604,"33":-86.4109420776,"34":-86.2912902832,"35":-86.2612838745,"36":-86.2671432495,"37":-86.2572555542,"38":-86.2729721069,"39":-86.2978134155,"40":-86.4225463867,"41":-86.5951461792,"42":-86.7778930664,"43":-86.9310913086,"44":-87.0807113647,"45":-87.2272644043,"46":-87.3220748901,"47":-87.3841247559,"48":-87.4151306152,"49":-87.4259872437,"50":-87.4263916016,"51":-87.4333496094,"52":-87.4506149292,"53":-87.4727630615,"54":-87.448425293,"55":-87.4037780762,"56":-87.3742980957,"57":-87.3444747925,"58":-87.3144760132,"59":-87.2563476562,"60":-87.2010574341,"61":-87.0850753784,"62":-86.9641723633,"63":-86.8899536133,"64":-86.8498840332,"65":-86.7430953979,"66":-86.5715942383,"67":-86.3448867798,"68":-86.1117248535,"69":-85.9247360229,"70":-85.7465209961,"71":-85.4979782104,"72":-85.1958847046,"73":-84.8973922729,"74":-84.5762710571,"75":-84.2810974121,"76":-83.977722168,"77":-83.6493530273,"78":-83.3418502808,"79":-83.3124389648,"80":-83.2523727417,"81":-83.0160369873,"82":-82.8629989624,"83":-82.7927398682,"84":-82.7710418701,"85":-82.7250518799,"86":-82.666557312,"87":-82.3841400146,"88":-82.4485855103,"89":-82.6086883545,"90":-82.8389053345,"91":-82.9996871948,"92":-83.2227020264,"93":-83.6105575562,"94":-83.6929626465,"95":-83.5914154053,"96":-83.2678070068,"97":-82.6436920166,"98":-81.7361068726,"99":-80.7309341431,"100":-79.8233337402,"101":-79.2522354126},"c_route":{"0":false,"1":false,"2":false,"3":false,"4":false,"5":false,"6":false,"7":false,"8":false,"9":false,"10":false,"11":false,"12":false,"13":false,"14":false,"15":false,"16":false,