{"x":{"0":38.8513336182,"1":38.8513336182,"2":38.8513336182,"3":38.8513336182,"4":38.8513336182,"5":38.8504257202,"6":38.8504867554,"7":38.8507995605,"8":38.8510246277,"9":38.8511581421,"10":38.8512268066,"11":38.8512649536,"12":38.8512916565,"13":38.8512992859,"14":38.8513069153,"15":38.85131073,"16":38.85131073,"17":38.85131073,"18":38.85131073,"19":38.8513145447,"20":38.8513145447,"21":38.8513145447,"22":38.8513145447,"23":38.8513145447,"24":38.8513145447,"25":38.8186035156,"26":38.6927490234,"27":38.5072364807,"28":38.2878341675,"29":38.0492324829,"30":37.7983093262,"31":37.5388031006,"32":37.2727661133,"33":37.0008964539,"34":36.7242736816,"35":36.443862915,"36":36.1599197388,"37":35.871925354,"38":35.5797271729,"39":35.2836112976,"40":34.983921051,"41":34.6807746887,"42":34.3742103577,"43":34.0644607544,"44":33.7518920898,"45":33.4368438721,"46":33.120010376,"47":32.8007736206,"48":32.4786376953,"49":32.1537857056,"50":31.8267555237,"51":31.4969711304,"52":31.164358139,"53":30.8290176392,"54":30.4909324646,"55":30.1498851776,"56":29.805562973,"57":29.4582920074,"58":29.1087093353,"59":28.7570381165,"60":28.4033050537,"61":28.051279068,"62":27.6988143921,"63":27.3450927734,"64":26.990524292,"65":26.6346912384,"66":26.2773036957,"67":25.9193916321,"68":25.5639781952,"69":25.205499649,"70":24.8438568115,"71":24.4800262451,"72":24.1137199402,"73":23.7448940277,"74":23.3743801117,"75":23.0038661957,"76":22.6332740784,"77":22.262468338,"78":21.8893680573,"79":21.5224094391,"80":21.1586418152,"81":20.7943134308,"82":20.4323043823,"83":20.0731716156,"84":19.714756012,"85":19.3599662781,"86":19.0095043182,"87":18.6585636139},"y":{"0":188.2283325195,"1":188.2283325195,"2":188.2283325195,"3":188.2283325195,"4":188.2283325195,"5":188.2280273438,"6":188.2281646729,"7":188.2282714844,"8":188.2283935547,"9":188.2283935547,"10":188.2284698486,"11":188.228515625,"12":188.2285461426,"13":188.2285461426,"14":188.2285766602,"15":188.2285766602,"16":188.2285766602,"17":188.2285766602,"18":188.2285766602,"19":188.2285766602,"20":188.2285766602,"21":188.2285766602,"22":188.2285766602,"23":188.2285766602,"24":188.2285766602,"25":188.2244720459,"26":188.2075805664,"27":188.1810150146,"28":188.1466369629,"29":188.1055755615,"30":188.0603637695,"31":188.0121307373,"32":187.9617156982,"33":187.9118347168,"34":187.8621368408,"35":187.8110961914,"36":187.7588806152,"37":187.7088012695,"38":187.6632995605,"39":187.6210479736,"40":187.5793914795,"41":187.5377502441,"42":187.4965209961,"43":187.4545898438,"44":187.4106445312,"45":187.3637390137,"46":187.3112487793,"47":187.2565460205,"48":187.2024383545,"49":187.1480102539,"50":187.0907897949,"51":187.0338439941,"52":186.9775543213,"53":186.9212493896,"54":186.8655090332,"55":186.8123321533,"56":186.7662811279,"57":186.722442627,"58":186.6761627197,"59":186.6283111572,"60":186.5802459717,"61":186.5288391113,"62":186.4720306396,"63":186.4094696045,"64":186.3393249512,"65":186.263381958,"66":186.1831359863,"67":186.1021270752,"68":186.0208740234,"69":185.9415740967,"70":185.8627624512,"71":185.7816009521,"72":185.7002868652,"73":185.6205444336,"74":185.5399627686,"75":185.4531860352,"76":185.3610534668,"77":185.2648773193,"78":185.173538208,"79":185.0757904053,"80":184.9724121094,"81":184.8687591553,"82":184.7569885254,"83":184.6361999512,"84":184.5115966797,"85":184.3965759277,"86":184.2700805664,"87":184.1371307373},"z":{"0":1.263858676,"1":1.1088318825,"2":0.8560168147,"3":0.5055117011,"4":0.1815202236,"5":0.1903377473,"6":0.2146993577,"7":0.2325946689,"8":0.2429816723,"9":0.2484140396,"10":0.2510911524,"11":0.2523599863,"12":0.2529452145,"13":0.2530939877,"14":0.2532286346,"15":0.253318578,"16":0.2533690333,"17":0.2533855736,"18":0.253398627,"19":0.2534078658,"20":0.2534132004,"21":0.2534151077,"22":0.2534163892,"23":0.2534163892,"24":0.2534179389,"25":0.2529613376,"26":0.252296865,"27":0.2521485984,"28":0.2523283064,"29":0.2525984645,"30":0.2528342307,"31":0.253007412,"32":0.2531248033,"33":0.2531988919,"34":0.2532483637,"35":0.2532815039,"36":0.2533024251,"37":0.2533135414,"38":0.253321141,"39":0.2533261776,"40":0.2533283234,"41":0.2533298433,"42":0.2533311546,"43":0.2533326745,"44":0.2533354759,"45":0.2533386946,"46":0.2533434331,"47":0.2533452213,"48":0.2533456981,"49":0.2533461452,"50":0.253347367,"51":0.2533475161,"52":0.253347367,"53":0.2533470988,"54":0.2533476055,"55":0.253348887,"56":0.2533532679,"57":0.2533520758,"58":0.2533509731,"59":0.2533532679,"60":0.2645758688,"61":0.2734462619,"62":0.276746273,"63":0.2779162824,"64":0.2783077061,"65":0.27842471,"66":0.2784548104,"67":0.2794380486,"68":0.2869006693,"69":0.2946480215,"70":0.2996180356,"71":0.3024125099,"72":0.303942591,"73":0.304666996,"74":0.305013001,"75":0.305182308,"76":0.3052551448,"77":0.305288583,"78":0.3094857633,"79":0.3252018988,"80":0.3300544024,"81":0.3311612904,"82":0.3312349916,"83":0.3311018646,"84":0.3309733868,"85":0.3434928358,"86":0.3537141681,"87":0.3567012846},"yaw":{"0":179.9535064697,"1":179.9535064697,"2":179.9535064697,"3":179.9535064697,"4":179.9535064697,"5":179.9537658691,"6":179.9538574219,"7":179.9539642334,"8":179.9539489746,"9":179.9538879395,"10":179.9538574219,"11":179.9538574219,"12":179.9538574219,"13":179.9538574219,"14":179.9538574219,"15":179.9538574219,"16":179.9538574219,"17":179.9538574219,"18":179.9538574219,"19":179.9538574219,"20":179.9538574219,"21":179.9538574219,"22":179.9538574219,"23":179.9538574219,"24":179.9538574219,"25":-179.8732147217,"26":-179.204864502,"27":-178.2604675293,"28":-177.1826324463,"29":-176.0478363037,"30":-174.9748687744,"31":-174.0017852783,"32":-173.143447876,"33":-172.4918823242,"34":-171.9910736084,"35":-171.5503082275,"36":-171.1697692871,"37":-170.9723205566,"38":-171.014465332,"39":-171.192855835,"40":-171.3733215332,"41":-171.5377807617,"42":-171.7040405273,"43":-171.8250579834,"44":-171.8598632812,"45":-171.7869567871,"46":-171.525100708,"47":-171.2536010742,"48":-171.0838165283,"49":-170.9535675049,"50":-170.7569122314,"51":-170.6338043213,"52":-170.5828857422,"53":-170.5574035645,"54":-170.5780029297,"55":-170.7110900879,"56":-171.107208252,"57":-171.5052490234,"58":-171.7246704102,"59":-171.8459320068,"60":-172.0056762695,"61":-171.7978057861,"62":-171.5393676758,"63":-171.1534729004,"64":-170.583984375,"65":-169.9467163086,"66":-169.3181304932,"67":-168.7646331787,"68":-168.3734741211,"69":-168.1661529541,"70":-168.0461425781,"71":-167.8840789795,"72":-167.7790985107,"73":-167.7832794189,"74":-167.7689208984,"75":-167.520111084,"76":-167.1353912354,"77":-166.7045593262,"78":-166.4559936523,"79":-166.2242584229,"80":-165.7621154785,"81":-165.3650512695,"82":-164.7281646729,"83":-163.8871765137,"84":-163.1189422607,"85":-162.2498168945,"86":-161.6258087158,"87":-161.0378265381},"c_route":{"0":false,"1":false,"2":false,"3":false,"4":false,"5":false,"6":false,"7":false,"8":false,"9":false,"10":false,"11":false,"12":false,"13":false,"14":false,"15":false,"16":false,"17":false,"18":false,"19":false,"20":false,"21":false,"22":false,"23":false,"24":false,"25":false,"26":false,"27":false,"28":false,"29":false,"30":false,"31":false,"32":false,"33":false,"34":false,"35":false,"36":false,"37":false,"38":false,"39":false,"40":false,"41":false,"42":false,"43":false,"44":false,"45":false,"46":false,"47":false,"48":false,"49":false,"50":false,"51":false,"52":false,"53":false,"54":false,"55":false,"56":false,"57":false,"58":false,"59":false,"60":false,"61":false,"62":false,"63":false,"64":false,"65":false,"66":false,"67":false,"68":false,"69":false,"70":false,"71":false,"72":false,"73":false,"74":false,"75":false,"76":false,"77":false,"78":false,"79":false,"80":false,"81":false,"82":false,"83":false,"84":false,"85":false,"86":false,"87":false},"done":{"0":false,"1":false,"2":false,"3":false,"4":false,"5":false,"6":false,"7":false,"8":false,"9":false,"10":false,"11":false,"12":false,"13":false,"14":false,"15":false,"16":false,"17":false,"18":false,"19":false,"20":false,"21":false,"22":false,