{"x":{"0":89.4426422119,"1":89.4426422119,"2":89.4426422119,"3":89.4426422119,"4":89.4426422119,"5":89.4434585571,"6":89.443397522,"7":89.4430847168,"8":89.442855835,"9":89.442741394,"10":89.4426574707,"11":89.4426116943,"12":89.4425888062,"13":89.4425888062,"14":89.4425735474,"15":89.4425735474,"16":89.442565918,"17":89.442565918,"18":89.442565918,"19":89.442565918,"20":89.442565918,"21":89.442565918,"22":89.442565918,"23":89.442565918,"24":89.442565918,"25":89.4774551392,"26":89.6257095337,"27":89.8752212524,"28":90.2117080688,"29":90.6194152832,"30":91.0806427002,"31":91.5782470703,"32":92.0977783203,"33":92.6283798218,"34":93.1621856689,"35":93.6919937134,"36":94.2154922485,"37":94.7334442139,"38":95.2469406128,"39":95.7569351196,"40":96.2639541626,"41":96.7705535889,"42":97.2765960693,"43":97.7816848755,"44":98.2864837646,"45":98.7927780151,"46":99.3136291504,"47":99.8461380005,"48":100.3877334595,"49":100.936706543,"50":101.4928283691,"51":102.0553512573,"52":102.6241073608,"53":103.1987380981,"54":103.7785415649,"55":104.3630142212,"56":104.9516372681,"57":105.5437164307,"58":106.1390914917},"y":{"0":241.1313781738,"1":241.1313781738,"2":241.1313781738,"3":241.1313781738,"4":241.1313781738,"5":241.1313781738,"6":241.1312713623,"7":241.1312408447,"8":241.1312408447,"9":241.1312408447,"10":241.1312866211,"11":241.1312255859,"12":241.1312103271,"13":241.1312103271,"14":241.1311798096,"15":241.1311798096,"16":241.1311798096,"17":241.1311798096,"18":241.1311645508,"19":241.1311645508,"20":241.1311645508,"21":241.1311645508,"22":241.1311645508,"23":241.1311645508,"24":241.1311645508,"25":241.128112793,"26":241.1143341064,"27":241.0880584717,"28":241.049118042,"29":240.9959716797,"30":240.9279022217,"31":240.8458862305,"32":240.7501678467,"33":240.6405792236,"34":240.5212249756,"35":240.3959350586,"36":240.2651367188,"37":240.1301727295,"38":239.993270874,"39":239.8568572998,"40":239.7212677002,"41":239.5886077881,"42":239.4570007324,"43":239.3248443604,"44":239.1947021484,"45":239.0681762695,"46":238.9447937012,"47":238.8190765381,"48":238.6919250488,"49":238.5625915527,"50":238.4343566895,"51":238.3065948486,"52":238.1806793213,"53":238.0564422607,"54":237.9318237305,"55":237.8054504395,"56":237.6757965088,"57":237.5403289795,"58":237.3986816406},"z":{"0":1.2638585567,"1":1.1088316441,"2":0.8560166955,"3":0.5055115223,"4":0.1815199256,"5":0.1903307736,"6":0.214695856,"7":0.23259601,"8":0.2429848462,"9":0.2484166324,"10":0.2510926425,"11":0.252360791,"12":0.2529454827,"13":0.2530940473,"14":0.253228575,"15":0.2533184886,"16":0.2533687651,"17":0.2533853054,"18":0.2533982396,"19":0.2534075081,"20":0.2534128428,"21":0.2534148097,"22":0.2534160614,"23":0.2534160614,"24":0.2534176111,"25":0.2529267967,"26":0.2520535588,"27":0.2515721917,"28":0.2514377534,"29":0.2515361607,"30":0.2517854571,"31":0.2529174984,"32":0.2534522712,"33":0.253577143,"34":0.253693223,"35":0.2538233995,"36":0.2539145648,"37":0.2539608181,"38":0.2539807856,"39":0.2539872825,"40":0.2539836764,"41":0.2539629638,"42":0.2539483905,"43":0.253940016,"44":0.2539357245,"45":0.2539032698,"46":0.2537683547,"47":0.2537113428,"48":0.2537048757,"49":0.2537164986,"50":0.2537330985,"51":0.2537483275,"52":0.2537616193,"53":0.2537719905,"54":0.2537798882,"55":0.2537861466,"56":0.2537910342,"57":0.2537951469,"58":0.2537979484},"yaw":{"0":0.1973113716,"1":0.1973113716,"2":0.1973113716,"3":0.1973113716,"4":0.1973113716,"5":0.1967682987,"6":0.1968676448,"7":0.1971060485,"8":0.1972202361,"9":0.1972667724,"10":0.1972853541,"11":0.1972929388,"12":0.1972961873,"13":0.1972968876,"14":0.1972963065,"15":0.1972947866,"16":0.1972939372,"17":0.1972936839,"18":0.1972934455,"19":0.1972932816,"20":0.1972932816,"21":0.1972932816,"22":0.1972931325,"23":0.1972931325,"24":0.1972931325,"25":0.0654787421,"26":-0.4931029081,"27":-1.4375305176,"28":-2.6163637638,"29":-3.9448254108,"30":-5.337893486,"31":-6.6990718842,"32":-8.0253067017,"33":-9.3558473587,"34":-10.5587940216,"35":-11.5689878464,"36":-12.4734687805,"37":-13.2521867752,"38":-13.8572874069,"39":-14.2581348419,"40":-14.5110673904,"41":-14.5647163391,"42":-14.5674638748,"43":-14.6027402878,"44":-14.5502214432,"45":-14.3622627258,"46":-13.9821977615,"47":-13.7231645584,"48":-13.5313005447,"49":-13.4278144836,"50":-13.2557582855,"51":-13.0743312836,"52":-12.8392848969,"53":-12.580493927,"54":-12.3975105286,"55":-12.3174314499,"56":-12.3624773026,"57":-12.5826292038,"58":-12.9199104309},"c_route":{"0":false,"1":false,"2":false,"3":false,"4":false,"5":false,"6":false,"7":false,"8":false,"9":false,"10":false,"11":false,"12":false,"13":false,"14":false,"15":false,"16":false,"17":false,"18":false,"19":false,"20":false,"21":false,"22":false,"23":false,"24":false,"25":false,"26":false,"27":false,"28":false,"29":false,"30":false,"31":false,"32":false,"33":false,"34":false,"35":false,"36":false,"37":false,"38":false,"39":false,"40":false,"41":false,"42":false,"43":false,"44":false,"45":false,"46":false,"47":false,"48":false,"49":false,"50":false,"51":false,"52":false,"53":false,"54":false,"55":false,"56":false,"57":false,"58":false},"done":{"0":false,"1":false,"2":false,"3":false,"4":false,"5":false,"6":false,"7":false,"8":false,"9":false,"10":false,"11":false,"12":false,"13":false,"14":false,"15":false,"16":false,"17":false,"18":false,"19":false,"20":false,"21":false,"22":false,"23":false,"24":false,"25":false,"26":false,"27":false,"28":false,"29":false,"30":false,"31":false,"32":false,"33":false,"34":false,"35":false,"36":false,"37":false,"38":false,"39":false,"40":false,"41":false,"42":false,"43":false,"44":false,"45":false,"46":false,"47":false,"48":false,"49":false,"50":false,"51":false,"52":false,"53":false,"54":false,"55":false,"56":false,"57":false,"58":true},"route_completed_in_m":{"0":0.0,"1":0.0,"2":0.0,"3":0.0,"4":0.0,"5":0.0,"6":0.0,"7":0.0,"8":0.0,"9":0.0,"10":0.0,"11":0.0,"12":0.0,"13":0.0,"14":0.0,"15":0.0,"16":0.0,"17":0.0,"18":0.0,"19":0.0,"20":0.0,"21":0.0,"22":0.0,"23":0.0,"24":0.0,"25":0.0,"26":1.0000001192,"27":1.0000001192,"28":1.0000001192,"29":2.0000002384,"30":2.0000002384,"31":3.0000003576,"32":3.0000003576,"33":4.0000004768,"34":4.0000004768,"35":5.000000596,"36":6.0000007153,"37":6.0000007153,"38":7.0000008345,"39":7.0000008345,"40":8.0000009537,"41":8.0000009537,"42":9.0000010729,"43":9.0000010729,"44":10.0000011921,"45":10.0000011921,"46":11.0000013113,"47":11.0000013113,"48":12.0000014305,"49":12.0000014305,"50":13.0000015497,"51":13.0000015497,"52":14.0000016689,"53":15.0000017881,"54":15.0000017881,"55":16.0000019073,"56":16.0000019073,"57":17.0000020266,"58":18.0000021458}}