{"x":{"0":38.8513336182,"1":38.8513336182,"2":38.8513336182,"3":38.8513336182,"4":38.8513336182,"5":38.8504905701,"6":38.8505439758,"7":38.8508377075,"8":38.8510513306,"9":38.8511772156,"10":38.8512458801,"11":38.8512763977,"12":38.8512992859,"13":38.8513069153,"14":38.8513145447,"15":38.8513183594,"16":38.8513221741,"17":38.8513221741,"18":38.8513221741,"19":38.8513259888,"20":38.8513259888,"21":38.8513259888,"22":38.8513259888,"23":38.8513259888,"24":38.8513259888,"25":38.816204071,"26":38.6668434143,"27":38.4150085449,"28":38.0752258301,"29":37.6641120911,"30":37.1996002197,"31":36.6988105774,"32":36.1747703552,"33":35.6364402771,"34":35.0911216736,"35":34.5485191345,"36":34.0099143982,"37":33.4744644165,"38":32.9415283203,"39":32.4106521606,"40":31.8814220428,"41":31.3530311584,"42":30.8254394531,"43":30.298707962,"44":29.7727355957,"45":29.2461032867,"46":28.7046585083,"47":28.1499671936,"48":27.5853099823,"49":27.012594223,"50":26.4330711365,"51":25.8479976654,"52":25.2580089569,"53":24.6638221741,"54":24.0650482178,"55":23.461856842,"56":22.8544311523,"57":22.2428016663,"58":21.6263237,"59":21.0063514709,"60":20.3844604492,"61":19.7605304718,"62":19.1325550079,"63":18.4993724823,"64":17.8603591919,"65":17.216085434,"66":16.5675945282,"67":15.9145689011},"y":{"0":188.2283325195,"1":188.2283325195,"2":188.2283325195,"3":188.2283325195,"4":188.2283325195,"5":188.2287139893,"6":188.228805542,"7":188.2288208008,"8":188.228805542,"9":188.2288208008,"10":188.2287902832,"11":188.2288208008,"12":188.2288665771,"13":188.2288665771,"14":188.2288818359,"15":188.2288818359,"16":188.2288818359,"17":188.2288818359,"18":188.2288818359,"19":188.2288818359,"20":188.2288818359,"21":188.2288818359,"22":188.2288818359,"23":188.2288818359,"24":188.2288818359,"25":188.2310180664,"26":188.240524292,"27":188.2571563721,"28":188.2793884277,"29":188.3062286377,"30":188.3339996338,"31":188.3639221191,"32":188.3962402344,"33":188.4298248291,"34":188.4628143311,"35":188.4915008545,"36":188.5165405273,"37":188.5364532471,"38":188.5529785156,"39":188.5635070801,"40":188.568939209,"41":188.5720977783,"42":188.5714569092,"43":188.5659790039,"44":188.5587005615,"45":188.5515136719,"46":188.5439605713,"47":188.5344238281,"48":188.5203399658,"49":188.4987640381,"50":188.4675750732,"51":188.4228210449,"52":188.3640899658,"53":188.2903289795,"54":188.2053070068,"55":188.1103820801,"56":188.006439209,"57":187.8948974609,"58":187.7800750732,"59":187.6573181152,"60":187.5214996338,"61":187.3737792969,"62":187.2217712402,"63":187.0710144043,"64":186.9259490967,"65":186.7851257324,"66":186.6428833008,"67":186.5129394531},"z":{"0":1.263858676,"1":1.1088318825,"2":0.8560168147,"3":0.5055117011,"4":0.1815202236,"5":0.1903278381,"6":0.2146985531,"7":0.2325983047,"8":0.2429859936,"9":0.2484175116,"10":0.251093179,"11":0.2523611784,"12":0.2529459,"13":0.2530944347,"14":0.2532289326,"15":0.2533187568,"16":0.2533691227,"17":0.2533856928,"18":0.2533986568,"19":0.2534078956,"20":0.2534131706,"21":0.2534151375,"22":0.2534163594,"23":0.2534163594,"24":0.2534178793,"25":0.252923876,"26":0.2520438731,"27":0.2515557706,"28":0.2514213622,"29":0.2515310645,"30":0.2517923713,"31":0.2527579367,"32":0.2534727752,"33":0.2535906434,"34":0.2536772192,"35":0.2538104653,"36":0.2538941801,"37":0.2539354265,"38":0.2539510727,"39":0.2539561093,"40":0.2539536357,"41":0.2539435029,"42":0.2539379001,"43":0.2539350688,"44":0.2539321184,"45":0.2538996935,"46":0.2537479401,"47":0.2536855936,"48":0.2536805272,"49":0.2536967695,"50":0.2537175417,"51":0.253739357,"52":0.2537565529,"53":0.2537705302,"54":0.2537761331,"55":0.2537800074,"56":0.253783226,"57":0.253785193,"58":0.2537856996,"59":0.2537903786,"60":0.2537974417,"61":0.253801614,"62":0.2537994981,"63":0.2537984848,"64":0.2538007796,"65":0.2538039982,"66":0.2615148127,"67":0.2782139778},"yaw":{"0":179.9535064697,"1":179.9535064697,"2":179.9535064697,"3":179.9535064697,"4":179.9535064697,"5":179.9530792236,"6":179.9532012939,"7":179.9534454346,"8":179.9535369873,"9":179.9535980225,"10":179.9535980225,"11":179.9535980225,"12":179.9535980225,"13":179.9535980225,"14":179.9535980225,"15":179.9535980225,"16":179.9535980225,"17":179.9535980225,"18":179.9535980225,"19":179.9535980225,"20":179.9535980225,"21":179.9535980225,"22":179.9535980225,"23":179.9535980225,"24":179.9535980225,"25":179.8666381836,"26":179.4987487793,"27":178.9351654053,"28":178.3234405518,"29":177.7577056885,"30":177.393371582,"31":177.1225280762,"32":176.8941802979,"33":176.7265777588,"34":176.6588134766,"35":176.7786102295,"36":176.9864196777,"37":177.3126678467,"38":177.6453399658,"39":178.0887451172,"40":178.5671386719,"41":178.9595184326,"42":179.3601837158,"43":179.8062438965,"44":-179.8396148682,"45":-179.6177215576,"46":-179.4658813477,"47":-179.2954406738,"48":-179.0154571533,"49":-178.5532531738,"50":-177.9016113281,"51":-176.9843139648,"52":-175.8965911865,"53":-174.6751861572,"54":-173.5306854248,"55":-172.4937744141,"56":-171.5616760254,"57":-170.7518005371,"58":-170.1904602051,"59":-169.5871429443,"60":-168.7496490479,"61":-167.8325500488,"62":-167.1886291504,"63":-166.9268798828,"64":-167.0558929443,"65":-167.3375396729,"66":-167.7249603271,"67":-168.0344696045},"c_route":{"0":false,"1":false,"2":false,"3":false,"4":false,"5":false,"6":false,"7":false,"8":false,"9":false,"10":false,"11":false,"12":false,"13":false,"14":false,"15":false,"16":false,"17":false,"18":false,"19":false,"20":false,"21":false,"22":false,"23":false,"24":false,"25":false,"26":false,"27":false,"28":false,"29":false,"30":false,"31":false,"32":false,"33":false,"34":false,"35":false,"36":false,"37":false,"38":false,"39":false,"40":false,"41":false,"42":false,"43":false,"44":false,"45":false,"46":false,"47":false,"48":false,"49":false,"50":false,"51":false,"52":false,"53":false,"54":false,"55":false,"56":false,"57":false,"58":false,"59":false,"60":false,"61":false,"62":false,"63":false,"64":false,"65":false,"66":false,"67":false},"done":{"0":false,"1":false,"2":false,"3":false,"4":false,"5":false,"6":false,"7":false,"8":false,"9":false,"10":false,"11":false,"12":false,"13":false,"14":false,"15":false,"16":false,"17":false,"18":false,"19":false,"20":false,"21":false,"22":false,"23":false,"24":false,"25":false,"26":false,"27":false,"28":false,"29":false,"30":false,"31":false,"32":false,"33":false,"34":false,"35":false,"36":false,"37":false,"38":false,"39":false,"40":false,"41":false,"42":false,"43":false,"44":false,"45":false,"46":false,"47":false,"48":false,"49":false,"50":false,"51":false,"52":false,"53":false,"54":false,"55":false,"56":false,"57":false,"58":false,"59":false,"60":false,"61":false,"62":false,"63":false,"64":false,"65":false,"66":false,"67":true},"route_completed_in_m":{"0":0.0,"1":0.0,"2":0.0,"3":0.0,"4":0.0,"5":0.0,"6":0.0,"7":0.0,"8":0.0,"9":0.0,"10":0.0,"11":0.0,"12":0.0,"13":0.0,"14":0.0,"15":0.0,"16":0.0,"17":0.0,"18":0.0,"19":0.0,"20":0.0,"21":0.0,"22":0.0,"23":0.0,"24":0.0,"25":0.0,"26":1.2911292315,"27":1.2911292315,"28":1.2911292315,"29":2.4838211536,"30":2.4838211536,"31":2.4838211536,"32":3.9536318779,"33":3.9536318779,"34":4.9536319971,"35":4.9536319971,"36":5.9536321163,"37":5.9536321163,"38":6.9536303282,"39":6.9536303282,"40":7.9536304474,"41":7.9536304474,"42":8.9536305666,"43":8.9536305666,"44":9.9536306858,"45":9.9536306858,"46":10.953630805,"47":11.9536309242,"48":11.9536309242,"49":12.9536310434,"50":12.9536310434,"51":13.9536311626,"52":14.9536312819,"53":14.9536312819,"54":15.9536314011,"55":15.9536314011,"56":16.9536315203,"57":17.9536316395,"58":17.9536316395,"59":18.9536298513,"60":18.9536298513,"61":19.9536318779,"62":20.9536319971,"63":20.9536319971,"64":21.9536321163,"65":22.9536331892,"66":22.9536331892,"67":23.9536323547}}