{"x":{"0":189.5395812988,"1":189.5395812988,"2":189.5395812988,"3":189.5395812988,"4":189.5395812988,"5":189.539932251,"6":189.5400543213,"7":189.5400543213,"8":189.5400390625,"9":189.5400085449,"10":189.5399780273,"11":189.5400085449,"12":189.5400390625,"13":189.5400390625,"14":189.5400543213,"15":189.5400543213,"16":189.5400543213,"17":189.5400543213,"18":189.5400543213,"19":189.5400695801,"20":189.5400695801,"21":189.5400695801,"22":189.5400695801,"23":189.5400695801,"24":189.5400695801,"25":189.5403900146,"26":189.5418243408,"27":189.5432891846,"28":189.5415802002,"29":189.5347442627,"30":189.5200500488,"31":189.4972076416,"32":189.4667510986,"33":189.4314422607,"34":189.3942871094,"35":189.3595275879,"36":189.3283538818,"37":189.3022460938,"38":189.281539917,"39":189.2648468018,"40":189.2491760254,"41":189.2341766357,"42":189.2176971436,"43":189.1998138428,"44":189.1789855957,"45":189.1527557373,"46":189.1206665039,"47":189.0831604004,"48":189.0428314209,"49":189.0038757324,"50":188.9700927734,"51":188.9431152344,"52":188.924911499,"53":188.9141998291,"54":188.9099578857,"55":188.9111480713,"56":188.9153289795,"57":188.9248809814,"58":188.9394226074,"59":188.9546661377,"60":188.9732513428,"61":188.995223999,"62":189.0223846436,"63":189.0549316406,"64":189.0930938721,"65":189.1351928711,"66":189.1792907715,"67":189.2261505127,"68":189.2731170654,"69":189.32081604,"70":189.3716125488,"71":189.4321289062,"72":189.5023803711,"73":189.5862579346,"74":189.6864013672,"75":189.8047637939,"76":189.9417877197,"77":190.0998840332,"78":190.2911682129,"79":190.5261993408,"80":190.815246582,"81":191.164642334,"82":191.572845459,"83":192.0366973877,"84":192.547958374,"85":193.0945587158},"y":{"0":145.0299835205,"1":145.0299835205,"2":145.0299835205,"3":145.0299835205,"4":145.0299835205,"5":145.0308532715,"6":145.0307922363,"7":145.0304718018,"8":145.0302581787,"9":145.0301208496,"10":145.0300292969,"11":145.0299987793,"12":145.0299682617,"13":145.0299682617,"14":145.0299530029,"15":145.0299530029,"16":145.0299530029,"17":145.0299530029,"18":145.0299530029,"19":145.0299530029,"20":145.0299530029,"21":145.0299530029,"22":145.0299530029,"23":145.0299530029,"24":145.0299530029,"25":145.0652770996,"26":145.2155303955,"27":145.4687652588,"28":145.8100585938,"29":146.2229309082,"30":146.6897888184,"31":147.1945495605,"32":147.7243499756,"33":148.2700805664,"34":148.8254852295,"35":149.3830413818,"36":149.9374694824,"37":150.4890441895,"38":151.0383300781,"39":151.5856628418,"40":152.1312713623,"41":152.6759338379,"42":153.2197570801,"43":153.7627258301,"44":154.3047485352,"45":154.8471832275,"46":155.4044342041,"47":155.9745330811,"48":156.5544433594,"49":157.1427459717,"50":157.738494873,"51":158.3410186768,"52":158.9498291016,"53":159.5646514893,"54":160.185256958,"55":160.8115234375,"56":161.4433746338,"57":162.0805358887,"58":162.7229614258,"59":163.3707733154,"60":164.0237884521,"61":164.6819458008,"62":165.3450927734,"63":166.0131835938,"64":166.6861114502,"65":167.3639068604,"66":168.0467224121,"67":168.7343292236,"68":169.4269104004,"69":170.1243591309,"70":170.8264465332,"71":171.5323944092,"72":172.2422180176,"73":172.9550933838,"74":173.6702270508,"75":174.3866882324,"76":175.1038513184,"77":175.8201904297,"78":176.5293884277,"79":177.2240600586,"80":177.8928527832,"81":178.5242004395,"82":179.1125946045,"83":179.6520843506,"84":180.146987915,"85":180.6102905273},"z":{"0":1.2638585567,"1":1.1088316441,"2":0.8560166955,"3":0.5055115223,"4":0.1815198809,"5":0.1903277487,"6":0.214699015,"7":0.2325974256,"8":0.242984578,"9":0.2484161258,"10":0.2510921657,"11":0.2523605525,"12":0.2529453635,"13":0.2530939877,"14":0.2532285154,"15":0.253318429,"16":0.2533687651,"17":0.2533852458,"18":0.2533982396,"19":0.2534075081,"20":0.2534128428,"21":0.2534148991,"22":0.2534160614,"23":0.2534171641,"24":0.2534171641,"25":0.252920568,"26":0.2520360053,"27":0.2515467107,"28":0.251414746,"29":0.2515238225,"30":0.2517793477,"31":0.2529051602,"32":0.2534221113,"33":0.2535249591,"34":0.2536028624,"35":0.2537277043,"36":0.2538402081,"37":0.2539028823,"38":0.2539329827,"39":0.2539456189,"40":0.2539480627,"41":0.2539415061,"42":0.25393641,"43":0.2539334297,"44":0.253932327,"45":0.2538986504,"46":0.2537475526,"47":0.2536880076,"48":0.2536834776,"49":0.2536983192,"50":0.2537181377,"51":0.2537368238,"52":0.2537526786,"53":0.2537632585,"54":0.253770411,"55":0.2537746727,"56":0.2537771165,"57":0.2537802756,"58":0.2537820041,"59":0.2537819147,"60":0.2537828386,"61":0.2537836432,"62":0.2537848651,"63":0.2537858486,"64":0.2537868023,"65":0.2537871897,"66":0.2537877262,"67":0.2537884414,"68":0.2537890077,"69":0.2537899017,"70":0.2537904978,"71":0.2537932098,"72":0.2537942827,"73":0.2537992001,"74":0.2538053393,"75":0.2538132071,"76":0.2538208067,"77":0.2538318336,"78":0.2538707256,"79":0.2539268732,"80":0.2540235519,"81":0.2541250587,"82":0.2541989088,"83":0.2542571127,"84":0.2542428076,"85":0.2541643977},"yaw":{"0":89.9902877808,"1":89.9902877808,"2":89.9902877808,"3":89.9902877808,"4":89.9902877808,"5":89.9898529053,"6":89.9899673462,"7":89.9901809692,"8":89.9902954102,"9":89.9903106689,"10":89.9903259277,"11":89.9903259277,"12":89.9903259277,"13":89.9903259277,"14":89.9903259277,"15":89.9903259277,"16":89.9903259277,"17":89.9903259277,"18":89.9903259277,"19":89.9903259277,"20":89.9903259277,"21":89.9903259277,"22":89.9903259277,"23":89.9903259277,"24":89.9903259277,"25":89.9763565063,"26":89.9211273193,"27":89.8781585693,"28":89.9760513306,"29":90.249458313,"30":90.7414855957,"31":91.3722610474,"32":92.0574188232,"33":92.6610183716,"34":93.0984344482,"35":93.2702407837,"36":93.2459564209,"37":93.0403747559,"38":92.7069091797,"39":92.347618103,"40":92.0853271484,"41":91.8972702026,"42":91.8395004272,"43":91.8571472168,"44":91.9870452881,"45":92.2794799805,"46":92.6654891968,"47":93.0928955078,"48":93.4429779053,"49":93.5792770386,"50":93.4387741089,"51":93.0739822388,"52":92.5036849976,"53":91.8664093018,"54":91.2364883423,"55":90.6573181152,"56":90.2072219849,"57":89.739402771,"58":89.279510498,"59":88.9983215332,"60":88.7155990601,"61":88.4296112061,"62":88.0750350952,"63":87.6736526489,"64":87.2436981201,"65":86.8677444458,"66":86.5998306274,"67":86.3618011475,"68":86.2422943115,"69":86.1681594849,"70":86.0201187134,"71":85.5699920654,"72":84.9641494751,"73":84.1289901733,"74":83.0743408203,"75":81.8321609497,"76":80.4802474976,"77":78.9802398682,"78":76.8848953247,"79":74.0081710815,"80":70.1956481934,"81":65.4906311035,"82":60.2577438354,"83":54.6992759705,"84":49.3161773682,"85":44.7272567749},"c_route":{"0":false,"1":false,"2":false,"3":false,"4":false,"5":false,"6":false,"7":false,"8":false,"9":false,"10":false,"11":false,"12":false,"13":false,"14":false,"15":false,"16":false,"17":false,"18":false,"19":false,"20":false,"21":false,"22":false,"23":false,"24":false,"25":false,"26":false,"27":false,"28":false,"29":false,"30":false,"31":false,"32":false,"33":false,"34":false,"35":false,"36":false,"37":false,"38":false,"39":false,"40":false,"41":false,"42":false,"43":false,"44":false,"45":false,"46":false,"47":false,"48":false,"49":false,"50":false,"51":false,"52":false,"53":false,"54":false,"55":false,"56":false,"57":false,"58":false,"59":false,"60":false,"61":false,"62":false,"63":false,"64":false,"65":false,"66":false,"67":false,"68":false,"69":false,"70":false,"71":false,"72":false,"73":false,"74":false,"75":false,"76":false,"77":false,"78":false,"79":false,"80":false,"81":false,"82":false,"83":false,"84":false,"85":false},"done":{"0":false,"1":false,"2":false,"3":false,"4":false,"5":false,"6":false,"7":false,"8":false,"9":false,"10":false,"11":false,"12":false,"13":false,"14":false,"15":false,"16":false,"17":false,"18":false,"19":false,"20":false,"21":false,"22":false,"23":false,"24":false,"25":false,"26":false,"27":false,"28":false,"29":false,"30":false,"31":false,"32":false,"33":false,"34":false,"35":false,"36":false,"37":false,"38":false,"39":false,"40":false,"41":false,