{"x":{"0":41.6661262512,"1":41.6661262512,"2":41.6661262512,"3":41.6661262512,"4":41.6661262512,"5":41.6664848328,"6":41.6665649414,"7":41.6665458679,"8":41.666519165,"9":41.6665039062,"10":41.6664924622,"11":41.6664886475,"12":41.6664848328,"13":41.6664886475,"14":41.6664962769,"15":41.6665039062,"16":41.6665077209,"17":41.6665077209,"18":41.6665115356,"19":41.6665115356,"20":41.6665115356,"21":41.6665115356,"22":41.6665115356,"23":41.6665115356,"24":41.6665115356,"25":41.6674079895,"26":41.6714439392,"27":41.6782302856,"28":41.6857185364,"29":41.6939353943,"30":41.7021980286,"31":41.7112731934,"32":41.7214927673,"33":41.7323265076,"34":41.7450141907,"35":41.7592086792,"36":41.7758293152,"37":41.7938270569,"38":41.8131103516,"39":41.8340454102,"40":41.856136322,"41":41.8799324036,"42":41.9042472839,"43":41.9290466309,"44":41.9529037476,"45":41.9774093628,"46":42.0033836365,"47":42.0303153992,"48":42.0571136475,"49":42.0840415955,"50":42.1104660034,"51":42.1362533569,"52":42.1618041992,"53":42.1893501282,"54":42.2197685242,"55":42.2529563904,"56":42.2880325317,"57":42.3254547119,"58":42.3646965027,"59":42.4044036865,"60":42.4450302124,"61":42.4863967896,"62":42.5271682739,"63":42.5674743652,"64":42.6067237854,"65":42.6448326111,"66":42.6817703247,"67":42.7188873291,"68":42.7569503784,"69":42.7931404114,"70":42.8275985718,"71":42.860710144,"72":42.8886642456,"73":42.9081192017,"74":42.9184761047,"75":42.9230804443,"76":42.9230690002,"77":42.9229393005,"78":42.9256401062,"79":42.9403762817,"80":42.9702987671,"81":43.0207176208,"82":43.0901222229,"83":43.188709259,"84":43.3282661438,"85":43.5214538574,"86":43.7773170471,"87":44.0974311829,"88":44.4496803284,"89":44.8329429626,"90":45.2617530823},"y":{"0":260.5375671387,"1":260.5375671387,"2":260.5375671387,"3":260.5375671387,"4":260.5375671387,"5":260.5383911133,"6":260.5383605957,"7":260.5380859375,"8":260.5378417969,"9":260.537689209,"10":260.5375976562,"11":260.5375671387,"12":260.5375366211,"13":260.5375366211,"14":260.5375061035,"15":260.5375061035,"16":260.5375061035,"17":260.5375061035,"18":260.5375061035,"19":260.5375061035,"20":260.5375061035,"21":260.5375061035,"22":260.5375061035,"23":260.5375061035,"24":260.5375061035,"25":260.5728149414,"26":260.7229003906,"27":260.975769043,"28":261.3159179688,"29":261.7261962891,"30":262.1891784668,"31":262.688873291,"32":263.2124328613,"33":263.750579834,"34":264.2958984375,"35":264.8383178711,"36":265.3762207031,"37":265.9102172852,"38":266.4406738281,"39":266.9677734375,"40":267.4920043945,"41":268.0150146484,"42":268.5372619629,"43":269.0587158203,"44":269.5794372559,"45":270.1005859375,"46":270.634979248,"47":271.181060791,"48":271.7360229492,"49":272.298248291,"50":272.8667907715,"51":273.441192627,"52":274.0210571289,"53":274.606048584,"54":275.1960144043,"55":275.7908325195,"56":276.3905334473,"57":276.9949645996,"58":277.6040649414,"59":278.2179870605,"60":278.8366088867,"61":279.4598999023,"62":280.087890625,"63":280.7205505371,"64":281.3578796387,"65":281.999786377,"66":282.6462402344,"67":283.2972412109,"68":283.9526062012,"69":284.6124267578,"70":285.276550293,"71":285.9449157715,"72":286.6175231934,"73":287.2941589355,"74":287.9747924805,"75":288.659362793,"76":289.3477478027,"77":290.0400085449,"78":290.7360229492,"79":291.4350585938,"80":292.1367492676,"81":292.8399658203,"82":293.5444641113,"83":294.2467346191,"84":294.9407653809,"85":295.6166381836,"86":296.2626647949,"87":296.8701171875,"88":297.4664611816,"89":298.046875,"90":298.5846862793},"z":{"0":1.2638585567,"1":1.1088317633,"2":0.8560167551,"3":0.5055116415,"4":0.1815199256,"5":0.1903274059,"6":0.2146985531,"7":0.2325976193,"8":0.2429849505,"9":0.2484165132,"10":0.2510924041,"11":0.252360642,"12":0.2529454827,"13":0.2530939877,"14":0.253228575,"15":0.253318429,"16":0.2533687651,"17":0.2533852756,"18":0.2533982694,"19":0.2534074783,"20":0.2534127831,"21":0.2534147501,"22":0.2534160614,"23":0.2534160614,"24":0.2534176111,"25":0.2529212534,"26":0.2520373464,"27":0.2515499294,"28":0.2514254451,"29":0.2515456975,"30":0.2518065274,"31":0.252761811,"32":0.2534687817,"33":0.2535853386,"34":0.2536706626,"35":0.2538066804,"36":0.2538951337,"37":0.2539410293,"38":0.253962934,"39":0.2539726198,"40":0.2539721727,"41":0.2539552748,"42":0.2539429069,"43":0.2539359629,"44":0.2539322078,"45":0.2539025843,"46":0.2537659705,"47":0.253710866,"48":0.2537069917,"49":0.2537212968,"50":0.2537388206,"51":0.2537538707,"52":0.2537656724,"53":0.2537743747,"54":0.2537805736,"55":0.2537848651,"56":0.2537878752,"57":0.2537902296,"58":0.2537919283,"59":0.253793031,"60":0.2537938952,"61":0.2537948489,"62":0.2537959516,"63":0.2537969053,"64":0.253797859,"65":0.2537986338,"66":0.2537993491,"67":0.2537999153,"68":0.2538009286,"69":0.2538024783,"70":0.253804177,"71":0.253806144,"72":0.253809303,"73":0.2538133264,"74":0.2538167834,"75":0.2538174689,"76":0.2538177073,"77":0.2538169324,"78":0.2538173199,"79":0.2538229227,"80":0.2538284659,"81":0.2538404167,"82":0.2538460493,"83":0.2538740337,"84":0.2539269328,"85":0.2540204823,"86":0.2541353405,"87":0.2542357445,"88":0.2541174889,"89":0.2540840507,"90":0.2541741133},"yaw":{"0":90.0249786377,"1":90.0249786377,"2":90.0249786377,"3":90.0249786377,"4":90.0249786377,"5":90.0245742798,"6":90.0246887207,"7":90.0248794556,"8":90.0249862671,"9":90.0250167847,"10":90.0250091553,"11":90.0250091553,"12":90.0250091553,"13":90.0250091553,"14":90.0250091553,"15":90.0250091553,"16":90.0250091553,"17":90.0250091553,"18":90.0250091553,"19":90.0250091553,"20":90.0250091553,"21":90.0250091553,"22":90.0250091553,"23":90.0250091553,"24":90.0250091553,"25":89.9868164062,"26":89.826385498,"27":89.5916595459,"28":89.3985137939,"29":89.2495498657,"30":89.1669235229,"31":89.0977325439,"32":89.0215301514,"33":88.9583587646,"34":88.8502502441,"35":88.7202987671,"36":88.5393295288,"37":88.3674087524,"38":88.2046279907,"39":88.0320892334,"40":87.8728408813,"41":87.7020187378,"42":87.5710372925,"43":87.4668960571,"44":87.4360046387,"45":87.3907546997,"46":87.3273773193,"47":87.2711181641,"48":87.2579345703,"49":87.2586364746,"50":87.2901916504,"51":87.3454208374,"52":87.3976135254,"53":87.3596191406,"54":87.2324295044,"55":87.0577545166,"56":86.8907089233,"57":86.7107009888,"58":86.5441894531,"59":86.4408874512,"60":86.3570556641,"61":86.2905273438,"62":86.288230896,"63":86.3173751831,"64":86.3868560791,"65":86.482673645,"66":86.5932312012,"67":86.6585922241,"68":86.6666564941,"69":86.7543563843,"70":86.8818283081,"71":87.0126800537,"72":87.294303894,"73":87.790435791,"74":88.4221725464,"75":88.9907913208,"76":89.474281311,"77":89.7351608276,"78":89.7577209473,"79":89.2940139771,"80":88.4479980469,"81":87.2000732422,"82":85.8051834106,"83":83.9312973022,"84":81.3052368164,"85":77.7108078003,"86":73.1263122559,"87":67.8105239868,"88":63.7387962341,"89":60.2466239929,"90":55.9603157043},"c_route":{"0":false,"1":false,"2":false,"3":false,"4":false,"5":false,"6":false,"7":false,"8":false,"9":false,"10":false,"11":false,"12":false,"13":false,"14":false,"15":false,"16":false,"17":false,"18":false,"19":false,"20":false,"21":false,"22":false,"23":false,"24":false,"25":false,"26":false,"27":false,"28":false,"29":false,"30":false,"31":false,"32":false,"33":false,"34":false,"35":false,"36":false,"37":false,"38":false,"39":false,"40":false,"41":false,"42":false,"43":false,"44":false,"45":false,"46":false,"47":false,"48":false,"49":false,"50":false,"51":false,"52":false,"53":false,"54":false,"55":false,"56":false,"57":false,"58":false,"59":false,"60":false,"61":false,"62":false,"63":false,"64":false,"65":false,"66":false,"67":false,"68":false,"69":false,"70":false,"71":false,"72":false,"73":false,"74":false,"75":false,"76":false,"77":false,"78":false,"79":false,"80":false,"81":false,"82":false,"83":false,"84":false,"85":false,"86":false,"87":false,"88":false,"89":false,"90":false},"done":{"0":false,"1":false,"2":false,"3":false,"4":false,"5":false,"6":false,"7":false,"8":false,"9":false,"10":false,"11":false,