{"x":{"0":132.0171356201,"1":132.0171356201,"2":132.0171356201,"3":132.0171356201,"4":132.0171356201,"5":132.0174713135,"6":132.0175476074,"7":132.0175323486,"8":132.0175018311,"9":132.0175018311,"10":132.0174865723,"11":132.0174713135,"12":132.0174713135,"13":132.0174865723,"14":132.0175018311,"15":132.0175018311,"16":132.0175018311,"17":132.0175018311,"18":132.0175018311,"19":132.0175018311,"20":132.0175018311,"21":132.0175018311,"22":132.0175018311,"23":132.0175018311,"24":132.0175018311,"25":132.0191497803,"26":132.0266723633,"27":132.0415649414,"28":132.0649108887,"29":132.0956115723,"30":132.1327056885,"31":132.1767120361,"32":132.2272796631,"33":132.2845458984,"34":132.3484191895,"35":132.4159545898,"36":132.4849700928,"37":132.5542144775,"38":132.6217346191,"39":132.686050415,"40":132.7473907471,"41":132.8053436279,"42":132.8585357666,"43":132.9083251953,"44":132.9570922852,"45":133.0043792725,"46":133.0518341064,"47":133.1019134521,"48":133.1537322998,"49":133.2095336914,"50":133.2684173584,"51":133.3319244385,"52":133.3986206055,"53":133.4705505371,"54":133.5498352051,"55":133.6349487305,"56":133.7261352539,"57":133.8276519775,"58":133.9400482178,"59":134.0665435791,"60":134.2110748291,"61":134.3770751953,"62":134.5719146729,"63":134.8030395508,"64":135.0721588135,"65":135.3828887939},"y":{"0":206.5528259277,"1":206.5528259277,"2":206.5528259277,"3":206.5528259277,"4":206.5528259277,"5":206.5536651611,"6":206.5536346436,"7":206.5533599854,"8":206.5531158447,"9":206.5529632568,"10":206.5528869629,"11":206.5528259277,"12":206.5528106689,"13":206.5528106689,"14":206.5527954102,"15":206.5527954102,"16":206.5527954102,"17":206.5527954102,"18":206.5527954102,"19":206.5527954102,"20":206.5527954102,"21":206.5527954102,"22":206.5527954102,"23":206.5527954102,"24":206.5527954102,"25":206.5879821777,"26":206.7376251221,"27":206.9896697998,"28":207.3293914795,"29":207.7417755127,"30":208.2101745605,"31":208.7180633545,"32":209.2513427734,"33":209.7992095947,"34":210.3543243408,"35":210.908493042,"36":211.4574432373,"37":212.0018157959,"38":212.5423126221,"39":213.0795288086,"40":213.6139221191,"41":214.1475372314,"42":214.6807403564,"43":215.2134552002,"44":215.7454833984,"45":216.278137207,"46":216.8241424561,"47":217.3819732666,"48":217.9487304688,"49":218.5227355957,"50":219.1031646729,"51":219.6893157959,"52":220.2809753418,"53":220.8776092529,"54":221.4786682129,"55":222.0842132568,"56":222.6939239502,"57":223.3067169189,"58":223.9221801758,"59":224.5391235352,"60":225.1558227539,"61":225.7704620361,"62":226.3785095215,"63":226.9739074707,"64":227.5531921387,"65":228.109664917},"z":{"0":1.263858676,"1":1.1088318825,"2":0.8560168147,"3":0.5055117011,"4":0.1815201491,"5":0.1903279126,"6":0.2146982551,"7":0.2325977683,"8":0.2429856807,"9":0.2484170496,"10":0.2510929406,"11":0.2523610592,"12":0.2529458702,"13":0.2530943155,"14":0.2532288432,"15":0.2533187866,"16":0.2533690631,"17":0.2533855736,"18":0.2533985376,"19":0.2534078062,"20":0.253413111,"21":0.2534151077,"22":0.2534163296,"23":0.2534163296,"24":0.2534178793,"25":0.2529228032,"26":0.2520417273,"27":0.251555413,"28":0.2514218092,"29":0.2515157759,"30":0.2517535388,"31":0.2529831231,"32":0.2533768117,"33":0.2534966469,"34":0.2536054254,"35":0.2537552118,"36":0.2538723946,"37":0.2539355755,"38":0.2539658546,"39":0.2539786398,"40":0.2539781928,"41":0.2539595068,"42":0.2539470494,"43":0.2539392412,"44":0.2539340854,"45":0.2539036572,"46":0.2537660897,"47":0.2537084818,"48":0.2537027597,"49":0.2537154257,"50":0.2537316978,"51":0.2537464499,"52":0.2537578046,"53":0.2537671924,"54":0.2537752092,"55":0.2537808418,"56":0.2537862062,"57":0.2537934184,"58":0.2537996173,"59":0.2538086772,"60":0.2538208067,"61":0.2538360953,"62":0.2538663447,"63":0.2539128959,"64":0.2539524734,"65":0.2540082037},"yaw":{"0":90.1614685059,"1":90.1614685059,"2":90.1614685059,"3":90.1614685059,"4":90.1614685059,"5":90.1610412598,"6":90.1611862183,"7":90.1613769531,"8":90.1614685059,"9":90.1615142822,"10":90.1615066528,"11":90.1615066528,"12":90.1615066528,"13":90.1615066528,"14":90.1615066528,"15":90.1615066528,"16":90.1615066528,"17":90.1615066528,"18":90.1615066528,"19":90.1615066528,"20":90.1615066528,"21":90.1615066528,"22":90.1615066528,"23":90.1615066528,"24":90.1615066528,"25":90.0883178711,"26":89.7779388428,"27":89.2333679199,"28":88.5054855347,"29":87.7382659912,"30":87.0243759155,"31":86.3483123779,"32":85.7142486572,"33":85.0907745361,"34":84.4650344849,"35":83.9290084839,"36":83.5155715942,"37":83.2299423218,"38":83.1021575928,"39":83.131072998,"40":83.2513275146,"41":83.4543991089,"42":83.767036438,"43":84.0946884155,"44":84.337928772,"45":84.5521469116,"46":84.7308349609,"47":84.7822036743,"48":84.7786026001,"49":84.6468887329,"50":84.4701461792,"51":84.2052688599,"52":83.944190979,"53":83.6067123413,"54":83.1390762329,"55":82.6589355469,"56":82.1651535034,"57":81.4929046631,"58":80.6983337402,"59":79.7060394287,"60":78.4394683838,"61":76.8761825562,"62":74.8238677979,"63":72.1478881836,"64":69.0157623291,"65":65.3861083984},"c_route":{"0":false,"1":false,"2":false,"3":false,"4":false,"5":false,"6":false,"7":false,"8":false,"9":false,"10":false,"11":false,"12":false,"13":false,"14":false,"15":false,"16":false,"17":false,"18":false,"19":false,"20":false,"21":false,"22":false,"23":false,"24":false,"25":false,"26":false,"27":false,"28":false,"29":false,"30":false,"31":false,"32":false,"33":false,"34":false,"35":false,"36":false,"37":false,"38":false,"39":false,"40":false,"41":false,"42":false,"43":false,"44":false,"45":false,"46":false,"47":false,"48":false,"49":false,"50":false,"51":false,"52":false,"53":false,"54":false,"55":false,"56":false,"57":false,"58":false,"59":false,"60":false,"61":false,"62":false,"63":false,"64":false,"65":false},"done":{"0":false,"1":false,"2":false,"3":false,"4":false,"5":false,"6":false,"7":false,"8":false,"9":false,"10":false,"11":false,"12":false,"13":false,"14":false,"15":false,"16":false,"17":false,"18":false,"19":false,"20":false,"21":false,"22":false,"23":false,"24":false,"25":false,"26":false,"27":false,"28":false,"29":false,"30":false,"31":false,"32":false,"33":false,"34":false,"35":false,"36":false,"37":false,"38":false,"39":false,"40":false,"41":false,"42":false,"43":false,"44":false,"45":false,"46":false,"47":false,"48":false,"49":false,"50":false,"51":false,"52":false,"53":false,"54":false,"55":false,"56":false,"57":false,"58":false,"59":false,"60":false,"61":false,"62":false,"63":false,"64":false,"65":true},"route_completed_in_m":{"0":1.0000004768,"1":1.0000004768,"2":1.0000004768,"3":1.0000004768,"4":1.0000004768,"5":1.0000004768,"6":1.0000004768,"7":1.0000004768,"8":1.0000004768,"9":1.0000004768,"10":1.0000004768,"11":1.0000004768,"12":1.0000004768,"13":1.0000004768,"14":1.0000004768,"15":1.0000004768,"16":1.0000004768,"17":1.0000004768,"18":1.0000004768,"19":1.0000004768,"20":1.0000004768,"21":1.0000004768,"22":1.0000004768,"23":1.0000004768,"24":1.0000004768,"25":1.0000004768,"26":1.0000004768,"27":2.0000009537,"28":2.0000009537,"29":3.0000014305,"30":3.0000014305,"31":4.0000019073,"32":4.0000019073,"33":5.0000023842,"34":5.0000023842,"35":6.000002861,"36":6.000002861,"37":7.0000033379,"38":7.0000033379,"39":8.0000038147,"40":8.0000038147,"41":9.0000042915,"42":10.0000047684,"43":10.0000047684,"44":11.0000052452,"45":11.0000052452,"46":12.000005722,"47":12.000005722,"48":13.0000061989,"49":13.0000061989,"50":14.0000066757,"51":15.0000071526,"52":15.0000071526,"53":16.0000076294,"54":16.0000076294,"55":17.0000081062,"56":17.9999933243,"57":17.9999933243,"58":18.9999938011,"59":18.9999938011,"60":19.999994278,"61":20.9999947548,"62":20.9999947548,"63":21.9999952316,"64":21.9999952316,"65":22.9999957085}}