{"x":{"0":189.5482025146,"1":189.5482025146,"2":189.5482025146,"3":189.5482025146,"4":189.5482025146,"5":189.5481719971,"6":189.5482940674,"7":189.5484161377,"8":189.5484924316,"9":189.5484924316,"10":189.5485076904,"11":189.5485687256,"12":189.5485839844,"13":189.5485839844,"14":189.548614502,"15":189.548614502,"16":189.548614502,"17":189.548614502,"18":189.5486297607,"19":189.5486297607,"20":189.5486297607,"21":189.5486297607,"22":189.5486297607,"23":189.5486297607,"24":189.5486297607,"25":189.5453491211,"26":189.5320587158,"27":189.5118713379,"28":189.4889984131,"29":189.4667205811,"30":189.4453125,"31":189.4243927002,"32":189.4019470215,"33":189.3788757324,"34":189.3548736572,"35":189.3295440674,"36":189.3025665283,"37":189.2731018066,"38":189.240814209,"39":189.2073364258,"40":189.1734313965,"41":189.1401672363,"42":189.1064605713,"43":189.0716705322,"44":189.0363311768,"45":189.0006408691,"46":188.9647827148,"47":188.9302825928,"48":188.8956604004,"49":188.8615264893,"50":188.8284301758,"51":188.7979431152,"52":188.770324707,"53":188.7453155518,"54":188.7220458984,"55":188.6998443604,"56":188.6771240234,"57":188.6538238525,"58":188.6333312988,"59":188.6159210205,"60":188.6004180908,"61":188.5872344971,"62":188.5758361816,"63":188.5671081543,"64":188.5552825928,"65":188.5522613525,"66":188.5347595215,"67":188.5299377441,"68":188.5279693604,"69":188.5137329102,"70":188.5084075928,"71":188.5021057129,"72":188.5040130615,"73":188.5099639893,"74":188.5185699463,"75":188.5314941406,"76":188.5468902588,"77":188.5614624023,"78":188.5715179443,"79":188.5778045654,"80":188.5840454102,"81":188.5866241455,"82":188.5874938965,"83":188.5882720947,"84":188.58984375,"85":188.5895996094,"86":188.5892486572,"87":188.5812072754,"88":188.5633087158,"89":188.5372619629,"90":188.5039978027},"y":{"0":195.8041534424,"1":195.8041534424,"2":195.8041534424,"3":195.8041534424,"4":195.8041534424,"5":195.8050384521,"6":195.8049316406,"7":195.8046875,"8":195.8044128418,"9":195.8042602539,"10":195.8041687012,"11":195.8041229248,"12":195.8040924072,"13":195.8040924072,"14":195.8040771484,"15":195.8040771484,"16":195.8040771484,"17":195.8040771484,"18":195.8040771484,"19":195.8040771484,"20":195.8040771484,"21":195.8040771484,"22":195.8040771484,"23":195.8040771484,"24":195.8040771484,"25":195.8369445801,"26":195.9624328613,"27":196.1457214355,"28":196.361618042,"29":196.5964050293,"30":196.8429870605,"31":197.0979309082,"32":197.359375,"33":197.6266174316,"34":197.8992156982,"35":198.1767578125,"36":198.4589538574,"37":198.7454223633,"38":199.0358581543,"39":199.330291748,"40":199.6284332275,"41":199.9301757812,"42":200.2351531982,"43":200.543182373,"44":200.8542175293,"45":201.1681976318,"46":201.4850158691,"47":201.8047943115,"48":202.1271820068,"49":202.4521789551,"50":202.7797851562,"51":203.1100158691,"52":203.4427337646,"53":203.7778320312,"54":204.1151275635,"55":204.4546508789,"56":204.7962036133,"57":205.1396789551,"58":205.485168457,"59":205.8327026367,"60":206.1822052002,"61":206.5336608887,"62":206.8872375488,"63":207.2397155762,"64":207.5881195068,"65":207.9366760254,"66":208.287322998,"67":208.6410064697,"68":208.9931945801,"69":209.353805542,"70":209.7226104736,"71":210.0900268555,"72":210.4645996094,"73":210.842880249,"74":211.2244720459,"75":211.6094665527,"76":211.9983673096,"77":212.3914642334,"78":212.7885742188,"79":213.1893920898,"80":213.5936889648,"81":214.001159668,"82":214.4118347168,"83":214.825378418,"84":215.2415771484,"85":215.6600952148,"86":216.080657959,"87":216.5023651123,"88":216.924621582,"89":217.3473205566,"90":217.7707977295},"z":{"0":1.2638585567,"1":1.1088316441,"2":0.8560166955,"3":0.5055115223,"4":0.1815198809,"5":0.1903333664,"6":0.2146995813,"7":0.2325953245,"8":0.2429821342,"9":0.2484142631,"10":0.2510909736,"11":0.2523598373,"12":0.2529450059,"13":0.2530936301,"14":0.2532283664,"15":0.2533183992,"16":0.2533687055,"17":0.2533851862,"18":0.253398329,"19":0.2534075975,"20":0.2534128129,"21":0.2534148395,"22":0.2534160614,"23":0.2534170747,"24":0.2534170747,"25":0.2529592216,"26":0.2523033321,"27":0.2521719933,"28":0.2523567379,"29":0.2526215315,"30":0.2528527677,"31":0.2530199289,"32":0.2531304955,"33":0.2531986237,"34":0.2532398105,"35":0.2532649934,"36":0.2532812357,"37":0.253292948,"38":0.2533020675,"39":0.2533087432,"40":0.2533153594,"41":0.2533214092,"42":0.2533268929,"43":0.2533313036,"44":0.2533349097,"45":0.2533377409,"46":0.2533399761,"47":0.2533424795,"48":0.2533451021,"49":0.2533474267,"50":0.2533494532,"51":0.253352046,"52":0.2533546388,"53":0.2533572614,"54":0.253359288,"55":0.2533602118,"56":0.2533609569,"57":0.2533621192,"58":0.2533640862,"59":0.2533654869,"60":0.2533660531,"61":0.2533661723,"62":0.2533648312,"63":0.2528014183,"64":0.2566731572,"65":0.2551987767,"66":0.2560982108,"67":0.2599019706,"68":0.2461624444,"69":0.2412726581,"70":0.2527419925,"71":0.2431813776,"72":0.245057866,"73":0.2483571917,"74":0.2507168055,"75":0.2520613372,"76":0.2527434826,"77":0.2530653775,"78":0.2532118559,"79":0.2532776296,"80":0.2533068359,"81":0.2533222437,"82":0.253329277,"83":0.2533346117,"84":0.2533401847,"85":0.2533460855,"86":0.2533525825,"87":0.2533645332,"88":0.253376931,"89":0.2533852756,"90":0.2609722018},"yaw":{"0":89.9902877808,"1":89.9902877808,"2":89.9902877808,"3":89.9902877808,"4":89.9902877808,"5":89.9900970459,"6":89.9902267456,"7":89.9903106689,"8":89.9903564453,"9":89.9903640747,"10":89.9903488159,"11":89.9903488159,"12":89.9903488159,"13":89.9903488159,"14":89.9903488159,"15":89.9903488159,"16":89.9903488159,"17":89.9903488159,"18":89.9903488159,"19":89.9903488159,"20":89.9903488159,"21":89.9903488159,"22":89.9903488159,"23":89.9903488159,"24":89.9903488159,"25":90.1265487671,"26":90.649269104,"27":91.3610153198,"28":92.0471725464,"29":92.5802688599,"30":92.9740066528,"31":93.2676391602,"32":93.5578536987,"33":93.8059234619,"34":94.0302505493,"35":94.2524642944,"36":94.4828796387,"37":94.7537918091,"38":95.0670928955,"39":95.3479919434,"40":95.5753173828,"41":95.7181396484,"42":95.8384780884,"43":95.9635696411,"44":96.0720062256,"45":96.1602478027,"46":96.2224807739,"47":96.2057876587,"48":96.189781189,"49":96.1478881836,"50":96.0639343262,"51":95.8850021362,"52":95.6268615723,"53":95.3198776245,"54":95.0076904297,"55":94.7203140259,"56":94.5134735107,"57":94.3690948486,"58":94.1400222778,"59":93.8424224854,"60":93.5371932983,"61":93.2102355957,"62":92.8892593384,"63":92.6335983276,"64":92.3056793213,"65":91.9215011597,"66":91.6440734863,"67":91.2768783569,"68":91.0860290527,"69":91.1250991821,"70":90.6605377197,"71":90.4128265381,"72":90.1754989624,"73":89.9166717529,"74":89.6220397949,"75":89.2308273315,"76":88.8474807739,"77":88.5997161865,"78":88.5949172974,"79":88.7365188599,"80":88.8394699097,"81":89.0597686768,"82":89.2850036621,"83":89.4518508911,"84":89.5435409546,"85":89.6805725098,"86":89.7828903198,"87":90.1596603394,"88":90.8091049194,"89":91.5833587646,"90":92.2113037109},"c_route":{"0":false,"1":false,"2":false,"3":false,"4":false,"5":false,"6":false,"7":false,"8":false,"9":false,"10":false,"11":false,"12":false,"13":false,"14":false,"15":false,"16":false,"17":false,"18":false,"19":false,"20":false,"21":false,"22":false,"23":false,"24":false,"25":false,"26":false,"27":false,"28":false,"29":false,"30":false,"31":false,"32":false,"33":false,"34":false,"35":false,"36":false,"37":false,"38":false,"39":false,"40":false,"41":false,"42":false,"43":false,"44":false,"45":false,"46":false,"47":false,"48":false,"49":false,"50":false,"51":false,"52":false,"53":false,"54":false,"55":false,"56":false,"57":false,"58":false,"59":false,"60":false,"61":false,"62":false,"63":false,"64":false,"65":false,"66":false,"67":false,"68":false,"69":false,"70":false,"71":false,"72":false,"73":false,"74":false,"75":false,"76":false,"77":false,"78":false,"79":false,"80":false,"81":false,"82":false,"83":false,"84":false,"85":false,"86":false,"87":false,"88":false,"89":false,"90":false},"done":{"0":false,"1":false,"2":false,