{"x":{"0":0.005947113,"1":0.005947113,"2":0.005947113,"3":0.005947113,"4":0.005947113,"5":0.0067757033,"6":0.0067204665,"7":0.0064253998,"8":0.0062103271,"9":0.0060852431,"10":0.0060181045,"11":0.0059830854,"12":0.0059650801,"13":0.0059594344,"14":0.0059538651,"15":0.0059501263,"16":0.0059480667,"17":0.0059473417,"18":0.0059468076,"19":0.0059462734,"20":0.0059459684,"21":0.0059458539,"22":0.005945778,"23":0.005945778,"24":0.0059457016,"25":0.0409044623,"26":0.1894904226,"27":0.4395351708,"28":0.7765181065,"29":1.1833963394,"30":1.6423944235,"31":2.1368536949,"32":2.6539363861,"33":3.1832916737,"34":3.7129058838,"35":4.2367954254,"36":4.7551732063,"37":5.2687878609,"38":5.7783441544,"39":6.2838153839,"40":6.7853918076,"41":7.2845797539,"42":7.7813916206,"43":8.2765340805,"44":8.7702875137,"45":9.2639598846,"46":9.7704582214,"47":10.2876520157,"48":10.8129005432,"49":11.3441476822,"50":11.8806495667,"51":12.4211187363,"52":12.9645586014,"53":13.5104475021,"54":14.0596265793,"55":14.6127653122,"56":15.1705465317,"57":15.7335186005,"58":16.3011741638,"59":16.8735294342,"60":17.4498558044,"61":18.0297431946},"y":{"0":306.9418334961,"1":306.9418334961,"2":306.9418334961,"3":306.9418334961,"4":306.9418334961,"5":306.9415893555,"6":306.9414672852,"7":306.9414672852,"8":306.9414672852,"9":306.9414672852,"10":306.9414978027,"11":306.9414672852,"12":306.94140625,"13":306.94140625,"14":306.94140625,"15":306.94140625,"16":306.94140625,"17":306.94140625,"18":306.94140625,"19":306.94140625,"20":306.94140625,"21":306.94140625,"22":306.94140625,"23":306.94140625,"24":306.94140625,"25":306.9385681152,"26":306.9257507324,"27":306.900970459,"28":306.864654541,"29":306.8182067871,"30":306.7662658691,"31":306.7114257812,"32":306.6574707031,"33":306.5995483398,"34":306.5362243652,"35":306.4672241211,"36":306.3915100098,"37":306.3109741211,"38":306.2277526855,"39":306.1409301758,"40":306.0499267578,"41":305.9527282715,"42":305.848449707,"43":305.7398071289,"44":305.6280822754,"45":305.5136413574,"46":305.3971252441,"47":305.2767028809,"48":305.1532592773,"49":305.025177002,"50":304.893371582,"51":304.7554016113,"52":304.609588623,"53":304.4554138184,"54":304.2961120605,"55":304.1344299316,"56":303.9730834961,"57":303.8143005371,"58":303.6562194824,"59":303.4986572266,"60":303.3387756348,"61":303.1748352051},"z":{"0":1.2638585567,"1":1.1088317633,"2":0.8560168147,"3":0.5055116415,"4":0.1815192699,"5":0.1903274506,"6":0.2146964669,"7":0.2325964272,"8":0.2429847717,"9":0.2484161705,"10":0.2510919571,"11":0.2523601055,"12":0.2529447973,"13":0.2530933321,"14":0.2532278895,"15":0.2533176839,"16":0.253367871,"17":0.2533844411,"18":0.2533974349,"19":0.2534067035,"20":0.2534120083,"21":0.253414005,"22":0.2534152567,"23":0.2534152567,"24":0.2534167469,"25":0.2529249489,"26":0.2520493269,"27":0.2515674233,"28":0.2514366806,"29":0.2515525818,"30":0.2518171668,"31":0.2527819276,"32":0.2534968555,"33":0.2536248863,"34":0.2537614107,"35":0.2538732588,"36":0.2539360225,"37":0.2539663613,"38":0.2539792955,"39":0.253985256,"40":0.2539827526,"41":0.2539641559,"42":0.2539519072,"43":0.2539426386,"44":0.2539367676,"45":0.253906548,"46":0.253772527,"47":0.2537192404,"48":0.2537154853,"49":0.2537300885,"50":0.2537477911,"51":0.2537644207,"52":0.2537791431,"53":0.2537905574,"54":0.2537971437,"55":0.25380072,"56":0.2538032234,"57":0.2538050115,"58":0.2538054883,"59":0.2538052797,"60":0.2538039684,"61":0.2538026869},"yaw":{"0":0.0257544741,"1":0.0257544741,"2":0.0257544741,"3":0.0257544741,"4":0.0257544741,"5":0.0253241882,"6":0.0254224204,"7":0.0256515741,"8":0.0257576928,"9":0.0257995836,"10":0.0258159656,"11":0.0258224234,"12":0.0258250628,"13":0.0258256271,"14":0.0258250348,"15":0.0258236825,"16":0.0258229095,"17":0.0258226823,"18":0.0258224774,"19":0.0258223265,"20":0.0258223265,"21":0.0258223265,"22":0.0258221887,"23":0.0258221887,"24":0.0258221887,"25":-0.0930175632,"26":-0.5968627334,"27":-1.4635010958,"28":-2.5333251953,"29":-3.6262514591,"30":-4.4986281395,"31":-5.1048312187,"32":-5.3940458298,"33":-5.6992225647,"34":-6.1064510345,"35":-6.6124315262,"36":-7.2224183083,"37":-7.8224573135,"38":-8.3332605362,"39":-8.8274335861,"40":-9.3343343735,"41":-9.9198741913,"42":-10.5913248062,"43":-11.2069568634,"44":-11.7382984161,"45":-12.1887702942,"46":-12.4543046951,"47":-12.6900529861,"48":-12.8864345551,"49":-13.1356716156,"50":-13.3886013031,"51":-13.7437639236,"52":-14.2372627258,"53":-14.8349170685,"54":-15.3579559326,"55":-15.7251167297,"56":-15.8856372833,"57":-15.8288135529,"58":-15.7194709778,"59":-15.584856987,"60":-15.5533323288,"61":-15.6504688263},"c_route":{"0":false,"1":false,"2":false,"3":false,"4":false,"5":false,"6":false,"7":false,"8":false,"9":false,"10":false,"11":false,"12":false,"13":false,"14":false,"15":false,"16":false,"17":false,"18":false,"19":false,"20":false,"21":false,"22":false,"23":false,"24":false,"25":false,"26":false,"27":false,"28":false,"29":false,"30":false,"31":false,"32":false,"33":false,"34":false,"35":false,"36":false,"37":false,"38":false,"39":false,"40":false,"41":false,"42":false,"43":false,"44":false,"45":false,"46":false,"47":false,"48":false,"49":false,"50":false,"51":false,"52":false,"53":false,"54":false,"55":false,"56":false,"57":false,"58":false,"59":false,"60":false,"61":false},"done":{"0":false,"1":false,"2":false,"3":false,"4":false,"5":false,"6":false,"7":false,"8":false,"9":false,"10":false,"11":false,"12":false,"13":false,"14":false,"15":false,"16":false,"17":false,"18":false,"19":false,"20":false,"21":false,"22":false,"23":false,"24":false,"25":false,"26":false,"27":false,"28":false,"29":false,"30":false,"31":false,"32":false,"33":false,"34":false,"35":false,"36":false,"37":false,"38":false,"39":false,"40":false,"41":false,"42":false,"43":false,"44":false,"45":false,"46":false,"47":false,"48":false,"49":false,"50":false,"51":false,"52":false,"53":false,"54":false,"55":false,"56":false,"57":false,"58":false,"59":false,"60":false,"61":true},"route_completed_in_m":{"0":1.2046949863,"1":1.2046949863,"2":1.2046949863,"3":1.2046949863,"4":1.2046949863,"5":1.2046949863,"6":1.2046949863,"7":1.2046949863,"8":1.2046949863,"9":1.2046949863,"10":1.2046949863,"11":1.2046949863,"12":1.2046949863,"13":1.2046949863,"14":1.2046949863,"15":1.2046949863,"16":1.2046949863,"17":1.2046949863,"18":1.2046949863,"19":1.2046949863,"20":1.2046949863,"21":1.2046949863,"22":1.2046949863,"23":1.2046949863,"24":1.2046949863,"25":1.2046949863,"26":1.2046949863,"27":1.2046949863,"28":2.4093897343,"29":2.4093897343,"30":3.6140850782,"31":3.6140850782,"32":3.6140850782,"33":4.8826104403,"34":4.8826104403,"35":5.8826106787,"36":5.8826106787,"37":6.8826104403,"38":6.8826104403,"39":7.8826102018,"40":7.8826102018,"41":8.8826099634,"42":8.8826099634,"43":9.8826102018,"44":9.8826102018,"45":10.8826104403,"46":10.8826104403,"47":11.8826106787,"48":11.8826106787,"49":12.8826099634,"50":12.8826099634,"51":13.8826102018,"52":13.8826102018,"53":14.8826104403,"54":14.8826104403,"55":15.882609725,"56":16.8826109171,"57":16.8826109171,"58":17.8826111555,"59":17.8826111555,"60":18.8826113939,"61":18.8826113939}}