{"x":{"0":-3.567107439,"1":-3.567107439,"2":-3.567107439,"3":-3.567107439,"4":-3.567107439,"5":-3.5670361519,"6":-3.5671610832,"7":-3.5672285557,"8":-3.567262888,"9":-3.5672819614,"10":-3.5672934055,"11":-3.5673003197,"12":-3.5673043728,"13":-3.567306757,"14":-3.5673115253,"15":-3.567317009,"16":-3.5673205853,"17":-3.5673220158,"18":-3.5673234463,"19":-3.5673241615,"20":-3.5673246384,"21":-3.5673246384,"22":-3.5673251152,"23":-3.5673251152,"24":-3.5673251152,"25":-3.5717098713,"26":-3.5913908482,"27":-3.6268935204,"28":-3.6778178215,"29":-3.7451052666,"30":-3.8281066418,"31":-3.9222266674,"32":-4.0252451897,"33":-4.1345944405,"34":-4.2465319633,"35":-4.3614664078,"36":-4.4761371613,"37":-4.5870738029,"38":-4.6915435791,"39":-4.7916769981,"40":-4.8869729042,"41":-4.9773902893,"42":-5.0642566681,"43":-5.1478276253,"44":-5.2315716743,"45":-5.3150577545,"46":-5.3989553452,"47":-5.4817419052,"48":-5.5633225441,"49":-5.6430163383,"50":-5.7193207741,"51":-5.7933697701,"52":-5.8653311729,"53":-5.9381952286,"54":-6.012983799,"55":-6.0894670486,"56":-6.166408062,"57":-6.2435350418,"58":-6.3255052567,"59":-6.4141073227,"60":-6.5028429031,"61":-6.5872402191,"62":-6.6678791046,"63":-6.7419104576,"64":-6.8058805466,"65":-6.8625259399,"66":-6.911511898,"67":-6.9529967308},"y":{"0":240.942489624,"1":240.942489624,"2":240.942489624,"3":240.942489624,"4":240.942489624,"5":240.9417114258,"6":240.9417572021,"7":240.9420318604,"8":240.9422149658,"9":240.9423828125,"10":240.9424591064,"11":240.9425201416,"12":240.9425354004,"13":240.9425354004,"14":240.9425506592,"15":240.9425506592,"16":240.9425506592,"17":240.9425506592,"18":240.9425506592,"19":240.9425506592,"20":240.9425506592,"21":240.9425506592,"22":240.9425506592,"23":240.9425506592,"24":240.9425506592,"25":240.9082336426,"26":240.7637481689,"27":240.5236053467,"28":240.2036590576,"29":239.8218841553,"30":239.3966369629,"31":238.9427642822,"32":238.471282959,"33":237.9887390137,"34":237.4982299805,"35":237.002243042,"36":236.504119873,"37":236.0116882324,"38":235.5211791992,"39":235.020690918,"40":234.5184783936,"41":234.016784668,"42":233.5152435303,"43":233.0139007568,"44":232.5132904053,"45":232.0123138428,"46":231.5002746582,"47":230.9769744873,"48":230.4440612793,"49":229.9024200439,"50":229.3524627686,"51":228.7947235107,"52":228.2294921875,"53":227.6574554443,"54":227.0789337158,"55":226.4943084717,"56":225.9036712646,"57":225.3072357178,"58":224.7058868408,"59":224.1001281738,"60":223.4890136719,"61":222.8721008301,"62":222.2495422363,"63":221.6211242676,"64":220.9866485596,"65":220.3463592529,"66":219.7002716064,"67":219.0485839844},"z":{"0":1.2638585567,"1":1.1088317633,"2":0.8560167551,"3":0.5055116415,"4":0.1815201938,"5":0.1903327554,"6":0.2146955431,"7":0.2325958908,"8":0.2429849505,"9":0.2484170794,"10":0.2510931194,"11":0.2523611784,"12":0.2529459,"13":0.2530943751,"14":0.2532289326,"15":0.2533188164,"16":0.2533690929,"17":0.2533856034,"18":0.2533985972,"19":0.2534078658,"20":0.2534131706,"21":0.2534151673,"22":0.2534164488,"23":0.2534164488,"24":0.2534179688,"25":0.2529352903,"26":0.2520909011,"27":0.2516502738,"28":0.2515572309,"29":0.2517027259,"30":0.2519851923,"31":0.2523087263,"32":0.2526085675,"33":0.2528471053,"34":0.2539193928,"35":0.2540951371,"36":0.254039675,"37":0.2540454865,"38":0.2538587749,"39":0.253882885,"40":0.253913492,"41":0.2539254427,"42":0.2539281547,"43":0.253929168,"44":0.2539289892,"45":0.2539055943,"46":0.2537913024,"47":0.2537327409,"48":0.2537147701,"49":0.2537148893,"50":0.2537215054,"51":0.2537283599,"52":0.2537352741,"53":0.2537411749,"54":0.2537469566,"55":0.2537532449,"56":0.2537596524,"57":0.2537659109,"58":0.2537719607,"59":0.2537774146,"60":0.2537802458,"61":0.2537832856,"62":0.2537858784,"63":0.2537882924,"64":0.2537917197,"65":0.2537918091,"66":0.2537925541,"67":0.25379318},"yaw":{"0":-90.0679016113,"1":-90.0679016113,"2":-90.0679016113,"3":-90.0679016113,"4":-90.0679016113,"5":-90.0684738159,"6":-90.0684127808,"7":-90.0681381226,"8":-90.0680160522,"9":-90.0679397583,"10":-90.0679321289,"11":-90.0679321289,"12":-90.0679321289,"13":-90.0679321289,"14":-90.0679321289,"15":-90.0679321289,"16":-90.0679321289,"17":-90.0679321289,"18":-90.0679321289,"19":-90.0679321289,"20":-90.0679321289,"21":-90.0679321289,"22":-90.0679321289,"23":-90.0679321289,"24":-90.0679321289,"25":-90.2504501343,"26":-91.0150680542,"27":-92.2393875122,"28":-93.7242507935,"29":-95.354637146,"30":-97.0040664673,"31":-98.4611358643,"32":-99.7055130005,"33":-100.7167434692,"34":-101.4305038452,"35":-101.9803619385,"36":-102.3343658447,"37":-102.4647293091,"38":-102.2713775635,"39":-101.9251327515,"40":-101.5085525513,"41":-101.0537872314,"42":-100.622177124,"43":-100.2154998779,"44":-99.9635162354,"45":-99.7968215942,"46":-99.6212539673,"47":-99.388381958,"48":-99.1314468384,"49":-98.8419723511,"50":-98.4789199829,"51":-98.1213912964,"52":-97.7796401978,"53":-97.5703201294,"54":-97.4860610962,"55":-97.4694747925,"56":-97.4460372925,"57":-97.4093933105,"58":-97.5524291992,"59":-97.8737258911,"60":-98.0361938477,"61":-97.9258575439,"62":-97.6844177246,"63":-97.2593917847,"64":-96.5949172974,"65":-95.9070129395,"66":-95.201171875,"67":-94.4946212769},"c_route":{"0":false,"1":false,"2":false,"3":false,"4":false,"5":false,"6":false,"7":false,"8":false,"9":false,"10":false,"11":false,"12":false,"13":false,"14":false,"15":false,"16":false,"17":false,"18":false,"19":false,"20":false,"21":false,"22":false,"23":false,"24":false,"25":false,"26":false,"27":false,"28":false,"29":false,"30":false,"31":false,"32":false,"33":false,"34":false,"35":false,"36":false,"37":false,"38":false,"39":false,"40":false,"41":false,"42":false,"43":false,"44":false,"45":false,"46":false,"47":false,"48":false,"49":false,"50":false,"51":false,"52":false,"53":false,"54":false,"55":false,"56":false,"57":false,"58":false,"59":false,"60":false,"61":false,"62":false,"63":false,"64":false,"65":false,"66":false,"67":false},"done":{"0":false,"1":false,"2":false,"3":false,"4":false,"5":false,"6":false,"7":false,"8":false,"9":false,"10":false,"11":false,"12":false,"13":false,"14":false,"15":false,"16":false,"17":false,"18":false,"19":false,"20":false,"21":false,"22":false,"23":false,"24":false,"25":false,"26":false,"27":false,"28":false,"29":false,"30":false,"31":false,"32":false,"33":false,"34":false,"35":false,"36":false,"37":false,"38":false,"39":false,"40":false,"41":false,"42":false,"43":false,"44":false,"45":false,"46":false,"47":false,"48":false,"49":false,"50":false,"51":false,"52":false,"53":false,"54":false,"55":false,"56":false,"57":false,"58":false,"59":false,"60":false,"61":false,"62":false,"63":false,"64":false,"65":false,"66":false,"67":true},"route_completed_in_m":{"0":0.0,"1":0.0,"2":0.0,"3":0.0,"4":0.0,"5":0.0,"6":0.0,"7":0.0,"8":0.0,"9":0.0,"10":0.0,"11":0.0,"12":0.0,"13":0.0,"14":0.0,"15":0.0,"16":0.0,"17":0.0,"18":0.0,"19":0.0,"20":0.0,"21":0.0,"22":0.0,"23":0.0,"24":0.0,"25":0.0,"26":1.0,"27":1.0,"28":1.0,"29":2.0,"30":2.0,"31":3.0,"32":3.0,"33":4.0,"34":4.0,"35":5.0,"36":5.0,"37":6.0,"38":6.0,"39":7.0,"40":7.0,"41":8.0,"42":8.0,"43":9.0,"44":9.0,"45":10.0,"46":10.0,"47":11.0,"48":11.0,"49":12.0,"50":12.0,"51":13.0,"52":14.0,"53":14.0,"54":15.0,"55":15.0,"56":16.0,"57":16.0,"58":17.0,"59":18.0,"60":18.0,"61":19.0,"62":20.0,"63":20.0,"64":21.0,"65":22.0,"66":22.0,"67":23.0}}