{"x":{"0":-7.7010483742,"1":-7.7010483742,"2":-7.7010483742,"3":-7.7010483742,"4":-7.7010483742,"5":-7.7007870674,"6":-7.7006912231,"7":-7.7006907463,"8":-7.7007036209,"9":-7.700712204,"10":-7.7007169724,"11":-7.7007198334,"12":-7.7007212639,"13":-7.700720787,"14":-7.7007169724,"15":-7.7007117271,"16":-7.7007083893,"17":-7.7007064819,"18":-7.7007055283,"19":-7.7007045746,"20":-7.7007040977,"21":-7.7007040977,"22":-7.7007036209,"23":-7.7007036209,"24":-7.7007036209,"25":-7.6980204582,"26":-7.685986042,"27":-7.6626653671,"28":-7.6277318001,"29":-7.5814361572,"30":-7.5243468285,"31":-7.4601330757,"32":-7.3888297081,"33":-7.3114128113,"34":-7.2287063599,"35":-7.1414532661,"36":-7.0502529144,"37":-6.9554805756,"38":-6.8560318947,"39":-6.7514176369,"40":-6.6442718506,"41":-6.5353984833,"42":-6.4240546227,"43":-6.310300827,"44":-6.1943707466,"45":-6.0785393715,"46":-5.9608054161,"47":-5.8443188667,"48":-5.7319717407,"49":-5.6241149902,"50":-5.5246982574,"51":-5.433485508,"52":-5.3495397568,"53":-5.2749590874,"54":-5.2097086906,"55":-5.1563663483,"56":-5.1178908348,"57":-5.0936875343,"58":-5.0841169357,"59":-5.0884594917,"60":-5.1023817062,"61":-5.1258993149,"62":-5.1563467979,"63":-5.1973423958,"64":-5.2452020645,"65":-5.3012676239,"66":-5.3673930168,"67":-5.4452996254,"68":-5.5325217247,"69":-5.6270227432,"70":-5.7235789299,"71":-5.8159813881,"72":-5.8993659019,"73":-5.974354744,"74":-6.0415592194,"75":-6.0947751999,"76":-6.1321592331,"77":-6.1554288864,"78":-6.166053772,"79":-6.1716046333,"80":-6.1796269417,"81":-6.1938066483,"82":-6.2159948349,"83":-6.2512974739,"84":-6.2974209785,"85":-6.3508853912,"86":-6.4123773575,"87":-6.4793462753,"88":-6.5493717194,"89":-6.6195292473,"90":-6.6824502945,"91":-6.7322030067,"92":-6.7644724846,"93":-6.7807149887,"94":-6.7824926376,"95":-6.7741351128,"96":-6.7622375488,"97":-6.7527537346,"98":-6.748925209,"99":-6.7513346672,"100":-6.7589597702},"y":{"0":145.9498901367,"1":145.9498901367,"2":145.9498901367,"3":145.9498901367,"4":145.9498901367,"5":145.9507141113,"6":145.9506530762,"7":145.9503326416,"8":145.9501190186,"9":145.9499969482,"10":145.9499053955,"11":145.9498748779,"12":145.9498443604,"13":145.9498443604,"14":145.9498291016,"15":145.9498138428,"16":145.9498138428,"17":145.9498138428,"18":145.9498138428,"19":145.9498138428,"20":145.9498138428,"21":145.9498138428,"22":145.9498138428,"23":145.9498138428,"24":145.9498138428,"25":145.9848327637,"26":146.1336517334,"27":146.3841247559,"28":146.7217102051,"29":147.1305389404,"30":147.5927124023,"31":148.0913391113,"32":148.6122589111,"33":149.1454467773,"34":149.682434082,"35":150.2171173096,"36":150.7485961914,"37":151.274230957,"38":151.793182373,"39":152.3057556152,"40":152.8132781982,"41":153.319152832,"42":153.82371521,"43":154.326965332,"44":154.828918457,"45":155.3313903809,"46":155.8453826904,"47":156.369934082,"48":156.9028625488,"49":157.4427032471,"50":157.989074707,"51":158.5415039062,"52":159.099609375,"53":159.6633605957,"54":160.2325744629,"55":160.8071594238,"56":161.3868103027,"57":161.9713592529,"58":162.5605163574,"59":163.1541290283,"60":163.7523956299,"61":164.3550109863,"62":164.9621124268,"63":165.573135376,"64":166.1884918213,"65":166.8079071045,"66":167.4310302734,"67":168.057510376,"68":168.687713623,"69":169.3220062256,"70":169.9612426758,"71":170.6064147949,"72":171.2580108643,"73":171.9161224365,"74":172.5807952881,"75":173.2523040771,"76":173.9307556152,"77":174.6162872314,"78":175.308807373,"79":176.0084075928,"80":176.7149353027,"81":177.4279632568,"82":178.1471405029,"83":178.871673584,"84":179.6017150879,"85":180.3374328613,"86":181.0785064697,"87":181.8250732422,"88":182.5771636963,"89":183.3350219727,"90":184.0988464355,"91":184.8687896729,"92":185.6445922852,"93":186.4262237549,"94":187.2135467529,"95":188.0065612793,"96":188.8052062988,"97":189.6071014404,"98":190.4077911377,"99":191.2072296143,"100":192.0054473877},"z":{"0":1.2638585567,"1":1.1088317633,"2":0.8560167551,"3":0.5055116415,"4":0.1815201491,"5":0.190328598,"6":0.2146974504,"7":0.2325973511,"8":0.2429854125,"9":0.2484171689,"10":0.25109303,"11":0.2523611486,"12":0.2529458702,"13":0.2530944049,"14":0.2532289028,"15":0.2533188164,"16":0.2533690631,"17":0.2533855736,"18":0.253398627,"19":0.2534078062,"20":0.2534131706,"21":0.2534152269,"22":0.2534164488,"23":0.2534174621,"24":0.2534174621,"25":0.2529253364,"26":0.2520483732,"27":0.2515653968,"28":0.2514327168,"29":0.2515351772,"30":0.2517908514,"31":0.2529274821,"32":0.2534618676,"33":0.2535821795,"34":0.253695786,"35":0.2538035214,"36":0.2538805604,"37":0.2539506555,"38":0.2539927661,"39":0.2540127635,"40":0.2540113032,"41":0.2539798319,"42":0.253957957,"43":0.2539454103,"44":0.2539383769,"45":0.2539081275,"46":0.2537877858,"47":0.2537412345,"48":0.2537407875,"49":0.2537564039,"50":0.2537762523,"51":0.2537913322,"52":0.2538005114,"53":0.253808707,"54":0.2538132071,"55":0.2538189888,"56":0.2538260221,"57":0.253828913,"58":0.2538306117,"59":0.2538298666,"60":0.2538233399,"61":0.2538193166,"62":0.2538135052,"63":0.2538132071,"64":0.2538082004,"65":0.2538063824,"66":0.253805846,"67":0.2538064122,"68":0.2538039684,"69":0.2538004518,"70":0.2537946999,"71":0.2537898123,"72":0.2537874877,"73":0.2537844479,"74":0.253780663,"75":0.2537813783,"76":0.253780067,"77":0.2537754774,"78":0.2537706792,"79":0.2537612617,"80":0.253754735,"81":0.2537528276,"82":0.253754884,"83":0.253761977,"84":0.2537642121,"85":0.253764689,"86":0.2537668943,"87":0.253767848,"88":0.2537684143,"89":0.2537693381,"90":0.2537727058,"91":0.2537781894,"92":0.2537849844,"93":0.2537865043,"94":0.253786236,"95":0.2537829876,"96":0.2537796199,"97":0.2538119555,"98":0.2538621724,"99":0.2538931668,"100":0.2539100945},"yaw":{"0":89.9320678711,"1":89.9320678711,"2":89.9320678711,"3":89.9320678711,"4":89.9320678711,"5":89.9316101074,"6":89.9317398071,"7":89.931930542,"8":89.9320449829,"9":89.9320907593,"10":89.9320755005,"11":89.9320755005,"12":89.9320755005,"13":89.9320755005,"14":89.9320755005,"15":89.9320755005,"16":89.9320755005,"17":89.9320755005,"18":89.9320755005,"19":89.9320755005,"20":89.9320755005,"21":89.9320755005,"22":89.9320755005,"23":89.9320755005,"24":89.9320755005,"25":89.821434021,"26":89.3582000732,"27":88.5551223755,"28":87.5335922241,"29":86.4303131104,"30":85.3458633423,"31":84.4439697266,"32":83.6571731567,"33":82.9616622925,"34":82.3268432617,"35":81.7512283325,"36":81.2272720337,"37":80.7011260986,"38":80.1396102905,"39":79.538482666,"40":79.0210494995,"41":78.6103744507,"42":78.2392807007,"43":77.8955459595,"44":77.5792160034,"45":77.3832397461,"46":77.2834396362,"47":77.3577346802,"48":77.6344680786,"49":78.0365066528,"50":78.6642303467,"51":79.4150695801,"52":80.1976699829,"53":81.0780563354,"54":82.0112609863,"55":83.0710983276,"56":84.3174514771,"57":85.6445083618,"58":87.0261917114,"59":88.4051589966,"60":89.603515625,"61":90.6885528564,"62":91.5963363647,"63":92.5367050171,"64":93.3459854126,"65":94.1241989136,"66":94.9561309814,"67":95.8817977905,"68":96.7564544678,"69":97.5137329102,"70":97.9920043945,"71":98.0624465942,"72":97.712600708,"73":97.1571273804,"74":96.5189743042,"75":95.5967102051,"76":94.4505004883,"77":93.2621688843,"78":92.1203231812,"79":91.3105392456,"80":90.9839477539,"81":91.0577545166,"82":91.4095230103,"83":92.1010971069,"84":92.8734207153,"85":93.5362472534,"86":94.163482666,"87":94.6715621948,"88":95.018081665,"89":95.1677627563,"90":94.9310913086,"91":94.2709197998,"92":93.2437667847,"93":92.1075286865,"94":90.9997024536,"95":90.0867538452,"96":89.5370101929,"97":89.3975601196,"98":89.5726776123,"99":89.9087905884,"100":90.2716369629},"c_route":{"0":false,"1":false,"2":false,"3":false,"4":false,"5":false,"6":false,"7":false,"8":false,"9":false,"10":false,"11":false,"12":false,"13":false,"14":false,"15":false,"16":false,"17":false,"18":false,"19":false,"20":false,"21":false,"22":false,"23":false,"24":false,"25":false,"26":false,"27":false,"28":false,"29":false,"30":false,"31":false,"32":false,"33":false,