{"x":{"0":88.4655914307,"1":88.4655914307,"2":88.4655914307,"3":88.4655914307,"4":88.4655914307,"5":88.4647216797,"6":88.4647827148,"7":88.4651031494,"8":88.4653167725,"9":88.4654464722,"10":88.4655380249,"11":88.4655761719,"12":88.4656066895,"13":88.4656066895,"14":88.4656143188,"15":88.4656219482,"16":88.4656219482,"17":88.4656219482,"18":88.4656219482,"19":88.4656219482,"20":88.4656219482,"21":88.4656219482,"22":88.4656219482,"23":88.4656219482,"24":88.4656219482,"25":88.4302902222,"26":88.2800445557,"27":88.0267944336,"28":87.6852493286,"29":87.2708206177,"30":86.8004379272,"31":86.2904586792,"32":85.7546691895,"33":85.2032089233,"34":84.6430664062,"35":84.0827407837,"36":83.5261688232,"37":82.972984314,"38":82.4228210449,"39":81.8752593994,"40":81.3299636841,"41":80.785697937,"42":80.2421722412,"43":79.6993560791,"44":79.1573791504,"45":78.6151275635,"46":78.0590133667,"47":77.4905548096,"48":76.9133987427,"49":76.3292007446,"50":75.7391204834,"51":75.1438751221,"52":74.5437545776,"53":73.9389038086,"54":73.3302459717,"55":72.7177886963,"56":72.1016159058,"57":71.482170105,"58":70.8599624634,"59":70.2351379395,"60":69.6072616577,"61":68.9756240845,"62":68.3397598267,"63":67.6993560791,"64":67.0543212891,"65":66.4049835205,"66":65.7509918213,"67":65.091758728,"68":64.4270553589,"69":63.7569656372,"70":63.0818786621,"71":62.4022636414,"72":61.7190666199,"73":61.0322189331,"74":60.3415412903,"75":59.6470603943,"76":58.9485054016,"77":58.2451629639,"78":57.5365409851,"79":56.8222732544,"80":56.1022491455,"81":55.3766670227,"82":54.6458587646,"83":53.9104766846,"84":53.1712112427,"85":52.4285888672,"86":51.6825904846,"87":50.9332962036,"88":50.1805610657,"89":49.424911499,"90":48.6662483215,"91":47.9041557312,"92":47.139465332,"93":46.3719024658,"94":45.6008453369,"95":44.8261108398,"96":44.0479354858,"97":43.2668800354,"98":42.4832611084,"99":41.6973381042,"100":40.9090042114},"y":{"0":188.188079834,"1":188.188079834,"2":188.188079834,"3":188.188079834,"4":188.188079834,"5":188.1884002686,"6":188.1884918213,"7":188.1885070801,"8":188.1884765625,"9":188.1884765625,"10":188.1884307861,"11":188.1884460449,"12":188.1884918213,"13":188.1884918213,"14":188.1885070801,"15":188.1885070801,"16":188.1885070801,"17":188.1885070801,"18":188.1885070801,"19":188.1885070801,"20":188.1885070801,"21":188.1885070801,"22":188.1885070801,"23":188.1885070801,"24":188.1885070801,"25":188.1884765625,"26":188.1882324219,"27":188.1878662109,"28":188.1848602295,"29":188.1756591797,"30":188.1603546143,"31":188.1423339844,"32":188.1234741211,"33":188.1046600342,"34":188.0868530273,"35":188.0715026855,"36":188.0546264648,"37":188.0343780518,"38":188.0105438232,"39":187.9850921631,"40":187.9588012695,"41":187.9320678711,"42":187.90675354,"43":187.886932373,"44":187.8754577637,"45":187.8745422363,"46":187.8827667236,"47":187.8948516846,"48":187.912612915,"49":187.9310455322,"50":187.9503631592,"51":187.9725494385,"52":187.9973602295,"53":188.0237579346,"54":188.0597076416,"55":188.101852417,"56":188.1484527588,"57":188.2015380859,"58":188.2643737793,"59":188.3380584717,"60":188.4203338623,"61":188.5073242188,"62":188.5969696045,"63":188.6875762939,"64":188.7785949707,"65":188.8722076416,"66":188.9656829834,"67":189.0536346436,"68":189.1306152344,"69":189.1931152344,"70":189.2370147705,"71":189.2595825195,"72":189.2559967041,"73":189.2277832031,"74":189.1784973145,"75":189.111328125,"76":189.0314483643,"77":188.9470062256,"78":188.8650665283,"79":188.7924194336,"80":188.7326660156,"81":188.6908874512,"82":188.6701660156,"83":188.6732177734,"84":188.7010345459,"85":188.7526855469,"86":188.8236846924,"87":188.9089050293,"88":189.0026092529,"89":189.1043548584,"90":189.2113189697,"91":189.3182220459,"92":189.4283294678,"93":189.5375213623,"94":189.6366424561,"95":189.7202758789,"96":189.7821655273,"97":189.8166351318,"98":189.8234100342,"99":189.8040618896,"100":189.7632598877},"z":{"0":1.263858676,"1":1.1088318825,"2":0.8560168147,"3":0.5055117011,"4":0.1815202236,"5":0.1903285235,"6":0.2146998495,"7":0.2325978428,"8":0.2429847717,"9":0.2484164387,"10":0.2510923445,"11":0.252360791,"12":0.2529456913,"13":0.2530943155,"14":0.2532289028,"15":0.2533187866,"16":0.2533690631,"17":0.2533855438,"18":0.2533985972,"19":0.2534078956,"20":0.2534131706,"21":0.2534150779,"22":0.2534163594,"23":0.2534163594,"24":0.2534179688,"25":0.252921015,"26":0.2520360053,"27":0.2515469193,"28":0.251411736,"29":0.2515080273,"30":0.2517507076,"31":0.2529831231,"32":0.2533752322,"33":0.2534879744,"34":0.2535924613,"35":0.2537378669,"36":0.2538487315,"37":0.253908962,"38":0.2539390028,"39":0.253952086,"40":0.2539550066,"41":0.2539447248,"42":0.2539373636,"43":0.2539347112,"44":0.2539352477,"45":0.2539084852,"46":0.2537656724,"47":0.2537070811,"48":0.2537076175,"49":0.2537246943,"50":0.2537456751,"51":0.2537633479,"52":0.2537762821,"53":0.2537852526,"54":0.2537954748,"55":0.2538027763,"56":0.253808856,"57":0.25381428,"58":0.25381881,"59":0.2538210154,"60":0.2538195252,"61":0.2538148165,"62":0.2538093626,"63":0.2538044751,"64":0.253801316,"65":0.2537999153,"66":0.2537990808,"67":0.2538006008,"68":0.2538057566,"69":0.2538132668,"70":0.2538239956,"71":0.2538337708,"72":0.253846854,"73":0.2538466156,"74":0.2538389266,"75":0.2538294792,"76":0.2538192272,"77":0.2538086772,"78":0.253801465,"79":0.2537992299,"80":0.2537993193,"81":0.2538045347,"82":0.2538104951,"83":0.2538182139,"84":0.2538242042,"85":0.2538269758,"86":0.2538245022,"87":0.2538217604,"88":0.2538194656,"89":0.2538203001,"90":0.253821224,"91":0.2538235486,"92":0.2538282573,"93":0.2538338006,"94":0.2538429201,"95":0.2538524866,"96":0.2538652122,"97":0.2538792789,"98":0.2538846433,"99":0.2538833916,"100":0.2538741529},"yaw":{"0":179.9535064697,"1":179.9535064697,"2":179.9535064697,"3":179.9535064697,"4":179.9535064697,"5":179.9531097412,"6":179.9532165527,"7":179.9534606934,"8":179.9535064697,"9":179.9535522461,"10":179.9535675049,"11":179.9535675049,"12":179.9535675049,"13":179.9535675049,"14":179.9535675049,"15":179.9535675049,"16":179.9535675049,"17":179.9535675049,"18":179.9535675049,"19":179.9535675049,"20":179.9535675049,"21":179.9535675049,"22":179.9535675049,"23":179.9535675049,"24":179.9535675049,"25":179.9571838379,"26":179.9714050293,"27":179.9904327393,"28":-179.8890075684,"29":-179.560546875,"30":-179.107131958,"31":-178.7210083008,"32":-178.4572601318,"33":-178.3070983887,"34":-178.2592163086,"35":-178.3286743164,"36":-178.3035736084,"37":-178.1490478516,"38":-177.9102783203,"39":-177.6953735352,"40":-177.5262298584,"41":-177.399810791,"42":-177.3754577637,"43":-177.5756530762,"44":-178.0306396484,"45":-178.7290496826,"46":-179.5316009521,"47":179.816619873,"48":179.1949462891,"49":178.7962341309,"50":178.5279693604,"51":178.258102417,"52":178.0004730225,"53":177.793182373,"54":177.3025360107,"55":176.7756347656,"56":176.309173584,"57":175.7929992676,"58":175.120010376,"59":174.3173828125,"60":173.5387573242,"61":172.9305267334,"62":172.5077362061,"63":172.2578582764,"64":172.1279449463,"65":171.9790039062,"66":171.9269714355,"67":172.1433868408,"68":172.7201538086,"69":173.6300354004,"70":174.8733825684,"71":176.3947143555,"72":178.2496643066,"73":-179.7895507812,"74":-177.9239044189,"75":-176.2490539551,"76":-174.8896942139,"77":-174.0298156738,"78":-173.7134552002,"79":-173.9468841553,"80":-174.6016387939,"81":-175.6633148193,"82":-177.0454559326,"83":-178.6875,"84":179.5151672363,"85":177.6865386963,"86":176.0343933105,"87":174.6868286133,"88":173.7247772217,"89":172.972366333,"90":172.4283599854,"91":172.1958007812,"92":171.985458374,"93":171.9356384277,"94":172.3267822266,"95":173.1484832764,"96":174.4105072021,"97":176.0999908447,"98":177.9975738525,"99":179.9122772217,"100":-178.3596496582},"c_route":{"0":false,"1":false,"2":false,"3":false,"4":false,"5":false,"6":false,"7":false,"8":false,"9":false,"10":false,"11":false,"12":false,"13":false,"14":false,"15":false,"16":false,"17":false,"18":false,"19":false,"20":false,"21":false,