{"x":{"0":0.9347267747,"1":0.9347267747,"2":0.9347267747,"3":0.9347267747,"4":0.9347267747,"5":0.9355387688,"6":0.9354841113,"7":0.9351890087,"8":0.9349738955,"9":0.9348487854,"10":0.9347815514,"11":0.9347463846,"12":0.934728384,"13":0.9347229004,"14":0.9347172379,"15":0.9347135425,"16":0.9347114563,"17":0.9347105026,"18":0.9347097278,"19":0.9347092509,"20":0.9347088933,"21":0.9347088337,"22":0.9347087145,"23":0.9347087145,"24":0.9347087145,"25":0.9696514606,"26":1.1181592941,"27":1.3682296276,"28":1.7047914267,"29":2.1102657318,"30":2.5659770966,"31":3.0548765659,"32":3.5639019012,"33":4.0838747025,"34":4.6057181358,"35":5.1215229034,"36":5.6310210228,"37":6.1362457275,"38":6.6383571625,"39":7.1378803253,"40":7.6353673935,"41":8.1326971054,"42":8.6309947968,"43":9.1299648285,"44":9.6291942596,"45":10.1328544617,"46":10.6598997116,"47":11.2042608261,"48":11.7599191666,"49":12.3202533722,"50":12.8825864792,"51":13.4479808807,"52":14.0171260834,"53":14.590502739,"54":15.1684217453,"55":15.7509632111,"56":16.3382301331,"57":16.9303836823,"58":17.527425766,"59":18.1294841766,"60":18.7370929718,"61":19.3505268097,"62":19.9698181152,"63":20.5949058533,"64":21.2256278992,"65":21.8618412018,"66":22.5036010742,"67":23.1509037018,"68":23.80377388,"69":24.4622879028,"70":25.126373291,"71":25.795797348,"72":26.4706802368,"73":27.1511268616,"74":27.8371143341,"75":28.5287246704,"76":29.2258663177,"77":29.9283618927,"78":30.6358757019,"79":31.348192215,"80":32.064491272,"81":32.7841453552,"82":33.506729126,"83":34.2321510315,"84":34.9605064392,"85":35.6917533875,"86":36.4273986816,"87":37.1582565308,"88":37.885383606,"89":38.6050949097,"90":39.3186302185,"91":40.0265350342,"92":40.72631073,"93":41.4156723022,"94":42.0952224731,"95":42.7559165955,"96":43.3999290466,"97":44.0165519714,"98":44.5887527466,"99":45.100933075},"y":{"0":192.2096099854,"1":192.2096099854,"2":192.2096099854,"3":192.2096099854,"4":192.2096099854,"5":192.209487915,"6":192.2093658447,"7":192.2093505859,"8":192.2093658447,"9":192.2093505859,"10":192.2093963623,"11":192.2093505859,"12":192.2093353271,"13":192.2093048096,"14":192.2092895508,"15":192.2092895508,"16":192.2092895508,"17":192.2092895508,"18":192.2092895508,"19":192.2092895508,"20":192.2092895508,"21":192.2092895508,"22":192.2092895508,"23":192.2092895508,"24":192.2092895508,"25":192.2063598633,"26":192.1930999756,"27":192.1682434082,"28":192.1301116943,"29":192.078994751,"30":192.0162811279,"31":191.9440155029,"32":191.8638305664,"33":191.7763824463,"34":191.6824493408,"35":191.5853881836,"36":191.4848327637,"37":191.3868713379,"38":191.2953338623,"39":191.2117156982,"40":191.1375579834,"41":191.0720062256,"42":191.0174713135,"43":190.9746856689,"44":190.9418487549,"45":190.9133911133,"46":190.8860473633,"47":190.8607635498,"48":190.8407745361,"49":190.8221893311,"50":190.80519104,"51":190.7935333252,"52":190.7908477783,"53":190.7968292236,"54":190.8109130859,"55":190.8338165283,"56":190.8650665283,"57":190.902923584,"58":190.9470825195,"59":190.9963989258,"60":191.0458374023,"61":191.0918884277,"62":191.1323242188,"63":191.1651763916,"64":191.1857452393,"65":191.1927642822,"66":191.1882019043,"67":191.1734313965,"68":191.1499328613,"69":191.1200408936,"70":191.0846862793,"71":191.0429077148,"72":190.9970397949,"73":190.9498596191,"74":190.9030456543,"75":190.8627166748,"76":190.832901001,"77":190.8146972656,"78":190.8103637695,"79":190.8199157715,"80":190.847366333,"81":190.8946075439,"82":190.9616241455,"83":191.0465545654,"84":191.1464385986,"85":191.2588195801,"86":191.3719482422,"87":191.5136871338,"88":191.6831054688,"89":191.8871765137,"90":192.1220397949,"91":192.3841400146,"92":192.6744689941,"93":192.9937438965,"94":193.3385314941,"95":193.7171630859,"96":194.12550354,"97":194.5709381104,"98":195.0625152588,"99":195.6042938232},"z":{"0":1.2638585567,"1":1.1088317633,"2":0.8560168147,"3":0.5055116415,"4":0.1815201193,"5":0.1903303415,"6":0.2146962732,"7":0.2325962335,"8":0.2429849952,"9":0.2484167367,"10":0.2510928214,"11":0.2523609102,"12":0.2529456913,"13":0.2530942857,"14":0.2532287538,"15":0.2533186674,"16":0.2533689439,"17":0.2533854246,"18":0.2533984184,"19":0.2534076869,"20":0.2534129918,"21":0.2534149885,"22":0.2534162402,"23":0.2534162402,"24":0.2534178197,"25":0.2529260218,"26":0.2520508766,"27":0.2515677214,"28":0.2514407635,"29":0.251563549,"30":0.2518389821,"31":0.2525546551,"32":0.2535387278,"33":0.2536834776,"34":0.2537814677,"35":0.2538929284,"36":0.2539575398,"37":0.2539847791,"38":0.2539955378,"39":0.2539985478,"40":0.2539950013,"41":0.2539737225,"42":0.2538161278,"43":0.2537599504,"44":0.253462404,"45":0.2535359561,"46":0.2538110018,"47":0.2537404597,"48":0.2537129223,"49":0.2537575066,"50":0.2538013458,"51":0.2538181543,"52":0.2538215816,"53":0.2538182139,"54":0.2538124025,"55":0.2538072765,"56":0.2538024485,"57":0.2537975013,"58":0.2537939847,"59":0.2537901103,"60":0.2537854314,"61":0.2537819743,"62":0.2537810206,"63":0.2537818849,"64":0.2537862062,"65":0.2537891567,"66":0.2537887394,"67":0.2537866831,"68":0.253783524,"69":0.2537798285,"70":0.253777504,"71":0.2537769377,"72":0.2537758052,"73":0.2537755072,"74":0.2537764609,"75":0.2537795603,"76":0.2537843585,"77":0.2537887096,"78":0.2537942529,"79":0.2537979782,"80":0.253805995,"81":0.2538128495,"82":0.2538173497,"83":0.2538180053,"84":0.2538160384,"85":0.2538143992,"86":0.2538113296,"87":0.2538664043,"88":0.2538611889,"89":0.2538897395,"90":0.2538853288,"91":0.2538826764,"92":0.2538887262,"93":0.2538988292,"94":0.2539009452,"95":0.2539368272,"96":0.2539396584,"97":0.2539847195,"98":0.2540763319,"99":0.2541828454},"yaw":{"0":-0.0464782715,"1":-0.0464782715,"2":-0.0464782715,"3":-0.0464782715,"4":-0.0464782715,"5":-0.0469970666,"6":-0.0468750037,"7":-0.046661377,"8":-0.0465393141,"9":-0.0465087928,"10":-0.0464782715,"11":-0.0464782715,"12":-0.0464782715,"13":-0.0464782715,"14":-0.0464782715,"15":-0.0464782715,"16":-0.0464782715,"17":-0.0464782715,"18":-0.0464782715,"19":-0.0464782715,"20":-0.0464782715,"21":-0.0464782715,"22":-0.0464782715,"23":-0.0464782715,"24":-0.0464782715,"25":-0.1673278958,"26":-0.6802977324,"27":-1.5368041992,"28":-2.6622622013,"29":-3.9039616585,"30":-5.1153893471,"31":-6.2038612366,"32":-7.1498479843,"33":-8.0011377335,"34":-8.8013105392,"35":-9.4781608582,"36":-10.0884532928,"37":-10.4088582993,"38":-10.3837118149,"39":-10.0776824951,"40":-9.5236654282,"41":-8.8351554871,"42":-7.9126372337,"43":-6.8856563568,"44":-5.8373761177,"45":-4.9606657028,"46":-4.2602849007,"47":-3.6755979061,"48":-3.0595097542,"49":-2.6112370491,"50":-2.2680666447,"51":-1.8413392305,"52":-1.2202454805,"53":-0.4976805747,"54":0.2600284219,"55":1.0622200966,"56":1.8676308393,"57":2.6020288467,"58":3.2756459713,"59":3.8635864258,"60":4.197704792,"61":4.2412967682,"62":4.0268650055,"63":3.590483427,"64":2.8452653885,"65":1.8772022724,"66":0.8678097725,"67":-0.1015930176,"68":-0.9820557237,"69":-1.7149350643,"70":-2.3228151798,"71":-2.8980720043,"72":-3.3589484692,"73":-3.6452038288,"74":-3.766053915,"75":-3.5622565746,"76":-3.0232245922,"77":-2.2727968693,"78":-1.3291016817,"79":-0.2883300781,"80":0.9490622878,"81":2.3609058857,"82":3.8512766361,"83":5.2976264954,"84":6.5930242538,"85":7.7091350555,"86":8.2617073059,"87":9.6772079468,"88":11.491065979,"89":13.7726488113,"90":16.1360912323,"91":18.3699131012,"92":20.6022949219,"93":22.8879013062,"94":25.0612049103,"95":27.6226520538,"96":30.2035007477,"97":33.2508087158,"98":37.2497634888,"99":42.2706947327},"c_route":{"0":false,"1":false,"2":false,"3":false,"4":false,"5":false,"6":false,"7":false,"8":false,"9":false,"10":false,"11":false,"12":false,"13":false,"14":false,"15":false,"16":false,"17":false,"18":false,"19":false,"20":false,"21":false,"22":false,"23":false,"24":false,"25":false,"26":false,"27":false,"28":false,"29":false,"30":false,"31":false,"32":false,"33":false,"34":false,"35":false,"36":false,"37":false,"38":false,"39":false,"40":false,"41":false,"42":false,"43":false,"44":false,"45":false,