{"x":{"0":177.4793548584,"1":177.4793548584,"2":177.4793548584,"3":177.4793548584,"4":177.4793548584,"5":177.4784851074,"6":177.4785766602,"7":177.4788208008,"8":177.4790802002,"9":177.4792327881,"10":177.479309082,"11":177.4793701172,"12":177.479385376,"13":177.479385376,"14":177.479385376,"15":177.4794158936,"16":177.4794158936,"17":177.4794158936,"18":177.4794158936,"19":177.4794158936,"20":177.4794158936,"21":177.4794158936,"22":177.4794158936,"23":177.4794158936,"24":177.4794158936,"25":177.4440917969,"26":177.2938232422,"27":177.0406036377,"28":176.699508667,"29":176.287902832,"30":175.8237304688,"31":175.3232574463,"32":174.7990570068,"33":174.2600708008,"34":173.7136077881,"35":173.1681976318,"36":172.6270141602,"37":172.0893707275,"38":171.5539550781,"39":171.0202178955,"40":170.4876403809,"41":169.9557800293,"42":169.4245605469,"43":168.8941345215,"44":168.3646392822,"45":167.8349761963,"46":167.2903900146,"47":166.7323455811,"48":166.1664428711,"49":165.5937805176,"50":165.0144958496,"51":164.4342193604,"52":163.8472595215,"53":163.2531280518,"54":162.652923584,"55":162.0468444824,"56":161.4352722168,"57":160.8182373047},"y":{"0":237.2279205322,"1":237.2279205322,"2":237.2279205322,"3":237.2279205322,"4":237.2279205322,"5":237.2282714844,"6":237.2283935547,"7":237.2283935547,"8":237.2283782959,"9":237.2283477783,"10":237.2283172607,"11":237.2283477783,"12":237.2283782959,"13":237.2283782959,"14":237.2283935547,"15":237.2283935547,"16":237.2283935547,"17":237.2284088135,"18":237.2284088135,"19":237.2284088135,"20":237.2284088135,"21":237.2284088135,"22":237.2284088135,"23":237.2284088135,"24":237.2284088135,"25":237.2282409668,"26":237.2273406982,"27":237.2246398926,"28":237.2177886963,"29":237.2024230957,"30":237.1761322021,"31":237.1377258301,"32":237.0875854492,"33":237.02784729,"34":236.9571838379,"35":236.8792572021,"36":236.7951507568,"37":236.7056121826,"38":236.6144714355,"39":236.522567749,"40":236.4306793213,"41":236.3395233154,"42":236.2494659424,"43":236.1596221924,"44":236.0690765381,"45":235.9757537842,"46":235.8734741211,"47":235.7799530029,"48":235.6795043945,"49":235.5750732422,"50":235.4684906006,"51":235.3633117676,"52":235.2541503906,"53":235.1393890381,"54":235.0249481201,"55":234.9118041992,"56":234.7990112305,"57":234.6869659424},"z":{"0":1.2638585567,"1":1.1088317633,"2":0.8560167551,"3":0.5055116415,"4":0.1815201491,"5":0.1903277934,"6":0.2146992385,"7":0.2325976491,"8":0.2429847717,"9":0.2484164387,"10":0.2510925233,"11":0.25236094,"12":0.2529457808,"13":0.2530942857,"14":0.2532289326,"15":0.2533188462,"16":0.2533691227,"17":0.2533856928,"18":0.2533985972,"19":0.2534078956,"20":0.2534132302,"21":0.2534152865,"22":0.2534165084,"23":0.2534165084,"24":0.2534181178,"25":0.2529208958,"26":0.2520362139,"27":0.2515469193,"28":0.2514171302,"29":0.2515353262,"30":0.2517990172,"31":0.2527574003,"32":0.2534640133,"33":0.2535762489,"34":0.2536525726,"35":0.2537762821,"36":0.2538695335,"37":0.2539167106,"38":0.253934294,"39":0.2539394796,"40":0.2539385855,"41":0.2539341748,"42":0.2539312541,"43":0.253929615,"44":0.25392887,"45":0.2538971305,"46":0.2620609701,"47":0.275698185,"48":0.2784510255,"49":0.278937459,"50":0.2789916992,"51":0.2928849459,"52":0.3022482991,"53":0.304471314,"54":0.3052142262,"55":0.3055260479,"56":0.3056790233,"57":0.3057868779},"yaw":{"0":-179.8026885986,"1":-179.8026885986,"2":-179.8026885986,"3":-179.8026885986,"4":-179.8026885986,"5":-179.8030548096,"6":-179.8029632568,"7":-179.8027191162,"8":-179.8026733398,"9":-179.8026123047,"10":-179.8025970459,"11":-179.8025970459,"12":-179.8025970459,"13":-179.8025970459,"14":-179.8025970459,"15":-179.8025970459,"16":-179.8025970459,"17":-179.8025970459,"18":-179.8025970459,"19":-179.8025970459,"20":-179.8025970459,"21":-179.8025970459,"22":-179.8025970459,"23":-179.8025970459,"24":-179.8025970459,"25":-179.7998809814,"26":-179.7864074707,"27":-179.7178039551,"28":-179.5137176514,"29":-179.0517730713,"30":-178.3290100098,"31":-177.4089813232,"32":-176.3902893066,"33":-175.4013061523,"34":-174.3708343506,"35":-173.4340057373,"36":-172.585067749,"37":-171.825592041,"38":-171.2755126953,"39":-170.8918762207,"40":-170.6425933838,"41":-170.5091400146,"42":-170.4623260498,"43":-170.4358520508,"44":-170.3828887939,"45":-170.2449188232,"46":-170.1939849854,"47":-170.1221008301,"48":-169.9964294434,"49":-169.8658294678,"50":-169.7610168457,"51":-169.1907958984,"52":-168.7682342529,"53":-168.8222198486,"54":-168.9753417969,"55":-169.1649932861,"56":-169.3302001953,"57":-169.4934082031},"c_route":{"0":false,"1":false,"2":false,"3":false,"4":false,"5":false,"6":false,"7":false,"8":false,"9":false,"10":false,"11":false,"12":false,"13":false,"14":false,"15":false,"16":false,"17":false,"18":false,"19":false,"20":false,"21":false,"22":false,"23":false,"24":false,"25":false,"26":false,"27":false,"28":false,"29":false,"30":false,"31":false,"32":false,"33":false,"34":false,"35":false,"36":false,"37":false,"38":false,"39":false,"40":false,"41":false,"42":false,"43":false,"44":false,"45":false,"46":false,"47":false,"48":false,"49":false,"50":false,"51":false,"52":false,"53":false,"54":false,"55":false,"56":false,"57":false},"done":{"0":false,"1":false,"2":false,"3":false,"4":false,"5":false,"6":false,"7":false,"8":false,"9":false,"10":false,"11":false,"12":false,"13":false,"14":false,"15":false,"16":false,"17":false,"18":false,"19":false,"20":false,"21":false,"22":false,"23":false,"24":false,"25":false,"26":false,"27":false,"28":false,"29":false,"30":false,"31":false,"32":false,"33":false,"34":false,"35":false,"36":false,"37":false,"38":false,"39":false,"40":false,"41":false,"42":false,"43":false,"44":false,"45":false,"46":false,"47":false,"48":false,"49":false,"50":false,"51":false,"52":false,"53":false,"54":false,"55":false,"56":false,"57":true},"route_completed_in_m":{"0":1.0000001192,"1":1.0000001192,"2":1.0000001192,"3":1.0000001192,"4":1.0000001192,"5":1.0000001192,"6":1.0000001192,"7":1.0000001192,"8":1.0000001192,"9":1.0000001192,"10":1.0000001192,"11":1.0000001192,"12":1.0000001192,"13":1.0000001192,"14":1.0000001192,"15":1.0000001192,"16":1.0000001192,"17":1.0000001192,"18":1.0000001192,"19":1.0000001192,"20":1.0000001192,"21":1.0000001192,"22":1.0000001192,"23":1.0000001192,"24":1.0000001192,"25":1.0000001192,"26":1.0000001192,"27":1.0000001192,"28":2.0000002384,"29":2.0000002384,"30":3.0000003576,"31":3.0000003576,"32":4.0000004768,"33":4.0000004768,"34":5.000000596,"35":5.000000596,"36":6.0000007153,"37":6.0000007153,"38":7.0000008345,"39":8.0000009537,"40":8.0000009537,"41":9.0000010729,"42":9.0000010729,"43":10.0000011921,"44":10.0000011921,"45":11.0000013113,"46":11.0000013113,"47":12.0000014305,"48":12.0000014305,"49":13.0000015497,"50":14.0000016689,"51":14.0000016689,"52":15.0000017881,"53":15.0000017881,"54":16.0000019073,"55":17.0000020266,"56":17.0000020266,"57":18.0000021458}}