{"x":{"0":177.4793548584,"1":177.4793548584,"2":177.4793548584,"3":177.4793548584,"4":177.4793548584,"5":177.4784851074,"6":177.4785766602,"7":177.4788208008,"8":177.4790802002,"9":177.4792327881,"10":177.479309082,"11":177.4793701172,"12":177.479385376,"13":177.479385376,"14":177.479385376,"15":177.4794158936,"16":177.4794158936,"17":177.4794158936,"18":177.4794158936,"19":177.4794158936,"20":177.4794158936,"21":177.4794158936,"22":177.4794158936,"23":177.4794158936,"24":177.4794158936,"25":177.4440917969,"26":177.2938232422,"27":177.0406036377,"28":176.6992340088,"29":176.2864227295,"30":175.8198852539,"31":175.3157653809,"32":174.7870483398,"33":174.2430877686,"34":173.6905670166,"35":173.1369934082,"36":172.5878143311,"37":172.0420837402,"38":171.4987792969,"39":170.9571075439,"40":170.4164733887,"41":169.8764038086,"42":169.336730957,"43":168.7978820801,"44":168.2599029541,"45":167.7211914062,"46":167.1669616699,"47":166.5990142822,"48":166.021194458,"49":165.4350738525,"50":164.8414459229,"51":164.2397613525,"52":163.6351776123,"53":163.0260314941,"54":162.4118041992,"55":161.7972869873,"56":161.1778564453,"57":160.5508422852},"y":{"0":237.2279205322,"1":237.2279205322,"2":237.2279205322,"3":237.2279205322,"4":237.2279205322,"5":237.228302002,"6":237.2284088135,"7":237.2284088135,"8":237.2283935547,"9":237.2283782959,"10":237.2283325195,"11":237.2283782959,"12":237.2283935547,"13":237.2283935547,"14":237.2284088135,"15":237.2284088135,"16":237.2284088135,"17":237.2284393311,"18":237.2284393311,"19":237.2284393311,"20":237.2284393311,"21":237.2284393311,"22":237.2284393311,"23":237.2284393311,"24":237.2284393311,"25":237.2285461426,"26":237.2291717529,"27":237.2303466797,"28":237.2298736572,"29":237.2240905762,"30":237.2093963623,"31":237.1847076416,"32":237.149307251,"33":237.1041412354,"34":237.04737854,"35":236.9821624756,"36":236.9097137451,"37":236.8333587646,"38":236.7551269531,"39":236.6774291992,"40":236.6018371582,"41":236.5291595459,"42":236.4593505859,"43":236.3897399902,"44":236.3196411133,"45":236.2494049072,"46":236.176574707,"47":236.1006774902,"48":236.0203857422,"49":235.9370574951,"50":235.8483276367,"51":235.768371582,"52":235.6848907471,"53":235.5936431885,"54":235.4962310791,"55":235.3926696777,"56":235.2839355469,"57":235.1716156006},"z":{"0":1.2638585567,"1":1.1088317633,"2":0.8560167551,"3":0.5055116415,"4":0.1815201491,"5":0.1903277189,"6":0.214699164,"7":0.2325976938,"8":0.2429849207,"9":0.2484165132,"10":0.2510925233,"11":0.2523608804,"12":0.2529457808,"13":0.2530943751,"14":0.2532289326,"15":0.2533188462,"16":0.2533691227,"17":0.2533856928,"18":0.2533985972,"19":0.2534079552,"20":0.2534132302,"21":0.2534152269,"22":0.2534164488,"23":0.2534164488,"24":0.2534179688,"25":0.252920866,"26":0.2520363033,"27":0.251546979,"28":0.2514147758,"29":0.2515251338,"30":0.2517822981,"31":0.2529093027,"32":0.2534284592,"33":0.2535331547,"34":0.2536130548,"35":0.2537384629,"36":0.2538512051,"37":0.2539089918,"38":0.2539336383,"39":0.2539408803,"40":0.2539407611,"41":0.2539365292,"42":0.2539335191,"43":0.2539315224,"44":0.2539303899,"45":0.2538966835,"46":0.253736645,"47":0.2536726296,"48":0.2536697388,"49":0.2536872923,"50":0.2578568459,"51":0.2745268941,"52":0.2782499492,"53":0.2789439857,"54":0.2790324688,"55":0.2859425247,"56":0.2951295078,"57":0.3001691997},"yaw":{"0":-179.8026885986,"1":-179.8026885986,"2":-179.8026885986,"3":-179.8026885986,"4":-179.8026885986,"5":-179.8030548096,"6":-179.8029632568,"7":-179.8027191162,"8":-179.8026733398,"9":-179.8026123047,"10":-179.8025970459,"11":-179.8025970459,"12":-179.8025970459,"13":-179.8025970459,"14":-179.8025970459,"15":-179.8025970459,"16":-179.8025970459,"17":-179.8025970459,"18":-179.8025970459,"19":-179.8025970459,"20":-179.8025970459,"21":-179.8025970459,"22":-179.8025970459,"23":-179.8025970459,"24":-179.8025970459,"25":-179.8138427734,"26":-179.8585357666,"27":-179.9286193848,"28":-179.9243011475,"29":-179.7174682617,"30":-179.2336883545,"31":-178.5379333496,"32":-177.6909332275,"33":-176.7954406738,"34":-175.8081512451,"35":-174.8608856201,"36":-173.9593963623,"37":-173.2317352295,"38":-172.6985168457,"39":-172.3803405762,"40":-172.2582702637,"41":-172.2946472168,"42":-172.4255981445,"43":-172.5111083984,"44":-172.5406036377,"45":-172.5439605713,"46":-172.5341033936,"47":-172.4807739258,"48":-172.3279418945,"49":-172.1612701416,"50":-172.103515625,"51":-172.1838226318,"52":-172.0961608887,"53":-171.8359985352,"54":-171.4853363037,"55":-170.8260345459,"56":-170.3766174316,"57":-170.1260681152},"c_route":{"0":false,"1":false,"2":false,"3":false,"4":false,"5":false,"6":false,"7":false,"8":false,"9":false,"10":false,"11":false,"12":false,"13":false,"14":false,"15":false,"16":false,"17":false,"18":false,"19":false,"20":false,"21":false,"22":false,"23":false,"24":false,"25":false,"26":false,"27":false,"28":false,"29":false,"30":false,"31":false,"32":false,"33":false,"34":false,"35":false,"36":false,"37":false,"38":false,"39":false,"40":false,"41":false,"42":false,"43":false,"44":false,"45":false,"46":false,"47":false,"48":false,"49":false,"50":false,"51":false,"52":false,"53":false,"54":false,"55":false,"56":false,"57":false},"done":{"0":false,"1":false,"2":false,"3":false,"4":false,"5":false,"6":false,"7":false,"8":false,"9":false,"10":false,"11":false,"12":false,"13":false,"14":false,"15":false,"16":false,"17":false,"18":false,"19":false,"20":false,"21":false,"22":false,"23":false,"24":false,"25":false,"26":false,"27":false,"28":false,"29":false,"30":false,"31":false,"32":false,"33":false,"34":false,"35":false,"36":false,"37":false,"38":false,"39":false,"40":false,"41":false,"42":false,"43":false,"44":false,"45":false,"46":false,"47":false,"48":false,"49":false,"50":false,"51":false,"52":false,"53":false,"54":false,"55":false,"56":false,"57":true},"route_completed_in_m":{"0":1.0000001192,"1":1.0000001192,"2":1.0000001192,"3":1.0000001192,"4":1.0000001192,"5":1.0000001192,"6":1.0000001192,"7":1.0000001192,"8":1.0000001192,"9":1.0000001192,"10":1.0000001192,"11":1.0000001192,"12":1.0000001192,"13":1.0000001192,"14":1.0000001192,"15":1.0000001192,"16":1.0000001192,"17":1.0000001192,"18":1.0000001192,"19":1.0000001192,"20":1.0000001192,"21":1.0000001192,"22":1.0000001192,"23":1.0000001192,"24":1.0000001192,"25":1.0000001192,"26":1.0000001192,"27":1.0000001192,"28":2.0000002384,"29":2.0000002384,"30":3.0000003576,"31":3.0000003576,"32":4.0000004768,"33":4.0000004768,"34":5.000000596,"35":5.000000596,"36":6.0000007153,"37":7.0000008345,"38":7.0000008345,"39":8.0000009537,"40":8.0000009537,"41":9.0000010729,"42":9.0000010729,"43":10.0000011921,"44":10.0000011921,"45":11.0000013113,"46":11.0000013113,"47":12.0000014305,"48":13.0000015497,"49":13.0000015497,"50":14.0000016689,"51":14.0000016689,"52":15.0000017881,"53":16.0000019073,"54":16.0000019073,"55":17.0000020266,"56":17.0000020266,"57":18.0000021458}}