{"x":{"0":89.4426422119,"1":89.4426422119,"2":89.4426422119,"3":89.4426422119,"4":89.4426422119,"5":89.4434585571,"6":89.443397522,"7":89.4430847168,"8":89.442855835,"9":89.442741394,"10":89.4426574707,"11":89.4426116943,"12":89.4425888062,"13":89.4425888062,"14":89.4425735474,"15":89.4425735474,"16":89.442565918,"17":89.442565918,"18":89.442565918,"19":89.442565918,"20":89.442565918,"21":89.442565918,"22":89.442565918,"23":89.442565918,"24":89.442565918,"25":89.4774551392,"26":89.6257476807,"27":89.8751449585,"28":90.2117080688,"29":90.6220169067,"30":91.0892944336,"31":91.5967102051,"32":92.1289367676,"33":92.6737289429,"34":93.2248001099,"35":93.7752227783,"36":94.3185653687,"37":94.8555221558,"38":95.3873214722,"39":95.914276123,"40":96.4368515015,"41":96.958114624,"42":97.4780807495,"43":97.997177124,"44":98.5156784058,"45":99.0355606079,"46":99.5688934326,"47":100.1139144897,"48":100.6671829224,"49":101.2276611328,"50":101.7944793701,"51":102.3670425415,"52":102.9440994263,"53":103.5247421265},"y":{"0":241.1313781738,"1":241.1313781738,"2":241.1313781738,"3":241.1313781738,"4":241.1313781738,"5":241.131362915,"6":241.1312408447,"7":241.1312255859,"8":241.1312255859,"9":241.1312255859,"10":241.1312713623,"11":241.1312103271,"12":241.1311798096,"13":241.1311798096,"14":241.1311645508,"15":241.1311645508,"16":241.1311645508,"17":241.1311645508,"18":241.131149292,"19":241.131149292,"20":241.131149292,"21":241.131149292,"22":241.131149292,"23":241.131149292,"24":241.131149292,"25":241.1281433105,"26":241.1145324707,"27":241.0879058838,"28":241.0475006104,"29":240.9912414551,"30":240.9169311523,"31":240.8261108398,"32":240.7196960449,"33":240.5975494385,"34":240.4647979736,"35":240.3238677979,"36":240.1755371094,"37":240.0223846436,"38":239.8670196533,"39":239.7098999023,"40":239.5509185791,"41":239.3916320801,"42":239.2308807373,"43":239.0699157715,"44":238.9098358154,"45":238.7526092529,"46":238.5953979492,"47":238.4368438721,"48":238.2749328613,"49":238.1114044189,"50":237.9463653564,"51":237.779586792,"52":237.6082611084,"53":237.4306182861},"z":{"0":1.2638585567,"1":1.1088316441,"2":0.8560166955,"3":0.5055115223,"4":0.1815199256,"5":0.1903307289,"6":0.214695856,"7":0.23259601,"8":0.2429848015,"9":0.2484166324,"10":0.2510926425,"11":0.252360791,"12":0.2529454827,"13":0.2530940473,"14":0.253228575,"15":0.2533184886,"16":0.2533687651,"17":0.2533853054,"18":0.2533982396,"19":0.2534075081,"20":0.2534128129,"21":0.2534148097,"22":0.2534160614,"23":0.2534160614,"24":0.2534175515,"25":0.2529266775,"26":0.2520532906,"27":0.2515731752,"28":0.2514337003,"29":0.2515060008,"30":0.2517288029,"31":0.2529521883,"32":0.2533539236,"33":0.2534886897,"34":0.2536008656,"35":0.2537413239,"36":0.2538704574,"37":0.253941685,"38":0.2539757788,"39":0.253991276,"40":0.2539912462,"41":0.2539671361,"42":0.2539503872,"43":0.2539407015,"44":0.2539353073,"45":0.2539045215,"46":0.2537715733,"47":0.2537158132,"48":0.2537097037,"49":0.2537217736,"50":0.2537372112,"51":0.2537513375,"52":0.2537628114,"53":0.2537728846},"yaw":{"0":0.1973113716,"1":0.1973113716,"2":0.1973113716,"3":0.1973113716,"4":0.1973113716,"5":0.1967703402,"6":0.1968698204,"7":0.1971071362,"8":0.1972203106,"9":0.1972662807,"10":0.1972845793,"11":0.1972920448,"12":0.1972951889,"13":0.1972959191,"14":0.1972953081,"15":0.197293818,"16":0.1972929984,"17":0.1972927451,"18":0.1972924918,"19":0.1972923577,"20":0.1972923577,"21":0.1972923577,"22":0.1972922236,"23":0.1972922236,"24":0.1972922236,"25":0.0665567219,"26":-0.4865112007,"27":-1.4466247559,"28":-2.6818847656,"29":-4.1085524559,"30":-5.6771583557,"31":-7.224006176,"32":-8.7138795853,"33":-10.1898336411,"34":-11.4759693146,"35":-12.6048469543,"36":-13.648182869,"37":-14.5335884094,"38":-15.2110490799,"39":-15.7446146011,"40":-16.1917591095,"41":-16.495010376,"42":-16.7548027039,"43":-16.93501091,"44":-17.0221424103,"45":-16.94181633,"46":-16.7451648712,"47":-16.5454235077,"48":-16.4578380585,"49":-16.3862743378,"50":-16.3287220001,"51":-16.2961273193,"52":-16.3992805481,"53":-16.659040451},"c_route":{"0":false,"1":false,"2":false,"3":false,"4":false,"5":false,"6":false,"7":false,"8":false,"9":false,"10":false,"11":false,"12":false,"13":false,"14":false,"15":false,"16":false,"17":false,"18":false,"19":false,"20":false,"21":false,"22":false,"23":false,"24":false,"25":false,"26":false,"27":false,"28":false,"29":false,"30":false,"31":false,"32":false,"33":false,"34":false,"35":false,"36":false,"37":false,"38":false,"39":false,"40":false,"41":false,"42":false,"43":false,"44":false,"45":false,"46":false,"47":false,"48":false,"49":false,"50":false,"51":false,"52":false,"53":false},"done":{"0":false,"1":false,"2":false,"3":false,"4":false,"5":false,"6":false,"7":false,"8":false,"9":false,"10":false,"11":false,"12":false,"13":false,"14":false,"15":false,"16":false,"17":false,"18":false,"19":false,"20":false,"21":false,"22":false,"23":false,"24":false,"25":false,"26":false,"27":false,"28":false,"29":false,"30":false,"31":false,"32":false,"33":false,"34":false,"35":false,"36":false,"37":false,"38":false,"39":false,"40":false,"41":false,"42":false,"43":false,"44":false,"45":false,"46":false,"47":false,"48":false,"49":false,"50":false,"51":false,"52":false,"53":true},"route_completed_in_m":{"0":0.0,"1":0.0,"2":0.0,"3":0.0,"4":0.0,"5":0.0,"6":0.0,"7":0.0,"8":0.0,"9":0.0,"10":0.0,"11":0.0,"12":0.0,"13":0.0,"14":0.0,"15":0.0,"16":0.0,"17":0.0,"18":0.0,"19":0.0,"20":0.0,"21":0.0,"22":0.0,"23":0.0,"24":0.0,"25":0.0,"26":1.0000001192,"27":1.0000001192,"28":1.0000001192,"29":2.0000002384,"30":2.0000002384,"31":3.0000003576,"32":3.0000003576,"33":4.0000004768,"34":5.000000596,"35":5.000000596,"36":6.0000007153,"37":6.0000007153,"38":7.0000008345,"39":7.0000008345,"40":8.0000009537,"41":8.0000009537,"42":9.0000010729,"43":9.0000010729,"44":10.0000011921,"45":10.0000011921,"46":11.0000013113,"47":11.0000013113,"48":12.0000014305,"49":13.0000015497,"50":13.0000015497,"51":14.0000016689,"52":14.0000016689,"53":15.0000017881}}