{"x":{"0":41.6661262512,"1":41.6661262512,"2":41.6661262512,"3":41.6661262512,"4":41.6661262512,"5":41.6664848328,"6":41.6665649414,"7":41.6665458679,"8":41.6665229797,"9":41.6665077209,"10":41.6664962769,"11":41.6664924622,"12":41.6664886475,"13":41.6664924622,"14":41.6665039062,"15":41.6665077209,"16":41.6665115356,"17":41.6665115356,"18":41.666519165,"19":41.666519165,"20":41.666519165,"21":41.666519165,"22":41.666519165,"23":41.666519165,"24":41.666519165,"25":41.667678833,"26":41.6729660034,"27":41.6831626892,"28":41.6969833374,"29":41.7152252197,"30":41.7372169495,"31":41.7640113831,"32":41.7943840027,"33":41.8280067444,"34":41.8650665283,"35":41.9061431885,"36":41.9509086609,"37":41.997718811,"38":42.045955658,"39":42.0964584351,"40":42.148059845,"41":42.2007675171,"42":42.2533569336,"43":42.3067550659,"44":42.360244751,"45":42.414680481,"46":42.4706001282,"47":42.5287284851,"48":42.587184906,"49":42.6461029053,"50":42.7055931091,"51":42.7649650574,"52":42.8243789673,"53":42.8841056824,"54":42.9450302124,"55":43.0068092346,"56":43.0693397522,"57":43.1318855286,"58":43.1937103271,"59":43.2528305054,"60":43.3092918396,"61":43.3630371094,"62":43.4122695923,"63":43.4567337036,"64":43.4966773987,"65":43.5325546265,"66":43.5647010803,"67":43.5930252075,"68":43.6200866699,"69":43.6443023682,"70":43.6631774902,"71":43.6753959656,"72":43.6791267395,"73":43.6730117798,"74":43.6550140381,"75":43.6323471069,"76":43.6099128723,"77":43.5955657959,"78":43.5966529846,"79":43.620677948,"80":43.6678619385,"81":43.747127533,"82":43.8724403381,"83":44.055896759,"84":44.305557251,"85":44.6220169067,"86":44.9974060059},"y":{"0":260.5375671387,"1":260.5375671387,"2":260.5375671387,"3":260.5375671387,"4":260.5375671387,"5":260.5383911133,"6":260.5383605957,"7":260.5380859375,"8":260.5378417969,"9":260.537689209,"10":260.5375976562,"11":260.5375671387,"12":260.5375366211,"13":260.5375366211,"14":260.5375061035,"15":260.5375061035,"16":260.5375061035,"17":260.5375061035,"18":260.5375061035,"19":260.5375061035,"20":260.5375061035,"21":260.5375061035,"22":260.5375061035,"23":260.5375061035,"24":260.5375061035,"25":260.5727539062,"26":260.7227783203,"27":260.9754638672,"28":261.3163757324,"29":261.729888916,"30":262.2000427246,"31":262.7110900879,"32":263.2496337891,"33":263.8051757812,"34":264.3706665039,"35":264.9401245117,"36":265.5074768066,"37":266.0704345703,"38":266.629486084,"39":267.1849365234,"40":267.7374267578,"41":268.2887268066,"42":268.8392028809,"43":269.3887634277,"44":269.9375,"45":270.4867248535,"46":271.0495910645,"47":271.6247253418,"48":272.2091064453,"49":272.8010559082,"50":273.3994750977,"51":274.00390625,"52":274.6138916016,"53":275.2292175293,"54":275.849609375,"55":276.4750061035,"56":277.1053161621,"57":277.7406311035,"58":278.3808898926,"59":279.0261535645,"60":279.6764526367,"61":280.3316040039,"62":280.9916992188,"63":281.6565856934,"64":282.3262329102,"65":283.0004882812,"66":283.6792297363,"67":284.3622741699,"68":285.0494995117,"69":285.7407226562,"70":286.4358520508,"71":287.1346740723,"72":287.8370056152,"73":288.5426330566,"74":289.2513122559,"75":289.9633789062,"76":290.6790161133,"77":291.3979492188,"78":292.1195678711,"79":292.8425598145,"80":293.5664978027,"81":294.2880554199,"82":295.0,"83":295.692779541,"84":296.3545837402,"85":296.9778747559,"86":297.5634460449},"z":{"0":1.2638585567,"1":1.1088317633,"2":0.8560167551,"3":0.5055116415,"4":0.1815199256,"5":0.1903274506,"6":0.2146985233,"7":0.2325975746,"8":0.2429850698,"9":0.2484167069,"10":0.2510924935,"11":0.2523606718,"12":0.2529454827,"13":0.2530941069,"14":0.2532286048,"15":0.253318429,"16":0.2533687651,"17":0.2533853054,"18":0.2533982694,"19":0.2534075379,"20":0.2534127831,"21":0.2534147501,"22":0.2534160614,"23":0.2534160614,"24":0.2534177005,"25":0.2529214025,"26":0.2520383,"27":0.251550138,"28":0.2514151037,"29":0.251511693,"30":0.2517451346,"31":0.2529636025,"32":0.2533450127,"33":0.2534556389,"34":0.2535560131,"35":0.253675431,"36":0.2538011074,"37":0.2538911402,"38":0.2539383769,"39":0.2539605796,"40":0.2539652586,"41":0.2539514601,"42":0.2539409101,"43":0.2539350688,"44":0.2539316416,"45":0.253900528,"46":0.2537586987,"47":0.2537005246,"48":0.2536966503,"49":0.2537122369,"50":0.2537311912,"51":0.2537477911,"52":0.2537608147,"53":0.2537703514,"54":0.2537770271,"55":0.2537817061,"56":0.2537852824,"57":0.253787756,"58":0.2537896633,"59":0.2537918389,"60":0.2537935972,"61":0.2537953258,"62":0.2537975013,"63":0.2537993491,"64":0.2538009584,"65":0.2538025975,"66":0.2538045347,"67":0.253806591,"68":0.2538082302,"69":0.2538108826,"70":0.2538146079,"71":0.2538185716,"72":0.2538228035,"73":0.2538265884,"74":0.2538307905,"75":0.2538285851,"76":0.2538268864,"77":0.2538291216,"78":0.2538371086,"79":0.2538529932,"80":0.2538634837,"81":0.2538941205,"82":0.2539630532,"83":0.2540580928,"84":0.2541802526,"85":0.254268378,"86":0.2542916834},"yaw":{"0":90.0249786377,"1":90.0249786377,"2":90.0249786377,"3":90.0249786377,"4":90.0249786377,"5":90.0245513916,"6":90.0246734619,"7":90.0248794556,"8":90.0249862671,"9":90.0250167847,"10":90.0250091553,"11":90.0250091553,"12":90.0250091553,"13":90.0250091553,"14":90.0250091553,"15":90.0250091553,"16":90.0250091553,"17":90.0250091553,"18":90.0250091553,"19":90.0250091553,"20":90.0250091553,"21":90.0250091553,"22":90.0250091553,"23":90.0250091553,"24":90.0250091553,"25":89.9756088257,"26":89.7665634155,"27":89.4081802368,"28":89.0116043091,"29":88.5843658447,"30":88.1855773926,"31":87.7773895264,"32":87.4131851196,"33":87.0852661133,"34":86.7645187378,"35":86.418800354,"36":86.0566482544,"37":85.7426223755,"38":85.4836883545,"39":85.2245178223,"40":85.0118865967,"41":84.8330993652,"42":84.7237091064,"43":84.6208648682,"44":84.5502471924,"45":84.4705200195,"46":84.4152297974,"47":84.3414764404,"48":84.3197021484,"49":84.3184356689,"50":84.3204193115,"51":84.3494491577,"52":84.3863677979,"53":84.4158706665,"54":84.4056777954,"55":84.3845062256,"56":84.362991333,"57":84.3692474365,"58":84.4205474854,"59":84.574508667,"60":84.783744812,"61":85.0230255127,"62":85.3482666016,"63":85.7294464111,"64":86.127784729,"65":86.5149307251,"66":86.8792877197,"67":87.2331008911,"68":87.4791412354,"69":87.7254562378,"70":88.0717773438,"71":88.521484375,"72":89.0942077637,"73":89.7823104858,"74":90.6063461304,"75":91.2152099609,"76":91.5088653564,"77":91.33253479,"78":90.6250152588,"79":89.3541107178,"80":87.7909698486,"81":85.731552124,"82":82.8258972168,"83":78.9412002563,"84":74.1029281616,"85":68.6142578125,"86":63.0415344238},"c_route":{"0":false,"1":false,"2":false,"3":false,"4":false,"5":false,"6":false,"7":false,"8":false,"9":false,"10":false,"11":false,"12":false,"13":false,"14":false,"15":false,"16":false,"17":false,"18":false,"19":false,"20":false,"21":false,"22":false,"23":false,"24":false,"25":false,"26":false,"27":false,"28":false,"29":false,"30":false,"31":false,"32":false,"33":false,"34":false,"35":false,"36":false,"37":false,"38":false,"39":false,"40":false,"41":false,"42":false,"43":false,"44":false,"45":false,"46":false,"47":false,"48":false,"49":false,"50":false,"51":false,"52":false,"53":false,"54":false,"55":false,"56":false,"57":false,"58":false,"59":false,"60":false,"61":false,"62":false,"63":false,"64":false,"65":false,"66":false,"67":false,"68":false,"69":false,"70":false,"71":false,"72":false,"73":false,"74":false,"75":false,"76":false,"77":false,"78":false,"79":false,"80":false,"81":false,"82":false,"83":false,"84":false,"85":false,"86":false},"done":{"0":false,"1":false,"2":false,"3":false,"4":false,"5":false,"6":false,"7":false,"8":false,"9":false,"10":false,"11":false,"12":false,"13":false,"14":false,"15":false,"16":false,"17":false,"18":false,"19":false,"20":false,"21":false,"22":false,"23":false,"24":false,"25":false,"26":false,"27":false,"28":false,"29":false,"30":false,"31":false,"32":false,"33":false,"34":false,"35":false,"36":false,"37":false,"38":false,"39":false,"40":false,"41":false,"42":false,"43":false,"44":false,