{"x":{"0":45.7042045593,"1":45.7042045593,"2":45.7042045593,"3":45.7042045593,"4":45.7042045593,"5":45.7038574219,"6":45.7037696838,"7":45.7037887573,"8":45.7038116455,"9":45.7038269043,"10":45.7038383484,"11":45.7038421631,"12":45.7038459778,"13":45.7038421631,"14":45.703830719,"15":45.7038269043,"16":45.7038230896,"17":45.7038230896,"18":45.7038154602,"19":45.7038154602,"20":45.7038154602,"21":45.7038154602,"22":45.7038154602,"23":45.7038154602,"24":45.7038154602,"25":45.7023468018,"26":45.6956291199,"27":45.6827278137,"28":45.6645774841,"29":45.6419029236,"30":45.6153717041,"31":45.5835151672,"32":45.5468444824,"33":45.5050773621,"34":45.4593734741,"35":45.4115028381,"36":45.3627929688,"37":45.3133773804,"38":45.2624206543,"39":45.2108573914,"40":45.158618927,"41":45.1053123474,"42":45.0501174927,"43":44.9938430786,"44":44.9373931885,"45":44.88048172,"46":44.8235664368,"47":44.7660331726,"48":44.7073478699,"49":44.6491889954,"50":44.5917358398,"51":44.5378074646,"52":44.4873580933,"53":44.4402656555,"54":44.3963699341,"55":44.354511261,"56":44.315120697,"57":44.2782859802,"58":44.2422904968,"59":44.2061805725,"60":44.1691970825,"61":44.1312179565,"62":44.0913925171,"63":44.0517082214,"64":44.011264801,"65":43.9696769714,"66":43.9257125854,"67":43.8791656494,"68":43.8298416138,"69":43.7723960876,"70":43.7071228027,"71":43.6349945068,"72":43.5543441772,"73":43.46534729,"74":43.3693733215,"75":43.2675056458,"76":43.161026001,"77":43.0513114929,"78":42.9381027222,"79":42.8227424622,"80":42.7080955505,"81":42.5932807922,"82":42.4820594788,"83":42.3750762939,"84":42.2748680115,"85":42.1775627136,"86":42.0855331421,"87":42.0007133484,"88":41.9238204956,"89":41.8592529297,"90":41.8049049377,"91":41.7658042908,"92":41.73878479,"93":41.7327003479,"94":41.7474899292,"95":41.7913894653,"96":41.8628158569,"97":41.9612770081,"98":42.0761642456},"y":{"0":233.1980743408,"1":233.1980743408,"2":233.1980743408,"3":233.1980743408,"4":233.1980743408,"5":233.1972351074,"6":233.1972808838,"7":233.197555542,"8":233.1977844238,"9":233.1979370117,"10":233.1980285645,"11":233.1980743408,"12":233.1981048584,"13":233.1981048584,"14":233.1981201172,"15":233.1981201172,"16":233.1981201172,"17":233.1981201172,"18":233.1981201172,"19":233.1981201172,"20":233.1981201172,"21":233.1981201172,"22":233.1981201172,"23":233.1981201172,"24":233.1981201172,"25":233.1628875732,"26":233.0130615234,"27":232.7606658936,"28":232.4198913574,"29":232.0048065186,"30":231.5309753418,"31":231.014251709,"32":230.4685821533,"33":229.9049987793,"34":229.3306427002,"35":228.7506408691,"36":228.1705627441,"37":227.5934295654,"38":227.020111084,"39":226.4500274658,"40":225.8826141357,"41":225.3164215088,"42":224.7512207031,"43":224.1870117188,"44":223.6236724854,"45":223.0597076416,"46":222.481048584,"47":221.8891143799,"48":221.2875366211,"49":220.6778411865,"50":220.0610656738,"51":219.4376678467,"52":218.8079986572,"53":218.1723175049,"54":217.5307922363,"55":216.8836669922,"56":216.2312011719,"57":215.5735321045,"58":214.9109344482,"59":214.2436676025,"60":213.5719451904,"61":212.8958892822,"62":212.2157592773,"63":211.5315551758,"64":210.8434906006,"65":210.1517791748,"66":209.4565582275,"67":208.758102417,"68":208.0565185547,"69":207.3525085449,"70":206.6461334229,"71":205.9373626709,"72":205.2266998291,"73":204.5140838623,"74":203.7994232178,"75":203.08253479,"76":202.3633117676,"77":201.6415710449,"78":200.9175720215,"79":200.1910858154,"80":199.4618682861,"81":198.7300872803,"82":197.9954376221,"83":197.2580413818,"84":196.5178985596,"85":195.7756195068,"86":195.0312652588,"87":194.2849121094,"88":193.5368347168,"89":192.7870788574,"90":192.035949707,"91":191.2837524414,"92":190.5305938721,"93":189.777633667,"94":189.0249786377,"95":188.2747192383,"96":187.5267486572,"97":186.7905883789,"98":186.0671081543},"z":{"0":1.2638585567,"1":1.1088317633,"2":0.8560166955,"3":0.5055115819,"4":0.1815200001,"5":0.1903275698,"6":0.2146984488,"7":0.2325976938,"8":0.2429852933,"9":0.2484168261,"10":0.2510927618,"11":0.2523609102,"12":0.2529456615,"13":0.2530942559,"14":0.2532287538,"15":0.253318578,"16":0.2533688545,"17":0.2533853352,"18":0.2533984184,"19":0.2534076869,"20":0.253412962,"21":0.2534149587,"22":0.2534161806,"23":0.2534161806,"24":0.2534177303,"25":0.2529222071,"26":0.2520399392,"27":0.2515524924,"28":0.2514131069,"29":0.2514932454,"30":0.2517127097,"31":0.2529883385,"32":0.2532784343,"33":0.2533971369,"34":0.2535138726,"35":0.2536328137,"36":0.2537566721,"37":0.2538573444,"38":0.2539179921,"39":0.2539472282,"40":0.2539559603,"41":0.2539464533,"42":0.253939122,"43":0.253934592,"44":0.2539319992,"45":0.2538987398,"46":0.2537488639,"47":0.2536871135,"48":0.2536838949,"49":0.2537006736,"50":0.2537204921,"51":0.2537384629,"52":0.2537518144,"53":0.2537617087,"54":0.2537689507,"55":0.2537742555,"56":0.2537793815,"57":0.2537839711,"58":0.2537881434,"59":0.2537923753,"60":0.2537962198,"61":0.2537997663,"62":0.2538032532,"63":0.2538066506,"64":0.2538101375,"65":0.2538136244,"66":0.2538173199,"67":0.2538208365,"68":0.2538242638,"69":0.2538290024,"70":0.2538320422,"71":0.253834486,"72":0.2538376451,"73":0.2538391948,"74":0.253839016,"75":0.2538384199,"76":0.2538377643,"77":0.2538376451,"78":0.2538382709,"79":0.2538393736,"80":0.2538410425,"81":0.2538430989,"82":0.2538466156,"83":0.2538508475,"84":0.2538565099,"85":0.2538605332,"86":0.2538663745,"87":0.2538726628,"88":0.2538788021,"89":0.2538873553,"90":0.253891319,"91":0.2539001107,"92":0.2539017498,"93":0.253916204,"94":0.2539209425,"95":0.2539403439,"96":0.2539415359,"97":0.2702320516,"98":0.29950279},"yaw":{"0":-89.9750366211,"1":-89.9750366211,"2":-89.9750366211,"3":-89.9750366211,"4":-89.9750366211,"5":-89.9754257202,"6":-89.9753036499,"7":-89.9750900269,"8":-89.9750366211,"9":-89.9749984741,"10":-89.9749984741,"11":-89.9749984741,"12":-89.9749984741,"13":-89.9749984741,"14":-89.9749984741,"15":-89.9749984741,"16":-89.9749984741,"17":-89.9749984741,"18":-89.9749984741,"19":-89.9749984741,"20":-89.9749984741,"21":-89.9749984741,"22":-89.9749984741,"23":-89.9749984741,"24":-89.9749984741,"25":-90.0373306274,"26":-90.3019866943,"27":-90.754447937,"28":-91.2813034058,"29":-91.7953796387,"30":-92.2437057495,"31":-92.6899871826,"32":-93.1149978638,"33":-93.5430755615,"34":-93.9350891113,"35":-94.2506103516,"36":-94.4688720703,"37":-94.6405334473,"38":-94.8202438354,"39":-94.963470459,"40":-95.0852737427,"41":-95.2046432495,"42":-95.3559570312,"43":-95.4934158325,"44":-95.5874023438,"45":-95.6493606567,"46":-95.6370239258,"47":-95.6056900024,"48":-95.5960769653,"49":-95.5383987427,"50":-95.4497070312,"51":-95.2363891602,"52":-94.9538497925,"53":-94.6421432495,"54":-94.3229446411,"55":-94.0477371216,"56":-93.7835159302,"57":-93.5239562988,"58":-93.3367004395,"59":-93.2287597656,"60":-93.195526123,"61":-93.2077865601,"62":-93.2778930664,"63":-93.3016052246,"64":-93.3334274292,"65":-93.3870544434,"66":-93.5009155273,"67":-93.6552658081,"68":-93.8363571167,"69":-94.2418441772,"70":-94.7563934326,"71":-95.2820358276,"72":-95.8771514893,"73":-96.5011672974,"74":-97.0810012817,"75":-97.5929718018,"76":-98.0170593262,"77":-98.3404006958,"78":-98.6227493286,"79":-98.8321228027,"80":-98.8898468018,"81":-98.9055252075,"82":-98.7567367554,"83":-98.4976196289,"84":-98.0898132324,"85":-97.7606506348,"86":-97.3887939453,"87":-96.9143447876,"88":-96.3638076782,"89":-95.6065139771,"90":-94.8279724121,"91":-93.8519287109,"92":-92.896270752,"93":-91.6143112183,"94":-90.161315918,"95":-88.307800293,"96":-86.3102264404,"97":-84.4710998535,"98":-82.9015350342},"c_route":{"0":false,"1":false,"2":false,"3":false,"4":false,"5":false,"6":false,"7":false,"8":false,"9":false,"10":false,"11":false,"12":false,"13":false,"14":false,"15":false,"16":false,"17":false,"18":false,"19":false,"20":false,"21":false,"22":false,"23":false,"24":false,"25":false,"26":false,"27":false,"28":false,"29":false,"30":false,"31":false,"32":false,"33":false,"34":false,"35":false,"36":false,"37":false,