{"x":{"0":45.6946372986,"1":45.6946372986,"2":45.6946372986,"3":45.6946372986,"4":45.6946372986,"5":45.6942939758,"6":45.6942062378,"7":45.694229126,"8":45.6942520142,"9":45.6942672729,"10":45.6942749023,"11":45.6942825317,"12":45.6942863464,"13":45.6942825317,"14":45.6942710876,"15":45.6942672729,"16":45.6942634583,"17":45.6942634583,"18":45.6942558289,"19":45.6942558289,"20":45.6942558289,"21":45.6942558289,"22":45.6942558289,"23":45.6942558289,"24":45.6942558289,"25":45.692943573,"26":45.6869087219,"27":45.6763763428,"28":45.6628494263,"29":45.6465950012,"30":45.6278152466,"31":45.6071815491,"32":45.5865707397,"33":45.5650367737,"34":45.5451698303,"35":45.5266723633,"36":45.5089988708,"37":45.4932441711,"38":45.4787597656,"39":45.4651260376,"40":45.4509658813,"41":45.4363670349,"42":45.4219818115,"43":45.4082527161,"44":45.3956108093,"45":45.3831710815,"46":45.3706474304,"47":45.3592529297,"48":45.3504829407,"49":45.3451461792,"50":45.3433189392,"51":45.3450469971,"52":45.3498764038,"53":45.3566551208,"54":45.3642501831,"55":45.3719520569,"56":45.3783454895,"57":45.384929657,"58":45.3911857605,"59":45.396156311,"60":45.4021148682,"61":45.4077033997,"62":45.4143104553,"63":45.4230995178,"64":45.4331321716,"65":45.4432373047,"66":45.4516487122,"67":45.4572944641,"68":45.4611282349,"69":45.4636802673,"70":45.4656829834,"71":45.4682197571,"72":45.4699935913,"73":45.468547821,"74":45.4672851562,"75":45.4646530151,"76":45.4618110657,"77":45.4613761902,"78":45.4621086121,"79":45.4595527649,"80":45.4563369751,"81":45.4529724121,"82":45.4522399902,"83":45.4562034607,"84":45.4669723511,"85":45.4878120422,"86":45.521320343,"87":45.5655937195,"88":45.6233711243,"89":45.6950683594,"90":45.8022613525,"91":45.9491462708,"92":46.1358795166,"93":46.361743927,"94":46.6223945618,"95":46.9132232666,"96":47.233127594,"97":47.5791893005,"98":47.9534759521,"99":48.3513946533,"100":48.774848938,"101":49.2283401489},"y":{"0":285.5375671387,"1":285.5375671387,"2":285.5375671387,"3":285.5375671387,"4":285.5375671387,"5":285.5367126465,"6":285.5367431641,"7":285.5370178223,"8":285.5372619629,"9":285.5374145508,"10":285.5375061035,"11":285.5375671387,"12":285.5375671387,"13":285.5375671387,"14":285.5375976562,"15":285.5375976562,"16":285.5375976562,"17":285.5375976562,"18":285.5375976562,"19":285.5375976562,"20":285.5375976562,"21":285.5375976562,"22":285.5375976562,"23":285.5375976562,"24":285.5375976562,"25":285.5023498535,"26":285.3524780273,"27":285.1000061035,"28":284.7606506348,"29":284.3523864746,"30":283.8931884766,"31":283.3991088867,"32":282.8821411133,"33":282.3507080078,"34":281.8115234375,"35":281.2741699219,"36":280.7407531738,"37":280.2103271484,"38":279.6822509766,"39":279.156036377,"40":278.6314086914,"41":278.1077575684,"42":277.5848388672,"43":277.062713623,"44":276.5412902832,"45":276.0192565918,"46":275.4819030762,"47":274.9309997559,"48":274.3696899414,"49":273.7996520996,"50":273.2218933105,"51":272.6369934082,"52":272.0453186035,"53":271.447052002,"54":270.8424072266,"55":270.2315368652,"56":269.6145324707,"57":268.9914245605,"58":268.3623046875,"59":267.7272338867,"60":267.0862121582,"61":266.4393005371,"62":265.786529541,"63":265.1278991699,"64":264.4635620117,"65":263.7934875488,"66":263.1178894043,"67":262.4368896484,"68":261.750579834,"69":261.0590515137,"70":260.3623046875,"71":259.660369873,"72":258.953338623,"73":258.2413024902,"74":257.5242919922,"75":256.8024291992,"76":256.0757446289,"77":255.3444519043,"78":254.6085662842,"79":253.8682098389,"80":253.1233978271,"81":252.3741607666,"82":251.6205291748,"83":250.8625793457,"84":250.1005401611,"85":249.3347015381,"86":248.5654754639,"87":247.7927703857,"88":247.0171356201,"89":246.2389221191,"90":245.4649353027,"91":244.6965026855,"92":243.9346618652,"93":243.1806945801,"94":242.4341888428,"95":241.6946563721,"96":240.963760376,"97":240.2416992188,"98":239.5320281982,"99":238.8330535889,"100":238.1482543945,"101":237.4836730957},"z":{"0":1.2638585567,"1":1.1088317633,"2":0.8560166955,"3":0.5055115819,"4":0.1815200001,"5":0.1903276443,"6":0.2146982104,"7":0.2325974554,"8":0.2429851443,"9":0.2484167069,"10":0.2510926127,"11":0.2523608804,"12":0.2529455423,"13":0.2530941367,"14":0.253228724,"15":0.253318578,"16":0.2533688247,"17":0.2533853054,"18":0.253398329,"19":0.2534075975,"20":0.2534129322,"21":0.2534149587,"22":0.2534161806,"23":0.2534161806,"24":0.2534177005,"25":0.2529219687,"26":0.2520392537,"27":0.2515531182,"28":0.2514324784,"29":0.2515618801,"30":0.2518343329,"31":0.2525377572,"32":0.2535044551,"33":0.2536327541,"34":0.2536959648,"35":0.2538131177,"36":0.2538925111,"37":0.2539308071,"38":0.2539459169,"39":0.253949821,"40":0.2539479733,"41":0.2539404333,"42":0.2539353073,"43":0.253932327,"44":0.2539308369,"45":0.2538980544,"46":0.2537432313,"47":0.253680408,"48":0.2536746562,"49":0.2536891401,"50":0.2537071109,"51":0.2537232935,"52":0.2537353337,"53":0.253744334,"54":0.2537509203,"55":0.2537557781,"56":0.253759414,"57":0.2537620962,"58":0.2537639141,"59":0.253765285,"60":0.2537663579,"61":0.2537671924,"62":0.2537677586,"63":0.2537686229,"64":0.2537697256,"65":0.2537712753,"66":0.253773421,"67":0.2537762523,"68":0.2537787855,"69":0.2537807822,"70":0.2537819743,"71":0.2537828088,"72":0.2537839413,"73":0.2537855208,"74":0.2537869215,"75":0.2537883818,"76":0.2537901103,"77":0.2537926435,"78":0.2537945509,"79":0.2537966073,"80":0.2537977993,"81":0.2537986636,"82":0.2537997365,"83":0.2538011968,"84":0.2538035512,"85":0.2538075447,"86":0.2538121343,"87":0.253813386,"88":0.2538174391,"89":0.2538206875,"90":0.2538750768,"91":0.2538902164,"92":0.2539073825,"93":0.2539129555,"94":0.2539070845,"95":0.2538971603,"96":0.2538948357,"97":0.2538922429,"98":0.2539030313,"99":0.2539028823,"100":0.2539143264,"101":0.2539374232},"yaw":{"0":-89.9750366211,"1":-89.9750366211,"2":-89.9750366211,"3":-89.9750366211,"4":-89.9750366211,"5":-89.9754257202,"6":-89.9753036499,"7":-89.9750900269,"8":-89.9750366211,"9":-89.9749984741,"10":-89.9749984741,"11":-89.9749984741,"12":-89.9749984741,"13":-89.9749984741,"14":-89.9749984741,"15":-89.9749984741,"16":-89.9749984741,"17":-89.9749984741,"18":-89.9749984741,"19":-89.9749984741,"20":-89.9749984741,"21":-89.9749984741,"22":-89.9749984741,"23":-89.9749984741,"24":-89.9749984741,"25":-90.030456543,"26":-90.2689208984,"27":-90.6335067749,"28":-91.0094070435,"29":-91.3561325073,"30":-91.6586303711,"31":-91.9008712769,"32":-92.0312805176,"33":-92.1356735229,"34":-92.1396713257,"35":-92.0811767578,"36":-92.0187683105,"37":-91.9073867798,"38":-91.7902526855,"39":-91.6843948364,"40":-91.6403503418,"41":-91.6313095093,"42":-91.6170501709,"43":-91.5828170776,"44":-91.5190429688,"45":-91.4555282593,"46":-91.4139328003,"47":-91.3321533203,"48":-91.1682662964,"49":-90.9257278442,"50":-90.6346969604,"51":-90.3164901733,"52":-90.0025024414,"53":-89.739112854,"54":-89.5530700684,"55":-89.4421386719,"56":-89.4315795898,"57":-89.4200363159,"58":-89.4277954102,"59":-89.4857788086,"60":-89.4819717407,"61":-89.4948425293,"62":-89.4650878906,"63":-89.3641281128,"64":-89.261505127,"65":-89.2061157227,"66":-89.2458114624,"67":-89.3798217773,"68":-89.5254745483,"69":-89.6538467407,"70":-89.7437667847,"71":-89.7704467773,"72":-89.8137207031,"73":-89.9636230469,"74":-90.0359725952,"75":-90.1230163574,"76":-90.1766967773,"77":-90.1072921753,"78":-90.0238265991,"79":-90.1105957031,"80":-90.1843185425,"81":-90.2236938477,"82":-90.1386642456,"83":-89.9091186523,"84":-89.5282821655,"85":-88.9477767944,"86":-88.169921875,"87":-87.3773803711,"88":-86.4806365967,"89":-85.5160446167,"90":-83.6436462402,"91":-81.1589889526,"92":-78.3960418701,"93":-75.5304412842,"94":-72.8083343506,"95":-70.3538818359,"96":-68.0572662354,"97":-65.938949585,"98":-63.7784233093,"99":-61.7821464539,"100":-59.7481575012,"101":-57.4074516296},"c_route":{"0":false,"1":false,"2":false,"3":false,"4":false,"5":false,"6":false,"7":false,"8":false,"9":false,"10":false,"11":false,"12":false,"13":false,"14":false,"15":false,