{"x":{"0":136.0856018066,"1":136.0856018066,"2":136.0856018066,"3":136.0856018066,"4":136.0856018066,"5":136.0853118896,"6":136.0852355957,"7":136.0852355957,"8":136.0852661133,"9":136.0852661133,"10":136.0852661133,"11":136.0852966309,"12":136.0852813721,"13":136.0852661133,"14":136.0852661133,"15":136.0852508545,"16":136.0852508545,"17":136.0852508545,"18":136.0852508545,"19":136.0852508545,"20":136.0852508545,"21":136.0852508545,"22":136.0852508545,"23":136.0852508545,"24":136.0852508545,"25":136.083480835,"26":136.0754394531,"27":136.0589294434,"28":136.0338592529,"29":136.0002441406,"30":135.9594573975,"31":135.9127349854,"32":135.862487793,"33":135.809387207,"34":135.752746582,"35":135.6923370361,"36":135.6286468506,"37":135.561416626,"38":135.4891662598,"39":135.4126281738,"40":135.3327636719,"41":135.249786377,"42":135.1671600342,"43":135.0857696533,"44":135.0052642822,"45":134.9300689697,"46":134.8570251465,"47":134.7854156494,"48":134.7169189453,"49":134.6509857178,"50":134.5875396729,"51":134.5269927979,"52":134.4702301025,"53":134.4144439697,"54":134.3592834473,"55":134.3054046631,"56":134.2535095215,"57":134.2061920166,"58":134.1661071777,"59":134.1345214844,"60":134.1120605469,"61":134.1013793945,"62":134.1003265381,"63":134.1081695557,"64":134.1244354248,"65":134.1468658447,"66":134.1746063232,"67":134.2110290527,"68":134.255645752,"69":134.3096618652,"70":134.3738708496,"71":134.4494476318,"72":134.5355987549,"73":134.6287384033,"74":134.7286071777,"75":134.83543396,"76":134.9481964111,"77":135.0692443848,"78":135.1971893311,"79":135.3382568359,"80":135.4938812256,"81":135.6678924561,"82":135.866394043,"83":136.0936431885,"84":136.350982666,"85":136.635848999,"86":136.9458618164,"87":137.2786865234,"88":137.6377563477,"89":138.0235443115,"90":138.4392700195},"y":{"0":232.260345459,"1":232.260345459,"2":232.260345459,"3":232.260345459,"4":232.260345459,"5":232.2595062256,"6":232.259552002,"7":232.2598114014,"8":232.2600402832,"9":232.2601928711,"10":232.260269165,"11":232.2603302002,"12":232.260345459,"13":232.260345459,"14":232.2603607178,"15":232.2603607178,"16":232.2603607178,"17":232.2603607178,"18":232.2603607178,"19":232.2603607178,"20":232.2603607178,"21":232.2603607178,"22":232.2603607178,"23":232.2603607178,"24":232.2603607178,"25":232.225189209,"26":232.0756225586,"27":231.8238830566,"28":231.4839477539,"29":231.0689544678,"30":230.5943450928,"31":230.0763397217,"32":229.5298614502,"33":228.966583252,"34":228.3944702148,"35":227.8206634521,"36":227.2512969971,"37":226.6869659424,"38":226.1275787354,"39":225.5727844238,"40":225.0220336914,"41":224.4729309082,"42":223.9245452881,"43":223.3768157959,"44":222.8297729492,"45":222.2816009521,"46":221.7196960449,"47":221.1454620361,"48":220.5615997314,"49":219.9696655273,"50":219.3706359863,"51":218.7650146484,"52":218.1531219482,"53":217.5353851318,"54":216.9120483398,"55":216.2832641602,"56":215.6492004395,"57":215.0097961426,"58":214.3652496338,"59":213.7156066895,"60":213.0610961914,"61":212.4020843506,"62":211.7387084961,"63":211.0711669922,"64":210.3997192383,"65":209.724395752,"66":209.0453033447,"67":208.3629302979,"68":207.6773071289,"69":206.9887695312,"70":206.2975158691,"71":205.6038665771,"72":204.9078216553,"73":204.2089233398,"74":203.5074157715,"75":202.8035888672,"76":202.0973815918,"77":201.3894500732,"78":200.6795806885,"79":199.9694824219,"80":199.2596282959,"81":198.5514678955,"82":197.8477630615,"83":197.1510314941,"84":196.4626464844,"85":195.7821502686,"86":195.1091156006,"87":194.4433135986,"88":193.7886505127,"89":193.1466827393,"90":192.5220489502},"z":{"0":1.2638585567,"1":1.1088317633,"2":0.8560166955,"3":0.5055115819,"4":0.1815201193,"5":0.1903284043,"6":0.2146976441,"7":0.2325973064,"8":0.2429852933,"9":0.2484170496,"10":0.2510928214,"11":0.2523610592,"12":0.2529459,"13":0.2530944049,"14":0.2532288432,"15":0.2533187866,"16":0.2533690333,"17":0.253385514,"18":0.2533985078,"19":0.2534077764,"20":0.2534131706,"21":0.2534151077,"22":0.2534163594,"23":0.2534163594,"24":0.2534178495,"25":0.252923131,"26":0.2520422637,"27":0.2515574098,"28":0.2514165342,"29":0.2514865398,"30":0.2516986728,"31":0.2529766858,"32":0.2532787025,"33":0.2534115016,"34":0.2535422444,"35":0.2536928952,"36":0.2538310289,"37":0.25391379,"38":0.2539578676,"39":0.2539795637,"40":0.2539833784,"41":0.2539635301,"42":0.2539483607,"43":0.2539396286,"44":0.2539348602,"45":0.2539047599,"46":0.2537672222,"47":0.253708899,"48":0.2537029684,"49":0.2537152767,"50":0.2537312508,"51":0.2537456453,"52":0.2537573278,"53":0.2537651062,"54":0.2537715137,"55":0.2537769675,"56":0.2537818849,"57":0.2537871599,"58":0.2537922561,"59":0.2537970543,"60":0.2538016737,"61":0.2538078129,"62":0.2538109422,"63":0.2538135946,"64":0.2538158,"65":0.2538164854,"66":0.2538172007,"67":0.2538202107,"68":0.2538217902,"69":0.2538239658,"70":0.2538258731,"71":0.2538279593,"72":0.2538284659,"73":0.2538269758,"74":0.2538276315,"75":0.2538294494,"76":0.2538309693,"77":0.2538337708,"78":0.253834635,"79":0.2538404763,"80":0.2538435161,"81":0.2538506985,"82":0.2538641393,"83":0.2538791299,"84":0.2538903058,"85":0.2538906932,"86":0.2538865507,"87":0.2538807988,"88":0.2538879812,"89":0.2538933158,"90":0.2539102733},"yaw":{"0":-89.8385009766,"1":-89.8385009766,"2":-89.8385009766,"3":-89.8385009766,"4":-89.8385009766,"5":-89.8388900757,"6":-89.8388442993,"7":-89.8385772705,"8":-89.8385238647,"9":-89.8385009766,"10":-89.8385009766,"11":-89.8385009766,"12":-89.8385009766,"13":-89.8385009766,"14":-89.8385009766,"15":-89.8385009766,"16":-89.8385009766,"17":-89.8385009766,"18":-89.8385009766,"19":-89.8385009766,"20":-89.8385009766,"21":-89.8385009766,"22":-89.8385009766,"23":-89.8385009766,"24":-89.8385009766,"25":-89.9166870117,"26":-90.246635437,"27":-90.8516845703,"28":-91.6257858276,"29":-92.466217041,"30":-93.2480239868,"31":-93.9109954834,"32":-94.4036560059,"33":-94.7759017944,"34":-95.1207580566,"35":-95.4843139648,"36":-95.8472366333,"37":-96.2258605957,"38":-96.6745300293,"39":-97.138420105,"40":-97.5716629028,"41":-97.9657821655,"42":-98.1980895996,"43":-98.2973709106,"44":-98.3292922974,"45":-98.1261978149,"46":-97.8489379883,"47":-97.5606079102,"48":-97.2146606445,"49":-96.8678131104,"50":-96.532989502,"51":-96.192741394,"52":-95.8192443848,"53":-95.5417251587,"54":-95.3369293213,"55":-95.1502685547,"56":-94.9472351074,"57":-94.635383606,"58":-94.1594161987,"59":-93.5441818237,"60":-92.8328933716,"61":-91.9695129395,"62":-91.1089401245,"63":-90.2884979248,"64":-89.5118637085,"65":-88.851600647,"66":-88.2932052612,"67":-87.658454895,"68":-87.0022201538,"69":-86.2916793823,"70":-85.5240020752,"71":-84.68334198,"72":-83.8377075195,"73":-83.1365966797,"74":-82.5279159546,"75":-81.9551925659,"76":-81.4443206787,"77":-80.873550415,"78":-80.3251266479,"79":-79.5418548584,"80":-78.5757217407,"81":-77.3659515381,"82":-75.7739105225,"83":-73.8035354614,"84":-71.5844039917,"85":-69.3520050049,"86":-67.2203445435,"87":-65.2352523804,"88":-63.1445770264,"89":-60.9525756836,"90":-58.5185012817},"c_route":{"0":false,"1":false,"2":false,"3":false,"4":false,"5":false,"6":false,"7":false,"8":false,"9":false,"10":false,"11":false,"12":false,"13":false,"14":false,"15":false,"16":false,"17":false,"18":false,"19":false,"20":false,"21":false,"22":false,"23":false,"24":false,"25":false,"26":false,"27":false,"28":false,"29":false,"30":false,"31":false,"32":false,"33":false,"34":false,"35":false,"36":false,"37":false,"38":false,"39":false,"40":false,"41":false,"42":false,"43":false,"44":false,"45":false,"46":false,"47":false,"48":false,"49":false,"50":false,"51":false,"52":false,"53":false,"54":false,"55":false,"56":false,"57":false,"58":false,"59":false,"60":false,"61":false,"62":false,"63":false,"64":false,"65":false,"66":false,"67":false,"68":false,"69":false,"70":false,"71":false,"72":false,"73":false,"74":false,"75":false,"76":false,"77":false,"78":false,"79":false,"80":false,"81":false,"82":false,"83":false,"84":false,"85":false,"86":false,