{"x":{"0":0.005947113,"1":0.005947113,"2":0.005947113,"3":0.005947113,"4":0.005947113,"5":0.0067755505,"6":0.0067202756,"7":0.0064252089,"8":0.0062101744,"9":0.0060850903,"10":0.0060179518,"11":0.0059829331,"12":0.0059649274,"13":0.0059592817,"14":0.0059537124,"15":0.0059499741,"16":0.005947914,"17":0.0059471894,"18":0.0059466553,"19":0.0059461212,"20":0.0059458157,"21":0.0059457016,"22":0.0059456252,"23":0.0059456252,"24":0.0059455489,"25":0.0409038924,"26":0.1894956529,"27":0.4397056401,"28":0.7770664096,"29":1.183978796,"30":1.6422005892,"31":2.1348958015,"32":2.6493356228,"33":3.1759002209,"34":3.7051794529,"35":4.2302961349,"36":4.7494506836,"37":5.2635765076,"38":5.7734670639,"39":6.2793831825,"40":6.7818260193,"41":7.2822771072,"42":7.7806997299,"43":8.2773141861,"44":8.7718715668,"45":9.2665424347,"46":9.7738780975,"47":10.2927837372,"48":10.8207540512,"49":11.3555030823,"50":11.8956956863,"51":12.4399766922,"52":12.9877471924,"53":13.5383386612,"54":14.0929803848,"55":14.6522893906,"56":15.2169523239,"57":15.7875652313,"58":16.3637866974,"59":16.9454574585,"60":17.5322132111,"61":18.12342453,"62":18.717880249,"63":19.3156471252},"y":{"0":306.9418334961,"1":306.9418334961,"2":306.9418334961,"3":306.9418334961,"4":306.9418334961,"5":306.9415893555,"6":306.9414672852,"7":306.9414672852,"8":306.9414672852,"9":306.9414672852,"10":306.9414978027,"11":306.9414672852,"12":306.94140625,"13":306.94140625,"14":306.94140625,"15":306.94140625,"16":306.94140625,"17":306.94140625,"18":306.94140625,"19":306.94140625,"20":306.94140625,"21":306.94140625,"22":306.94140625,"23":306.94140625,"24":306.94140625,"25":306.9385681152,"26":306.92578125,"27":306.9016723633,"28":306.8672485352,"29":306.8239135742,"30":306.776550293,"31":306.7277832031,"32":306.6816101074,"33":306.6328735352,"34":306.580078125,"35":306.521484375,"36":306.4564819336,"37":306.3863525391,"38":306.3124694824,"39":306.2344970703,"40":306.1527709961,"41":306.0659179688,"42":305.9728088379,"43":305.8744506836,"44":305.7701416016,"45":305.6635437012,"46":305.552520752,"47":305.4389648438,"48":305.3246765137,"49":305.2067565918,"50":305.0835571289,"51":304.9524841309,"52":304.8130493164,"53":304.6642150879,"54":304.5105895996,"55":304.3548278809,"56":304.1998291016,"57":304.0484619141,"58":303.8996887207,"59":303.7530517578,"60":303.6067810059,"61":303.4580993652,"62":303.302520752,"63":303.140411377},"z":{"0":1.2638585567,"1":1.1088317633,"2":0.8560168147,"3":0.5055116415,"4":0.1815192699,"5":0.1903274804,"6":0.2146964222,"7":0.2325964272,"8":0.2429847717,"9":0.2484161705,"10":0.2510920167,"11":0.2523601055,"12":0.2529447973,"13":0.2530933321,"14":0.2532278895,"15":0.2533176839,"16":0.253367871,"17":0.2533844411,"18":0.2533974349,"19":0.2534067035,"20":0.2534120083,"21":0.253414005,"22":0.2534152567,"23":0.2534152567,"24":0.2534167469,"25":0.2529249489,"26":0.2520493567,"27":0.2515660524,"28":0.2514347732,"29":0.2515559793,"30":0.2518281043,"31":0.2525407076,"32":0.2535222173,"33":0.2536678314,"34":0.2537615895,"35":0.253865093,"36":0.2539351285,"37":0.2539686561,"38":0.2539813221,"39":0.2539851069,"40":0.2539805174,"41":0.2539614141,"42":0.2539497018,"43":0.2539420128,"44":0.2539382875,"45":0.2539066672,"46":0.2537693381,"47":0.2537122369,"48":0.2537063658,"49":0.2537196279,"50":0.2537370324,"51":0.2537540793,"52":0.253767848,"53":0.2537792027,"54":0.2537842095,"55":0.253787607,"56":0.2537896633,"57":0.2537922859,"58":0.2537938952,"59":0.2537949383,"60":0.2537946403,"61":0.2537934184,"62":0.25379318,"63":0.2537930906},"yaw":{"0":0.0257544741,"1":0.0257544741,"2":0.0257544741,"3":0.0257544741,"4":0.0257544741,"5":0.0253237113,"6":0.0254219063,"7":0.0256509911,"8":0.0257571414,"9":0.02579909,"10":0.0258154701,"11":0.0258219168,"12":0.0258245561,"13":0.0258251186,"14":0.0258245282,"15":0.0258231759,"16":0.0258224029,"17":0.0258221757,"18":0.0258219708,"19":0.025821818,"20":0.025821818,"21":0.025821818,"22":0.0258216802,"23":0.0258216802,"24":0.0258216802,"25":-0.0930785984,"26":-0.5960081816,"27":-1.4379273653,"28":-2.440063715,"29":-3.4363107681,"30":-4.192445755,"31":-4.6725182533,"32":-4.8228783607,"33":-4.9908471107,"34":-5.2473473549,"35":-5.6563453674,"36":-6.1887860298,"37":-6.7509212494,"38":-7.2743287086,"39":-7.7945942879,"40":-8.2949914932,"41":-8.8335371017,"42":-9.4409008026,"43":-10.0504608154,"44":-10.6922140121,"45":-11.1965503693,"46":-11.5984067917,"47":-11.863360405,"48":-11.9891843796,"49":-12.1567878723,"50":-12.4183235168,"51":-12.8493852615,"52":-13.4045286179,"53":-14.0777177811,"54":-14.6310329437,"55":-14.999835968,"56":-15.1373167038,"57":-15.0209236145,"58":-14.7957324982,"59":-14.531206131,"60":-14.3098955154,"61":-14.2286596298,"62":-14.4143838882,"63":-14.7390947342},"c_route":{"0":false,"1":false,"2":false,"3":false,"4":false,"5":false,"6":false,"7":false,"8":false,"9":false,"10":false,"11":false,"12":false,"13":false,"14":false,"15":false,"16":false,"17":false,"18":false,"19":false,"20":false,"21":false,"22":false,"23":false,"24":false,"25":false,"26":false,"27":false,"28":false,"29":false,"30":false,"31":false,"32":false,"33":false,"34":false,"35":false,"36":false,"37":false,"38":false,"39":false,"40":false,"41":false,"42":false,"43":false,"44":false,"45":false,"46":false,"47":false,"48":false,"49":false,"50":false,"51":false,"52":false,"53":false,"54":false,"55":false,"56":false,"57":false,"58":false,"59":false,"60":false,"61":false,"62":false,"63":false},"done":{"0":false,"1":false,"2":false,"3":false,"4":false,"5":false,"6":false,"7":false,"8":false,"9":false,"10":false,"11":false,"12":false,"13":false,"14":false,"15":false,"16":false,"17":false,"18":false,"19":false,"20":false,"21":false,"22":false,"23":false,"24":false,"25":false,"26":false,"27":false,"28":false,"29":false,"30":false,"31":false,"32":false,"33":false,"34":false,"35":false,"36":false,"37":false,"38":false,"39":false,"40":false,"41":false,"42":false,"43":false,"44":false,"45":false,"46":false,"47":false,"48":false,"49":false,"50":false,"51":false,"52":false,"53":false,"54":false,"55":false,"56":false,"57":false,"58":false,"59":false,"60":false,"61":false,"62":false,"63":true},"route_completed_in_m":{"0":1.2046949863,"1":1.2046949863,"2":1.2046949863,"3":1.2046949863,"4":1.2046949863,"5":1.2046949863,"6":1.2046949863,"7":1.2046949863,"8":1.2046949863,"9":1.2046949863,"10":1.2046949863,"11":1.2046949863,"12":1.2046949863,"13":1.2046949863,"14":1.2046949863,"15":1.2046949863,"16":1.2046949863,"17":1.2046949863,"18":1.2046949863,"19":1.2046949863,"20":1.2046949863,"21":1.2046949863,"22":1.2046949863,"23":1.2046949863,"24":1.2046949863,"25":1.2046949863,"26":1.2046949863,"27":1.2046949863,"28":2.4093897343,"29":2.4093897343,"30":3.6140850782,"31":3.6140850782,"32":3.6140850782,"33":4.8826104403,"34":4.8826104403,"35":5.8826106787,"36":5.8826106787,"37":6.8826104403,"38":6.8826104403,"39":7.8826102018,"40":7.8826102018,"41":8.8826099634,"42":8.8826099634,"43":9.8826102018,"44":9.8826102018,"45":10.8826104403,"46":10.8826104403,"47":11.8826106787,"48":11.8826106787,"49":12.8826099634,"50":12.8826099634,"51":13.8826102018,"52":13.8826102018,"53":14.8826104403,"54":15.882609725,"55":15.882609725,"56":16.8826109171,"57":16.8826109171,"58":17.8826111555,"59":17.8826111555,"60":18.8826113939,"61":19.882609725,"62":19.882609725,"63":20.8826099634}}