{"x":{"0":189.5395812988,"1":189.5395812988,"2":189.5395812988,"3":189.5395812988,"4":189.5395812988,"5":189.539932251,"6":189.5400543213,"7":189.5400543213,"8":189.5400390625,"9":189.5400085449,"10":189.5399780273,"11":189.5400085449,"12":189.5400390625,"13":189.5400390625,"14":189.5400543213,"15":189.5400543213,"16":189.5400543213,"17":189.5400543213,"18":189.5400695801,"19":189.5400695801,"20":189.5400695801,"21":189.5400695801,"22":189.5400695801,"23":189.5400695801,"24":189.5400695801,"25":189.5407562256,"26":189.5438995361,"27":189.5496063232,"28":189.555557251,"29":189.5596313477,"30":189.5595245361,"31":189.5545196533,"32":189.5438995361,"33":189.529006958,"34":189.5118255615,"35":189.4939727783,"36":189.4776916504,"37":189.4629974365,"38":189.4507751465,"39":189.4401855469,"40":189.4303741455,"41":189.4208526611,"42":189.4111938477,"43":189.4017181396,"44":189.3912200928,"45":189.377532959,"46":189.3584136963,"47":189.3340454102,"48":189.3060302734,"49":189.2780303955,"50":189.2520294189,"51":189.2299346924,"52":189.2141113281,"53":189.2057800293,"54":189.203338623,"55":189.2067871094,"56":189.2189483643,"57":189.2405853271,"58":189.2670440674,"59":189.2994232178,"60":189.3386077881,"61":189.383392334,"62":189.4368896484,"63":189.4967193604,"64":189.5624542236,"65":189.627243042,"66":189.6923217773,"67":189.7573242188,"68":189.8256072998,"69":189.8972473145,"70":189.9777069092,"71":190.0709075928,"72":190.1784973145,"73":190.3040924072,"74":190.4504394531,"75":190.6161651611,"76":190.8128204346,"77":191.0547790527,"78":191.3554077148,"79":191.722442627,"80":192.1541900635,"81":192.6443328857,"82":193.1820526123},"y":{"0":145.0299835205,"1":145.0299835205,"2":145.0299835205,"3":145.0299835205,"4":145.0299835205,"5":145.0308380127,"6":145.0307769775,"7":145.030456543,"8":145.0302429199,"9":145.0301208496,"10":145.0300292969,"11":145.0299835205,"12":145.0299530029,"13":145.0299530029,"14":145.0299530029,"15":145.0299377441,"16":145.0299377441,"17":145.0299377441,"18":145.0299377441,"19":145.0299377441,"20":145.0299377441,"21":145.0299377441,"22":145.0299377441,"23":145.0299377441,"24":145.0299377441,"25":145.065246582,"26":145.2154083252,"27":145.4685058594,"28":145.8099212646,"29":146.2244262695,"30":146.6951904297,"31":147.206161499,"32":147.7440338135,"33":148.2990112305,"34":148.864654541,"35":149.4345855713,"36":150.0029907227,"37":150.5685577393,"38":151.1318664551,"39":151.6933288574,"40":152.2532653809,"41":152.8122406006,"42":153.3704223633,"43":153.9277648926,"44":154.4842681885,"45":155.0413208008,"46":155.613494873,"47":156.1992950439,"48":156.7953338623,"49":157.3999633789,"50":158.0122070312,"51":158.6313476562,"52":159.256942749,"53":159.8886413574,"54":160.5262145996,"55":161.1694946289,"56":161.8181762695,"57":162.4720611572,"58":163.1314086914,"59":163.796005249,"60":164.4656829834,"61":165.140411377,"62":165.8197631836,"63":166.5039672852,"64":167.1929321289,"65":167.8872833252,"66":168.5868377686,"67":169.291519165,"68":170.0009155273,"69":170.7149047852,"70":171.4325561523,"71":172.1532592773,"72":172.8764343262,"73":173.6009368896,"74":174.3254852295,"75":175.0500946045,"76":175.7688446045,"77":176.4719238281,"78":177.1450805664,"79":177.7732696533,"80":178.3495330811,"81":178.872756958,"82":179.3518829346},"z":{"0":1.2638585567,"1":1.1088316441,"2":0.8560166955,"3":0.5055115223,"4":0.1815198809,"5":0.1903275251,"6":0.2146987468,"7":0.2325974554,"8":0.2429847717,"9":0.248416394,"10":0.2510923743,"11":0.2523606122,"12":0.2529453635,"13":0.2530940473,"14":0.2532286048,"15":0.2533184886,"16":0.2533687055,"17":0.2533852458,"18":0.2533982396,"19":0.2534075081,"20":0.2534128129,"21":0.2534148693,"22":0.2534160912,"23":0.2534160912,"24":0.2534176111,"25":0.252921015,"26":0.2520367503,"27":0.2515476048,"28":0.2514118254,"29":0.2515069246,"30":0.2517468631,"31":0.2529735565,"32":0.2533570528,"33":0.2534620464,"34":0.253554523,"35":0.2536735833,"36":0.2537949383,"37":0.2538731992,"38":0.2539127171,"39":0.2539305389,"40":0.2539362907,"41":0.2539336383,"42":0.2539310455,"43":0.2539295256,"44":0.2539287508,"45":0.2538966835,"46":0.2537406981,"47":0.2536767423,"48":0.2536723018,"49":0.25368765,"50":0.2537076175,"51":0.2537260652,"52":0.2537416816,"53":0.2537539899,"54":0.2537623048,"55":0.2537681758,"56":0.2537737489,"57":0.2537776232,"58":0.2537777126,"59":0.2537789047,"60":0.2537801564,"61":0.2537805438,"62":0.2537827492,"63":0.2537827492,"64":0.2537836134,"65":0.2537828684,"66":0.2537829578,"67":0.2537839413,"68":0.2537858188,"69":0.2537875772,"70":0.2537912726,"71":0.2537959218,"72":0.2538000941,"73":0.2538081408,"74":0.2538171411,"75":0.2538222373,"76":0.2538539767,"77":0.2539229989,"78":0.2540396154,"79":0.2541767061,"80":0.2542674243,"81":0.2543052733,"82":0.2542553544},"yaw":{"0":89.9902877808,"1":89.9902877808,"2":89.9902877808,"3":89.9902877808,"4":89.9902877808,"5":89.9898681641,"6":89.989982605,"7":89.9901885986,"8":89.9902954102,"9":89.9903335571,"10":89.9903259277,"11":89.9903259277,"12":89.9903259277,"13":89.9903259277,"14":89.9903259277,"15":89.9903259277,"16":89.9903259277,"17":89.9903259277,"18":89.9903259277,"19":89.9903259277,"20":89.9903259277,"21":89.9903259277,"22":89.9903259277,"23":89.9903259277,"24":89.9903259277,"25":89.9607009888,"26":89.8391647339,"27":89.6439361572,"28":89.4991149902,"29":89.4845733643,"30":89.6549606323,"31":89.9696807861,"32":90.3925323486,"33":90.8206558228,"34":91.1678771973,"35":91.41040802,"36":91.4948425293,"37":91.4904937744,"38":91.3941802979,"39":91.2720565796,"40":91.1700668335,"41":91.095703125,"42":91.0564651489,"43":91.0251159668,"44":91.0470123291,"45":91.1862106323,"46":91.4709091187,"47":91.8358535767,"48":92.185005188,"49":92.3783111572,"50":92.3986282349,"51":92.2457122803,"52":91.9017944336,"53":91.4022979736,"54":90.8809356689,"55":90.3541259766,"56":89.713973999,"57":88.9861221313,"58":88.3987045288,"59":87.8534164429,"60":87.2952804565,"61":86.7830429077,"62":86.1776733398,"63":85.6161575317,"64":85.1038360596,"65":84.8889770508,"66":84.7903289795,"67":84.7598800659,"68":84.6343002319,"69":84.4537124634,"70":84.0296859741,"71":83.3230056763,"72":82.4152755737,"73":81.2610321045,"74":79.876083374,"75":78.4378662109,"76":76.4858627319,"77":73.6138763428,"78":69.5838699341,"79":64.4321899414,"80":58.6039428711,"81":52.5750617981,"82":46.9882698059},"c_route":{"0":false,"1":false,"2":false,"3":false,"4":false,"5":false,"6":false,"7":false,"8":false,"9":false,"10":false,"11":false,"12":false,"13":false,"14":false,"15":false,"16":false,"17":false,"18":false,"19":false,"20":false,"21":false,"22":false,"23":false,"24":false,"25":false,"26":false,"27":false,"28":false,"29":false,"30":false,"31":false,"32":false,"33":false,"34":false,"35":false,"36":false,"37":false,"38":false,"39":false,"40":false,"41":false,"42":false,"43":false,"44":false,"45":false,"46":false,"47":false,"48":false,"49":false,"50":false,"51":false,"52":false,"53":false,"54":false,"55":false,"56":false,"57":false,"58":false,"59":false,"60":false,"61":false,"62":false,"63":false,"64":false,"65":false,"66":false,"67":false,"68":false,"69":false,"70":false,"71":false,"72":false,"73":false,"74":false,"75":false,"76":false,"77":false,"78":false,"79":false,"80":false,"81":false,"82":false},"done":{"0":false,"1":false,"2":false,"3":false,"4":false,"5":false,"6":false,"7":false,"8":false,"9":false,"10":false,"11":false,"12":false,"13":false,"14":false,"15":false,"16":false,"17":false,"18":false,"19":false,"20":false,"21":false,"22":false,"23":false,"24":false,"25":false,"26":false,"27":false,"28":false,"29":false,"30":false,"31":false,"32":false,"33":false,"34":false,"35":false,"36":false,"37":false,"38":false,"39":false,"40":false,"41":false,"42":false,"43":false,"44":false,"45":false,"46":false,"47":false,"48":false,"49":false,"50":false,"51":false,"52":false,"53":false,"54":false,"55":false,"56":false,"57":false,"58":false,"59":false,"60":false,"61":false,"62":false,"63":false,"64":false,"65":false,"66":false,