{"x":{"0":189.5395812988,"1":189.5395812988,"2":189.5395812988,"3":189.5395812988,"4":189.5395812988,"5":189.5397186279,"6":189.5398254395,"7":189.539855957,"8":189.5398712158,"9":189.5398712158,"10":189.5398406982,"11":189.5399017334,"12":189.5399169922,"13":189.5399169922,"14":189.539932251,"15":189.539932251,"16":189.539932251,"17":189.539932251,"18":189.5399627686,"19":189.5399627686,"20":189.5399627686,"21":189.5399627686,"22":189.5399627686,"23":189.5399627686,"24":189.5399627686,"25":189.5384063721,"26":189.5320129395,"27":189.5217132568,"28":189.5080413818,"29":189.4915618896,"30":189.4723052979,"31":189.450012207,"32":189.4251556396,"33":189.3996429443,"34":189.3733520508,"35":189.3467407227,"36":189.3187255859,"37":189.2887420654,"38":189.2570495605,"39":189.2226104736,"40":189.1851348877,"41":189.1443328857,"42":189.0994415283,"43":189.0517730713,"44":189.0012969971,"45":188.9496307373,"46":188.8967285156,"47":188.8440246582,"48":188.7908325195,"49":188.7382354736,"50":188.6865234375,"51":188.6449890137,"52":188.5962677002,"53":188.549697876,"54":188.5070343018,"55":188.465423584,"56":188.4241485596,"57":188.3832244873,"58":188.3430633545,"59":188.3054046631,"60":188.281463623,"61":188.2466583252,"62":188.2089538574,"63":188.1715393066,"64":188.1359558105,"65":188.099899292,"66":188.0626678467,"67":188.0249633789,"68":187.9875030518,"69":187.9498748779,"70":187.9105987549,"71":187.8695220947,"72":187.8282012939,"73":187.7881622314,"74":187.750793457,"75":187.7161102295},"y":{"0":145.0299835205,"1":145.0299835205,"2":145.0299835205,"3":145.0299835205,"4":145.0299835205,"5":145.0308532715,"6":145.0307922363,"7":145.0304718018,"8":145.0302581787,"9":145.0301208496,"10":145.0300292969,"11":145.0299987793,"12":145.0299682617,"13":145.0299682617,"14":145.0299530029,"15":145.0299530029,"16":145.0299530029,"17":145.0299530029,"18":145.0299530029,"19":145.0299530029,"20":145.0299530029,"21":145.0299530029,"22":145.0299530029,"23":145.0299530029,"24":145.0299530029,"25":145.0634002686,"26":145.1926269531,"27":145.3834381104,"28":145.6096343994,"29":145.8563232422,"30":146.1158447266,"31":146.3842315674,"32":146.6595001221,"33":146.9407806396,"34":147.2273254395,"35":147.5187225342,"36":147.8145141602,"37":148.1144561768,"38":148.4184112549,"39":148.7260284424,"40":149.0371398926,"41":149.3515167236,"42":149.6687469482,"43":149.9888916016,"44":150.3116912842,"45":150.6371765137,"46":150.965057373,"47":151.2953643799,"48":151.6276855469,"49":151.9619903564,"50":152.2983703613,"51":152.635559082,"52":152.9714050293,"53":153.3088378906,"54":153.6483917236,"55":153.9897460938,"56":154.332824707,"57":154.677520752,"58":155.0238494873,"59":155.3719177246,"60":155.7164459229,"61":156.0647125244,"62":156.4153747559,"63":156.7683105469,"64":157.1238098145,"65":157.4817962646,"66":157.8423919678,"67":158.2057800293,"68":158.572052002,"69":158.941192627,"70":159.3129425049,"71":159.6873168945,"72":160.0644378662,"73":160.4444732666,"74":160.8274841309,"75":161.213394165},"z":{"0":1.2638585567,"1":1.1088316441,"2":0.8560166955,"3":0.5055115223,"4":0.1815198809,"5":0.1903308779,"6":0.214699775,"7":0.2325964272,"8":0.2429831326,"9":0.2484149486,"10":0.2510914803,"11":0.2523601055,"12":0.2529451251,"13":0.2530937493,"14":0.2532283664,"15":0.2533183694,"16":0.2533686757,"17":0.2533852458,"18":0.2533981502,"19":0.2534075379,"20":0.2534128129,"21":0.2534147501,"22":0.2534160316,"23":0.2534160316,"24":0.2534175813,"25":0.2529506385,"26":0.2522666454,"27":0.2521122694,"28":0.2522921264,"29":0.2525650263,"30":0.2528084219,"31":0.2529886663,"32":0.2531093657,"33":0.2531854212,"34":0.2532336116,"35":0.2532638907,"36":0.2532832921,"37":0.2532961965,"38":0.2533044517,"39":0.2533110678,"40":0.2533165216,"41":0.2533213496,"42":0.2533268631,"43":0.2533309758,"44":0.2533358634,"45":0.2533399165,"46":0.253344804,"47":0.2533494532,"48":0.2533549964,"49":0.2533600926,"50":0.2562886775,"51":0.2690040469,"52":0.2746357322,"53":0.2769952416,"54":0.2779558599,"55":0.2783357203,"56":0.2784779668,"57":0.2785270512,"58":0.2785414159,"59":0.2785417438,"60":0.2948466837,"61":0.3010987043,"62":0.303555131,"63":0.3045513034,"64":0.3049614727,"65":0.3051325083,"66":0.3051972985,"67":0.3052155972,"68":0.3052158356,"69":0.3052094281,"70":0.3052010238,"71":0.3052877486,"72":0.3053386211,"73":0.3053290546,"74":0.3053089082,"75":0.305290252},"yaw":{"0":89.9902877808,"1":89.9902877808,"2":89.9902877808,"3":89.9902877808,"4":89.9902877808,"5":89.9899520874,"6":89.9900970459,"7":89.9902267456,"8":89.9903488159,"9":89.9903640747,"10":89.9903564453,"11":89.9903564453,"12":89.9903564453,"13":89.9903564453,"14":89.9903564453,"15":89.9903564453,"16":89.9903564453,"17":89.9903564453,"18":89.9903564453,"19":89.9903564453,"20":89.9903564453,"21":89.9903564453,"22":89.9903564453,"23":89.9903564453,"24":89.9903564453,"25":90.0544815063,"26":90.3057861328,"27":90.6708450317,"28":91.0988464355,"29":91.5545883179,"30":92.0258026123,"31":92.5206756592,"32":93.0113296509,"33":93.4211959839,"34":93.7714538574,"35":94.0536804199,"36":94.3239898682,"37":94.603843689,"38":94.8795166016,"39":95.1941070557,"40":95.5468063354,"41":95.9398498535,"42":96.3956069946,"43":96.8459777832,"44":97.2921218872,"45":97.6721954346,"46":98.0022583008,"47":98.2378234863,"48":98.429397583,"49":98.5431442261,"50":98.5090179443,"51":98.276008606,"52":98.330581665,"53":98.2316360474,"54":97.9836349487,"55":97.7387695312,"56":97.5281829834,"57":97.3441085815,"58":97.1640396118,"59":96.9197235107,"60":97.2054367065,"61":96.98021698,"62":96.7933578491,"63":96.6215362549,"64":96.4060516357,"65":96.251953125,"66":96.1684265137,"67":96.1091461182,"68":96.0434112549,"69":95.9873733521,"70":96.0012893677,"71":96.0681304932,"72":96.1165237427,"73":96.0883331299,"74":95.952796936,"75":95.73828125},"c_route":{"0":false,"1":false,"2":false,"3":false,"4":false,"5":false,"6":false,"7":false,"8":false,"9":false,"10":false,"11":false,"12":false,"13":false,"14":false,"15":false,"16":false,"17":false,"18":false,"19":false,"20":false,"21":false,"22":false,"23":false,"24":false,"25":false,"26":false,"27":false,"28":false,"29":false,"30":false,"31":false,"32":false,"33":false,"34":false,"35":false,"36":false,"37":false,"38":false,"39":false,"40":false,"41":false,"42":false,"43":false,"44":false,"45":false,"46":false,"47":false,"48":false,"49":false,"50":false,"51":false,"52":false,"53":false,"54":false,"55":false,"56":false,"57":false,"58":false,"59":false,"60":false,"61":false,"62":false,"63":false,"64":false,"65":false,"66":false,"67":false,"68":false,"69":false,"70":false,"71":false,"72":false,"73":false,"74":false,"75":false},"done":{"0":false,"1":false,"2":false,"3":false,"4":false,"5":false,"6":false,"7":false,"8":false,"9":false,"10":false,"11":false,"12":false,"13":false,"14":false,"15":false,"16":false,"17":false,"18":false,"19":false,"20":false,"21":false,"22":false,"23":false,"24":false,"25":false,"26":false,"27":false,"28":false,"29":false,"30":false,"31":false,"32":false,"33":false,"34":false,"35":false,"36":false,"37":false,"38":false,"39":false,"40":false,"41":false,"42":false,"43":false,"44":false,"45":false,"46":false,"47":false,"48":false,"49":false,"50":false,"51":false,"52":false,"53":false,"54":false,"55":false,"56":false,"57":false,"58":false,"59":false,"60":false,"61":false,"62":false,"63":false,"64":false,"65":false,"66":false,"67":false,"68":false,"69":false,"70":false,"71":false,"72":false,"73":false,"74":false,"75":true},"route_completed_in_m":{"0":0.0,"1":0.0,"2":0.0,"3":0.0,"4":0.0,"5":0.0,"6":0.0,"7":0.0,"8":0.0,"9":0.0,"10":0.0,"11":0.0,"12":0.0,"13":0.0,"14":0.0,"15":0.0,"16":0.0,"17":0.0,"18":0.0,"19":0.0,"20":0.0,"21":0.0,"22":0.0,"23":0.0,"24":0.0,"25":1.0000008345,"26":1.0000008345,"27":1.0000008345,"28":1.0000008345,"29":2.0000016689,"30":2.0000016689,"31":2.0000016689,"32":2.0000016689,"33":3.0000025034,"34":3.0000025034,"35":3.0000025034,"36":4.0000033379,"37":4.0000033379,"38":4.0000033379,"39":4.0000033379,