{"x":{"0":189.5482025146,"1":189.5482025146,"2":189.5482025146,"3":189.5482025146,"4":189.5482025146,"5":189.5485534668,"6":189.5486602783,"7":189.5486602783,"8":189.5486450195,"9":189.5486297607,"10":189.5485839844,"11":189.5486297607,"12":189.5486450195,"13":189.5486450195,"14":189.5486602783,"15":189.5486602783,"16":189.5486602783,"17":189.5486602783,"18":189.5486602783,"19":189.5486907959,"20":189.5486907959,"21":189.5486907959,"22":189.5486907959,"23":189.5486907959,"24":189.5486907959,"25":189.5482177734,"26":189.5462493896,"27":189.5402526855,"28":189.5251464844,"29":189.4985961914,"30":189.4579620361,"31":189.404876709,"32":189.3409881592,"33":189.272277832,"34":189.1999511719,"35":189.1278076172,"36":189.060256958,"37":188.9967956543,"38":188.9411468506,"39":188.8938446045,"40":188.8545684814,"41":188.8256835938,"42":188.8073425293,"43":188.8017730713,"44":188.8060302734,"45":188.8171386719,"46":188.8367919922,"47":188.8639984131,"48":188.8967590332,"49":188.9323272705,"50":188.9678497314,"51":188.9999389648,"52":189.0269927979,"53":189.0482177734,"54":189.0667266846,"55":189.0815429688,"56":189.0944061279,"57":189.1024169922,"58":189.1055603027,"59":189.1018066406,"60":189.0927276611,"61":189.0778808594,"62":189.0554504395,"63":189.0296478271,"64":189.0007324219,"65":188.9693756104,"66":188.933303833,"67":188.8932037354,"68":188.8548431396,"69":188.8205566406,"70":188.791809082,"71":188.769744873,"72":188.7535552979,"73":188.7407226562,"74":188.7315979004,"75":188.7246856689,"76":188.7209472656,"77":188.7188873291,"78":188.7174224854,"79":188.7153015137,"80":188.7119293213,"81":188.7069702148,"82":188.7034912109,"83":188.6746368408,"84":188.6190948486,"85":188.5325775146,"86":188.4168701172,"87":188.2754821777,"88":188.1157226562,"89":187.9512481689,"90":187.7918701172,"91":187.6463623047,"92":187.5246429443},"y":{"0":195.8041534424,"1":195.8041534424,"2":195.8041534424,"3":195.8041534424,"4":195.8041534424,"5":195.8050079346,"6":195.8049621582,"7":195.8046875,"8":195.8044281006,"9":195.8042755127,"10":195.8041992188,"11":195.8041381836,"12":195.8041229248,"13":195.8041229248,"14":195.8040924072,"15":195.8040924072,"16":195.8040924072,"17":195.8040924072,"18":195.8040924072,"19":195.8040924072,"20":195.8040924072,"21":195.8040924072,"22":195.8040924072,"23":195.8040924072,"24":195.8040924072,"25":195.8394165039,"26":195.9896392822,"27":196.2426757812,"28":196.5831756592,"29":196.9953460693,"30":197.461517334,"31":197.9654998779,"32":198.4939575195,"33":199.0379486084,"34":199.5904998779,"35":200.1443481445,"36":200.6959381104,"37":201.244934082,"38":201.7922973633,"39":202.3385162354,"40":202.883895874,"41":203.4287414551,"42":203.9729309082,"43":204.5161437988,"44":205.0585327148,"45":205.601776123,"46":206.1610870361,"47":206.735168457,"48":207.3207550049,"49":207.9162902832,"50":208.5209655762,"51":209.1342468262,"52":209.7557525635,"53":210.3852539062,"54":211.0225219727,"55":211.6674499512,"56":212.3199920654,"57":212.9799499512,"58":213.647277832,"59":214.3217773438,"60":215.0033569336,"61":215.6918945312,"62":216.3870697021,"63":217.0888061523,"64":217.7968902588,"65":218.5110321045,"66":219.2308807373,"67":219.9562683105,"68":220.6872406006,"69":221.4236602783,"70":222.1653442383,"71":222.912109375,"72":223.6637878418,"73":224.4202880859,"74":225.1815185547,"75":225.9474487305,"76":226.7180480957,"77":227.493270874,"78":228.2730255127,"79":229.0572967529,"80":229.8460235596,"81":230.6391601562,"82":231.4366607666,"83":232.2350006104,"84":233.0346679688,"85":233.8341217041,"86":234.6331787109,"87":235.4319915771,"88":236.2314453125,"89":237.0338287354,"90":237.8401489258,"91":238.6509857178,"92":239.4664459229},"z":{"0":1.2638585567,"1":1.1088316441,"2":0.8560166955,"3":0.5055115223,"4":0.1815198809,"5":0.1903278381,"6":0.2146992087,"7":0.2325970829,"8":0.2429842353,"9":0.248415783,"10":0.2510918677,"11":0.2523603737,"12":0.2529452443,"13":0.2530938387,"14":0.2532284856,"15":0.2533183992,"16":0.2533687651,"17":0.2533851862,"18":0.253398329,"19":0.2534075081,"20":0.2534128428,"21":0.2534148693,"22":0.2534160614,"23":0.2534160614,"24":0.2534175813,"25":0.2529208362,"26":0.2520362437,"27":0.2515484095,"28":0.2514194846,"29":0.2515231669,"30":0.2517753243,"31":0.2529009581,"32":0.2534231246,"33":0.2535295486,"34":0.2536172867,"35":0.2537376285,"36":0.2538425326,"37":0.2539027035,"38":0.2539316416,"39":0.2539425492,"40":0.2539447844,"41":0.253944844,"42":0.253944546,"43":0.253947854,"44":0.2539455593,"45":0.2539069951,"46":0.2537405193,"47":0.2536673248,"48":0.2536548972,"49":0.2536638975,"50":0.2536783814,"51":0.253693074,"52":0.2537054718,"53":0.2537152171,"54":0.2537207305,"55":0.2537250519,"56":0.2537276447,"57":0.2537307441,"58":0.2537331581,"59":0.2537363768,"60":0.2537381947,"61":0.2537401617,"62":0.2537441254,"63":0.2537468374,"64":0.2537511885,"65":0.2537555993,"66":0.2537607849,"67":0.253765434,"68":0.2537700534,"69":0.2537750602,"70":0.2537803352,"71":0.2537853122,"72":0.2537889779,"73":0.2537911236,"74":0.2537927628,"75":0.2537935078,"76":0.2537940145,"77":0.2537944019,"78":0.2537951171,"79":0.2537959218,"80":0.2537968457,"81":0.2537978292,"82":0.2537987828,"83":0.2538332641,"84":0.2538391948,"85":0.2538551688,"86":0.2538580596,"87":0.2538565695,"88":0.2538492084,"89":0.2538415492,"90":0.2538412809,"91":0.2538495064,"92":0.2538683116},"yaw":{"0":89.9902877808,"1":89.9902877808,"2":89.9902877808,"3":89.9902877808,"4":89.9902877808,"5":89.9898681641,"6":89.989982605,"7":89.9901885986,"8":89.9902954102,"9":89.9903106689,"10":89.9903259277,"11":89.9903259277,"12":89.9903259277,"13":89.9903259277,"14":89.9903259277,"15":89.9903259277,"16":89.9903259277,"17":89.9903259277,"18":89.9903259277,"19":89.9903259277,"20":89.9903259277,"21":89.9903259277,"22":89.9903259277,"23":89.9903259277,"24":89.9903259277,"25":90.0082092285,"26":90.087638855,"27":90.30884552,"28":90.8273239136,"29":91.627494812,"30":92.6874542236,"31":93.8212127686,"32":94.9187927246,"33":95.7556381226,"34":96.399269104,"35":96.7838058472,"36":96.8610305786,"37":96.7619934082,"38":96.4010391235,"39":95.855140686,"40":95.2038574219,"41":94.3950119019,"42":93.479019165,"43":92.4055404663,"44":91.350440979,"45":90.4081192017,"46":89.4927978516,"47":88.6365432739,"48":87.9072265625,"49":87.3726882935,"50":87.0729980469,"51":87.0491867065,"52":87.250289917,"53":87.6091156006,"54":87.9317855835,"55":88.2679901123,"56":88.5418548584,"57":88.8895797729,"58":89.2788238525,"59":89.7650909424,"60":90.2365493774,"61":90.7119216919,"62":91.2593002319,"63":91.6751251221,"64":92.0018157959,"65":92.2582550049,"66":92.5640792847,"67":92.8699798584,"68":92.943611145,"69":92.8036499023,"70":92.5030670166,"71":92.0833587646,"72":91.6371154785,"73":91.2820205688,"74":90.9630584717,"75":90.7222442627,"76":90.4819030762,"77":90.2988967896,"78":90.1907653809,"79":90.16796875,"80":90.2088317871,"81":90.2904891968,"82":90.2715301514,"83":91.254699707,"84":92.797416687,"85":94.7300186157,"86":96.7668304443,"87":98.683807373,"88":100.2412796021,"89":101.0715942383,"90":101.1710586548,"91":100.6130828857,"92":99.3846740723},"c_route":{"0":false,"1":false,"2":false,"3":false,"4":false,"5":false,"6":false,"7":false,"8":false,"9":false,"10":false,"11":false,"12":false,"13":false,"14":false,"15":false,"16":false,"17":false,"18":false,"19":false,"20":false,"21":false,"22":false,"23":false,"24":false,"25":false,"26":false,"27":false,"28":false,"29":false,"30":false,"31":false,"32":false,"33":false,"34":false,"35":false,"36":false,"37":false,"38":false,"39":false,"40":false,"41":false,"42":false,"43":false,"44":false,"45":false,"46":false,"47":false,"48":false,"49":false,"50":false,"51":false,"52":false,"53":false,"54":false,"55":false,"56":false,"57":false,"58":false,"59":false,"60":false,"61":false,"62":false,"63":false,"64":false,"65":false,"66":false,"67":false,"68":false,"69":false,"70":false,"71":false,"72":false,"73":false,"74":false,"75":false,"76":false,"77":false,"78":false,"79":false,