{"x":{"0":87.217666626,"1":87.217666626,"2":87.217666626,"3":87.217666626,"4":87.217666626,"5":87.2167663574,"6":87.2168121338,"7":87.217124939,"8":87.217338562,"9":87.2174911499,"10":87.2175750732,"11":87.2176132202,"12":87.2176437378,"13":87.2176437378,"14":87.2176513672,"15":87.217666626,"16":87.217666626,"17":87.217666626,"18":87.217666626,"19":87.217666626,"20":87.217666626,"21":87.217666626,"22":87.217666626,"23":87.217666626,"24":87.217666626,"25":87.1852340698,"26":87.0628433228,"27":86.8862838745,"28":86.6802520752,"29":86.4576263428,"30":86.2245330811,"31":85.9840240479,"32":85.7372894287,"33":85.4850311279,"34":85.2276763916,"35":84.9656600952,"36":84.6993331909,"37":84.429145813,"38":84.1554107666,"39":83.8783416748,"40":83.5982208252,"41":83.3154373169,"42":83.0301742554,"43":82.7426376343,"44":82.4528503418,"45":82.160987854,"46":81.8667984009,"47":81.5704193115,"48":81.2719955444,"49":80.9714050293,"50":80.6690139771,"51":80.364730835,"52":80.0585708618,"53":79.7510986328,"54":79.4425048828,"55":79.1328582764,"56":78.8219833374,"57":78.5091323853,"58":78.1939468384,"59":77.8769454956,"60":77.5575256348,"61":77.2392196655,"62":76.9221801758,"63":76.6039199829},"y":{"0":303.017364502,"1":303.017364502,"2":303.017364502,"3":303.017364502,"4":303.017364502,"5":303.0170593262,"6":303.0172119141,"7":303.0173034668,"8":303.0174255371,"9":303.0174255371,"10":303.0174865723,"11":303.0175170898,"12":303.0175476074,"13":303.0175476074,"14":303.017578125,"15":303.017578125,"16":303.017578125,"17":303.017578125,"18":303.017578125,"19":303.017578125,"20":303.017578125,"21":303.017578125,"22":303.017578125,"23":303.017578125,"24":303.017578125,"25":303.0137329102,"26":302.9981994629,"27":302.9742431641,"28":302.9452514648,"29":302.9128723145,"30":302.8783569336,"31":302.841796875,"32":302.8046264648,"33":302.7679443359,"34":302.7323608398,"35":302.6980895996,"36":302.6650390625,"37":302.632019043,"38":302.5988464355,"39":302.5657958984,"40":302.5323486328,"41":302.4979248047,"42":302.463104248,"43":302.4280700684,"44":302.3934020996,"45":302.3575439453,"46":302.3218994141,"47":302.2851867676,"48":302.2466430664,"49":302.2072753906,"50":302.1651916504,"51":302.1213684082,"52":302.076171875,"53":302.0269165039,"54":301.9732055664,"55":301.9151000977,"56":301.8533630371,"57":301.7909545898,"58":301.7294311523,"59":301.6666259766,"60":301.6045532227,"61":301.5455932617,"62":301.4765625,"63":301.4026489258},"z":{"0":1.2638585567,"1":1.1088317633,"2":0.8560168147,"3":0.5055116415,"4":0.1815200746,"5":0.1903368384,"6":0.2146993577,"7":0.2325948328,"8":0.2429815978,"9":0.2484141439,"10":0.2510910034,"11":0.2523598671,"12":0.2529450655,"13":0.2530938387,"14":0.253228575,"15":0.2533185184,"16":0.2533688545,"17":0.2533853352,"18":0.253398478,"19":0.2534076869,"20":0.2534130514,"21":0.2534150183,"22":0.2534162402,"23":0.2534162402,"24":0.2534177005,"25":0.2529661357,"26":0.2523345053,"27":0.2522262633,"28":0.252419889,"29":0.2526804805,"30":0.252899915,"31":0.2530558407,"32":0.2531555891,"33":0.2532172203,"34":0.2532553375,"35":0.2532794476,"36":0.2532960176,"37":0.2533078194,"38":0.2533173263,"39":0.2533248961,"40":0.2533319294,"41":0.2533384562,"42":0.2533448339,"43":0.2533504367,"44":0.2533545494,"45":0.2533566654,"46":0.2533569634,"47":0.2533572018,"48":0.2533573508,"49":0.2533577383,"50":0.25335899,"51":0.2533603311,"52":0.2533611953,"53":0.2533640862,"54":0.2533665001,"55":0.2533687651,"56":0.2533690631,"57":0.2533668578,"58":0.253364414,"59":0.2533638179,"60":0.266397953,"61":0.2748232186,"62":0.2776035964,"63":0.2784123421},"yaw":{"0":-179.9739837646,"1":-179.9739837646,"2":-179.9739837646,"3":-179.9739837646,"4":-179.9739837646,"5":-179.9737854004,"6":-179.9736785889,"7":-179.9735412598,"8":-179.9735565186,"9":-179.9736022949,"10":-179.9736022949,"11":-179.9736175537,"12":-179.9736175537,"13":-179.9736175537,"14":-179.9736175537,"15":-179.9736175537,"16":-179.9736175537,"17":-179.9736175537,"18":-179.9736175537,"19":-179.9736175537,"20":-179.9736175537,"21":-179.9736175537,"22":-179.9736175537,"23":-179.9736175537,"24":-179.9736175537,"25":-179.8126220703,"26":-179.2034301758,"27":-178.3567810059,"28":-177.4594268799,"29":-176.5879211426,"30":-175.7932891846,"31":-175.0664672852,"32":-174.4592895508,"33":-173.9934387207,"34":-173.6708526611,"35":-173.4754638672,"36":-173.3787078857,"37":-173.316116333,"38":-173.2749633789,"39":-173.2595825195,"40":-173.2462158203,"41":-173.2113952637,"42":-173.1782836914,"43":-173.1533660889,"44":-173.1588745117,"45":-173.1257019043,"46":-173.1194915771,"47":-173.0816345215,"48":-172.9910125732,"49":-172.898147583,"50":-172.7276000977,"51":-172.5381011963,"52":-172.344329834,"53":-172.039932251,"54":-171.6355285645,"55":-171.1536560059,"56":-170.6472167969,"57":-170.2368774414,"58":-169.9651489258,"59":-169.7124786377,"60":-169.6728363037,"61":-169.5245513916,"62":-169.1038665771,"63":-168.6229553223},"c_route":{"0":false,"1":false,"2":false,"3":false,"4":false,"5":false,"6":false,"7":false,"8":false,"9":false,"10":false,"11":false,"12":false,"13":false,"14":false,"15":false,"16":false,"17":false,"18":false,"19":false,"20":false,"21":false,"22":false,"23":false,"24":false,"25":false,"26":false,"27":false,"28":false,"29":false,"30":false,"31":false,"32":false,"33":false,"34":false,"35":false,"36":false,"37":false,"38":false,"39":false,"40":false,"41":false,"42":false,"43":false,"44":false,"45":false,"46":false,"47":false,"48":false,"49":false,"50":false,"51":false,"52":false,"53":false,"54":false,"55":false,"56":false,"57":false,"58":false,"59":false,"60":false,"61":false,"62":false,"63":false},"done":{"0":false,"1":false,"2":false,"3":false,"4":false,"5":false,"6":false,"7":false,"8":false,"9":false,"10":false,"11":false,"12":false,"13":false,"14":false,"15":false,"16":false,"17":false,"18":false,"19":false,"20":false,"21":false,"22":false,"23":false,"24":false,"25":false,"26":false,"27":false,"28":false,"29":false,"30":false,"31":false,"32":false,"33":false,"34":false,"35":false,"36":false,"37":false,"38":false,"39":false,"40":false,"41":false,"42":false,"43":false,"44":false,"45":false,"46":false,"47":false,"48":false,"49":false,"50":false,"51":false,"52":false,"53":false,"54":false,"55":false,"56":false,"57":false,"58":false,"59":false,"60":false,"61":false,"62":false,"63":true},"route_completed_in_m":{"0":0.0,"1":0.0,"2":0.0,"3":0.0,"4":0.0,"5":0.0,"6":0.0,"7":0.0,"8":0.0,"9":0.0,"10":0.0,"11":0.0,"12":0.0,"13":0.0,"14":0.0,"15":0.0,"16":0.0,"17":0.0,"18":0.0,"19":0.0,"20":0.0,"21":0.0,"22":0.0,"23":0.0,"24":0.0,"25":0.0,"26":0.0,"27":1.0,"28":1.0,"29":1.0,"30":1.0,"31":2.0,"32":2.0,"33":2.0,"34":2.0,"35":3.0,"36":3.0,"37":3.0,"38":3.0,"39":4.0,"40":4.0,"41":4.0,"42":5.0,"43":5.0,"44":5.0,"45":5.0,"46":6.0,"47":6.0,"48":6.0,"49":7.0,"50":7.0,"51":7.0,"52":8.0,"53":8.0,"54":8.0,"55":8.0,"56":9.0,"57":9.0,"58":9.0,"59":10.0,"60":10.0,"61":10.0,"62":11.0,"63":11.0}}