{"x":{"0":214.4785766602,"1":214.4785766602,"2":214.4785766602,"3":214.4785766602,"4":214.4785766602,"5":214.4791412354,"6":214.4793701172,"7":214.4791107178,"8":214.4788665771,"9":214.4786834717,"10":214.4785919189,"11":214.4785308838,"12":214.4784851074,"13":214.4784851074,"14":214.4784851074,"15":214.4784698486,"16":214.4784698486,"17":214.4784698486,"18":214.4784698486,"19":214.4784698486,"20":214.4784698486,"21":214.4784698486,"22":214.4784698486,"23":214.4784698486,"24":214.4784698486,"25":214.5137786865,"26":214.6640167236,"27":214.9171447754,"28":215.2587280273,"29":215.674621582,"30":216.150390625,"31":216.6714172363,"32":217.2234954834,"33":217.7933959961,"34":218.3694610596,"35":218.9402618408,"36":219.5006256104,"37":220.0483703613,"38":220.5812683105,"39":221.0973510742,"40":221.5970611572,"41":222.0859069824,"42":222.5639038086,"43":223.0297393799,"44":223.4836730957,"45":223.9327545166,"46":224.3784790039,"47":224.8224487305,"48":225.26612854,"49":225.7108001709,"50":226.1578674316,"51":226.6069488525,"52":227.0560150146,"53":227.504989624,"54":227.955291748,"55":228.4079437256,"56":228.8625183105,"57":229.3198394775,"58":229.7814788818,"59":230.2488250732,"60":230.7196655273,"61":231.1901245117,"62":231.6605377197,"63":232.1304473877,"64":232.597442627,"65":233.0755004883,"66":233.5728912354,"67":234.0871276855,"68":234.6161651611,"69":235.1545715332,"70":235.6951904297,"71":236.2374572754,"72":236.7814941406,"73":237.3271942139,"74":237.8744354248,"75":238.4213562012,"76":238.9684295654,"77":239.5156402588,"78":240.0603637695,"79":240.6002807617,"80":241.1340026855,"81":241.6564941406,"82":242.1758117676,"83":242.692276001,"84":243.2041778564},"y":{"0":133.2102813721,"1":133.2102813721,"2":133.2102813721,"3":133.2102813721,"4":133.2102813721,"5":133.2102355957,"6":133.2100982666,"7":133.2100830078,"8":133.2100982666,"9":133.2100982666,"10":133.2101135254,"11":133.2101287842,"12":133.2101287842,"13":133.2101135254,"14":133.2100982666,"15":133.2100982666,"16":133.2100982666,"17":133.2100982666,"18":133.2100982666,"19":133.2100982666,"20":133.2100982666,"21":133.2100982666,"22":133.2100982666,"23":133.2100982666,"24":133.2100982666,"25":133.2105712891,"26":133.2126159668,"27":133.2176971436,"28":133.2257537842,"29":133.2379455566,"30":133.2538604736,"31":133.2736663818,"32":133.2942962646,"33":133.3160095215,"34":133.3229064941,"35":133.3037261963,"36":133.2782592773,"37":133.2664642334,"38":133.2623138428,"39":133.2477416992,"40":133.2272491455,"41":133.2082519531,"42":133.1823272705,"43":133.1394958496,"44":133.077255249,"45":133.0208435059,"46":132.9872894287,"47":132.9621429443,"48":132.931427002,"49":132.8946990967,"50":132.8595733643,"51":132.8277130127,"52":132.7889862061,"53":132.7460784912,"54":132.7112731934,"55":132.6812591553,"56":132.6438446045,"57":132.6039886475,"58":132.5662689209,"59":132.5169067383,"60":132.4613800049,"61":132.4080047607,"62":132.361328125,"63":132.3168182373,"64":132.2600708008,"65":132.18699646,"66":132.0965881348,"67":131.9969329834,"68":131.8982086182,"69":131.8009490967,"70":131.7063598633,"71":131.6125183105,"72":131.515838623,"73":131.4154815674,"74":131.3150024414,"75":131.2100067139,"76":131.1049041748,"77":131.0041351318,"78":130.8988189697,"79":130.7830963135,"80":130.6550750732,"81":130.5042419434,"82":130.3548278809,"83":130.2110748291,"84":130.0718536377},"z":{"0":1.2638585567,"1":1.1088317633,"2":0.8560168147,"3":0.5055116415,"4":0.0650234595,"5":-0.0369239785,"6":-0.0130883409,"7":0.007544403,"8":0.020196151,"9":0.0269977953,"10":0.0304061119,"11":0.0320397578,"12":0.0327990726,"13":0.0330746435,"14":0.0331981257,"15":0.0332973078,"16":0.033356782,"17":0.033356782,"18":0.0333955772,"19":0.0334055312,"20":0.0334117487,"21":0.0334151052,"22":0.0334151052,"23":0.0334169753,"24":0.0334169753,"25":0.0329206847,"26":0.0320362449,"27":0.0315474682,"28":0.0314094909,"29":0.0314903259,"30":0.0316983424,"31":0.0329550169,"32":0.0332419574,"33":0.0333847404,"34":0.0335652158,"35":0.0337874964,"36":0.0339534767,"37":0.0340750888,"38":0.0341611095,"39":0.0342233256,"40":0.0337445065,"41":0.0332620218,"42":0.0333256125,"43":0.0334606543,"44":0.0335493833,"45":0.0335539244,"46":0.033550147,"47":0.0335120782,"48":0.0334656499,"49":0.033423651,"50":0.0333923697,"51":0.0333804302,"52":0.0333854295,"53":0.0333911516,"54":0.0333904624,"55":0.0333772264,"56":0.0333644487,"57":0.0333519354,"58":0.0333301164,"59":0.0332917012,"60":0.0333093628,"61":0.0333529674,"62":0.0333852768,"63":0.0334027857,"64":0.03342079,"65":0.0332646556,"66":0.0338870995,"67":0.034025725,"68":0.0338733681,"69":0.0338068753,"70":0.0338299535,"71":0.0338452533,"72":0.0338491052,"73":0.0338526927,"74":0.0338629894,"75":0.0338788219,"76":0.0338920578,"77":0.0339076594,"78":0.0339262746,"79":0.0339484774,"80":0.0339687355,"81":0.0340076052,"82":0.0340044014,"83":0.0340119563,"84":0.0340267159},"yaw":{"0":0.1872929186,"1":0.1872929186,"2":0.1872929186,"3":0.1872929186,"4":0.1872929186,"5":0.1870336384,"6":0.186899662,"7":0.1871094406,"8":0.1872051507,"9":0.1872365326,"10":0.1872455925,"11":0.1872480214,"12":0.1872485876,"13":0.1872487664,"14":0.1872488856,"15":0.1872490197,"16":0.1872491688,"17":0.1872491688,"18":0.1872492433,"19":0.1872492433,"20":0.1872492433,"21":0.1872492433,"22":0.1872492433,"23":0.1872492433,"24":0.1872492433,"25":0.2023176998,"26":0.2627361119,"27":0.4163726568,"28":0.6323202848,"29":0.9260209799,"30":1.2431873083,"31":1.5705699921,"32":1.7817685604,"33":1.9343065023,"34":1.4441058636,"35":0.1208285093,"36":-0.9424132109,"37":-1.0463254452,"38":-0.8106384277,"39":-1.0949705839,"40":-1.5274047852,"41":-1.7538758516,"42":-2.1905519962,"43":-3.1695563793,"44":-4.6110548973,"45":-5.3696017265,"46":-5.0191679001,"47":-4.4811115265,"48":-4.334382534,"49":-4.4586815834,"50":-4.4674086571,"51":-4.3408532143,"52":-4.5245380402,"53":-4.8099689484,"54":-4.6832294464,"55":-4.4082345963,"56":-4.5055561066,"57":-4.6548480988,"58":-4.6578388214,"59":-5.0976285934,"60":-5.6196012497,"61":-5.8862342834,"62":-5.8080797195,"63":-5.679813385,"64":-6.0839266777,"65":-6.943212986,"66":-8.0906152725,"67":-9.0987958908,"68":-9.6231813431,"69":-9.858259201,"70":-9.886885643,"71":-9.8642721176,"72":-9.9507274628,"73":-10.1367034912,"74":-10.244093895,"75":-10.4875946045,"76":-10.6421375275,"77":-10.56645298,"78":-10.714553833,"79":-11.250412941,"80":-12.1084165573,"81":-13.6238908768,"82":-14.5356035233,"83":-14.9087409973,"84":-15.023059845},"c_route":{"0":false,"1":false,"2":false,"3":false,"4":false,"5":false,"6":false,"7":false,"8":false,"9":false,"10":false,"11":false,"12":false,"13":false,"14":false,"15":false,"16":false,"17":false,"18":false,"19":false,"20":false,"21":false,"22":false,"23":false,"24":false,"25":false,"26":false,"27":false,"28":false,"29":false,"30":false,"31":false,"32":false,"33":false,"34":false,"35":false,"36":false,"37":false,"38":false,"39":false,"40":false,"41":false,"42":false,"43":false,"44":false,"45":false,"46":false,"47":false,"48":false,"49":false,"50":false,"51":false,"52":false,"53":false,"54":false,"55":false,"56":false,"57":false,"58":false,"59":false,"60":false,"61":false,"62":false,"63":false,"64":false,"65":false,"66":false,"67":false,"68":false,"69":false,"70":false,"71":false,"72":false,"73":false,"74":false,"75":false,"76":false,"77":false,"78":false,"79":false,"80":false,"81":false,"82":false,"83":false,"84":false},"done":{"0":false,"1":false,"2":false,"3":false,"4":false,"5":false,"6":false,"7":false,"8":false,"9":false,"10":false,"11":false,"12":false,"13":false,"14":false,"15":false,"16":false,"17":false,"18":false,"19":false,"20":false,"21":false,"22":false,"23":false,"24":false,"25":false,"26":false,"27":false,"28":false,"29":false,"30":false,"31":false,"32":false,"33":false,"34":false,"35":false,"36":false,"37":false,"38":false,"39":false,"40":false,"41":false,"42":false,"43":false,"44":false,"45":false,"46":false,"47":false,"48":false,"49":false,"50":false,"51":false,"52":false,