{"x":{"0":193.5444335938,"1":193.5444335938,"2":193.5444335938,"3":193.5444335938,"4":193.5444335938,"5":193.5441894531,"6":193.5440979004,"7":193.5440826416,"8":193.5440826416,"9":193.5440826416,"10":193.5441131592,"11":193.544052124,"12":193.5440368652,"13":193.5440368652,"14":193.5440216064,"15":193.5440216064,"16":193.5440216064,"17":193.5440216064,"18":193.5440063477,"19":193.5440063477,"20":193.5440063477,"21":193.5440063477,"22":193.5440063477,"23":193.5440063477,"24":193.5440063477,"25":193.5409393311,"26":193.5268554688,"27":193.4994506836,"28":193.4579315186,"29":193.4018096924,"30":193.3321685791,"31":193.2514190674,"32":193.1626281738,"33":193.0640258789,"34":192.9571838379,"35":192.8430023193,"36":192.7228240967,"37":192.5977935791,"38":192.4667205811,"39":192.3249206543,"40":192.1757202148,"41":192.0182952881,"42":191.8521118164,"43":191.6764678955,"44":191.4888458252,"45":191.2936248779,"46":191.084274292,"47":190.863494873,"48":190.6330871582,"49":190.3902435303},"y":{"0":233.4763946533,"1":233.4763946533,"2":233.4763946533,"3":233.4763946533,"4":233.4763946533,"5":233.4755554199,"6":233.4756011963,"7":233.4758758545,"8":233.4760894775,"9":233.4762420654,"10":233.4763183594,"11":233.4763793945,"12":233.4763946533,"13":233.4763946533,"14":233.4764251709,"15":233.4764251709,"16":233.4764251709,"17":233.4764251709,"18":233.4764251709,"19":233.4764251709,"20":233.4764251709,"21":233.4764251709,"22":233.4764251709,"23":233.4764251709,"24":233.4764251709,"25":233.4415435791,"26":233.2932739258,"27":233.0439453125,"28":232.7083282471,"29":232.3045654297,"30":231.8521575928,"31":231.3685913086,"32":230.8666687012,"33":230.3558197021,"34":229.8435668945,"35":229.3394165039,"36":228.8434753418,"37":228.3547210693,"38":227.8687286377,"39":227.3788452148,"40":226.895614624,"41":226.4167785645,"42":225.9418487549,"43":225.4713745117,"44":225.0065917969,"45":224.5411529541,"46":224.0621643066,"47":223.5793762207,"48":223.0961151123,"49":222.6142272949},"z":{"0":1.263858676,"1":1.1088318825,"2":0.8560168147,"3":0.5055117011,"4":0.1815200448,"5":0.1903287917,"6":0.2146971822,"7":0.2325973809,"8":0.2429856062,"9":0.2484172732,"10":0.2510930896,"11":0.252361089,"12":0.2529457808,"13":0.2530943155,"14":0.253228873,"15":0.2533186972,"16":0.2533689439,"17":0.2533854246,"18":0.253398478,"19":0.2534076869,"20":0.2534129918,"21":0.2534151077,"22":0.25341627,"23":0.25341627,"24":0.2534178197,"25":0.2529267371,"26":0.2520532906,"27":0.2515731752,"28":0.2514463067,"29":0.2515742481,"30":0.2518599331,"31":0.2522115707,"32":0.2535317838,"33":0.2537795305,"34":0.253850311,"35":0.2539467216,"36":0.2540011406,"37":0.2540242374,"38":0.2538767159,"39":0.2539127767,"40":0.2539687753,"41":0.2539638579,"42":0.2539550662,"43":0.2539508343,"44":0.2536615431,"45":0.2538719773,"46":0.2537460923,"47":0.2537529767,"48":0.2537784576,"49":0.2537997365},"yaw":{"0":-90.0097045898,"1":-90.0097045898,"2":-90.0097045898,"3":-90.0097045898,"4":-90.0097045898,"5":-90.0101242065,"6":-90.0100479126,"7":-90.0097503662,"8":-90.0097045898,"9":-90.0096435547,"10":-90.0096359253,"11":-90.0096359253,"12":-90.0096359253,"13":-90.0096359253,"14":-90.0096359253,"15":-90.0096359253,"16":-90.0096359253,"17":-90.0096359253,"18":-90.0096359253,"19":-90.0096359253,"20":-90.0096359253,"21":-90.0096359253,"22":-90.0096359253,"23":-90.0096359253,"24":-90.0096359253,"25":-90.1390075684,"26":-90.688911438,"27":-91.6447372437,"28":-92.8791809082,"29":-94.2562637329,"30":-95.6353607178,"31":-96.897819519,"32":-97.9637985229,"33":-98.9940567017,"34":-99.9813995361,"35":-100.9613723755,"36":-101.8870010376,"37":-102.7321624756,"38":-103.5338287354,"39":-104.4342956543,"40":-105.3739089966,"41":-106.3447418213,"42":-107.3550720215,"43":-108.4234924316,"44":-109.6405563354,"45":-110.6918792725,"46":-111.7158432007,"47":-112.7441253662,"48":-113.7438278198,"49":-114.849067688},"c_route":{"0":false,"1":false,"2":false,"3":false,"4":false,"5":false,"6":false,"7":false,"8":false,"9":false,"10":false,"11":false,"12":false,"13":false,"14":false,"15":false,"16":false,"17":false,"18":false,"19":false,"20":false,"21":false,"22":false,"23":false,"24":false,"25":false,"26":false,"27":false,"28":false,"29":false,"30":false,"31":false,"32":false,"33":false,"34":false,"35":false,"36":false,"37":false,"38":false,"39":false,"40":false,"41":false,"42":false,"43":false,"44":false,"45":false,"46":false,"47":false,"48":false,"49":false},"done":{"0":false,"1":false,"2":false,"3":false,"4":false,"5":false,"6":false,"7":false,"8":false,"9":false,"10":false,"11":false,"12":false,"13":false,"14":false,"15":false,"16":false,"17":false,"18":false,"19":false,"20":false,"21":false,"22":false,"23":false,"24":false,"25":false,"26":false,"27":false,"28":false,"29":false,"30":false,"31":false,"32":false,"33":false,"34":false,"35":false,"36":false,"37":false,"38":false,"39":false,"40":false,"41":false,"42":false,"43":false,"44":false,"45":false,"46":false,"47":false,"48":false,"49":true},"route_completed_in_m":{"0":1.2344843149,"1":1.2344843149,"2":1.2344843149,"3":1.2344843149,"4":1.2344843149,"5":1.2344843149,"6":1.2344843149,"7":1.2344843149,"8":1.2344843149,"9":1.2344843149,"10":1.2344843149,"11":1.2344843149,"12":1.2344843149,"13":1.2344843149,"14":1.2344843149,"15":1.2344843149,"16":1.2344843149,"17":1.2344843149,"18":1.2344843149,"19":1.2344843149,"20":1.2344843149,"21":1.2344843149,"22":1.2344843149,"23":1.2344843149,"24":1.2344843149,"25":1.2344843149,"26":1.2344843149,"27":1.2344843149,"28":3.1954371929,"29":3.1954371929,"30":3.1954371929,"31":3.1954371929,"32":3.1954371929,"33":4.1954371929,"34":5.1954371929,"35":5.1954371929,"36":5.1954371929,"37":6.1954371929,"38":6.1954371929,"39":7.1954371929,"40":7.1954371929,"41":8.1954371929,"42":8.1954371929,"43":9.1954371929,"44":9.1954371929,"45":10.1954371929,"46":10.1954371929,"47":11.1954371929,"48":11.1954371929,"49":12.1954371929}}