{"x":{"0":177.4793548584,"1":177.4793548584,"2":177.4793548584,"3":177.4793548584,"4":177.4793548584,"5":177.4784545898,"6":177.4785461426,"7":177.4788208008,"8":177.479095459,"9":177.4792480469,"10":177.4793395996,"11":177.479385376,"12":177.4794158936,"13":177.4794158936,"14":177.4794158936,"15":177.4794311523,"16":177.4794311523,"17":177.4794311523,"18":177.4794311523,"19":177.4794311523,"20":177.4794311523,"21":177.4794311523,"22":177.4794311523,"23":177.4794311523,"24":177.4794311523,"25":177.4462585449,"26":177.3138275146,"27":177.109375,"28":176.8577728271,"29":176.5757141113,"30":176.2744140625,"31":175.9606018066,"32":175.6384887695,"33":175.3100128174,"34":174.9759521484,"35":174.6366882324,"36":174.2923736572,"37":173.9431610107,"38":173.5892028809,"39":173.2309112549,"40":172.8687286377,"41":172.5030975342,"42":172.1347045898,"43":171.7641143799,"44":171.3915252686,"45":171.0171813965,"46":170.6417388916,"47":170.2658233643,"48":169.8890991211,"49":169.5113677979,"50":169.1328430176,"51":168.7531433105,"52":168.3722076416,"53":167.9903259277,"54":167.6078033447,"55":167.2248077393,"56":166.8414154053,"57":166.4576873779,"58":166.0737304688,"59":165.6894683838,"60":165.3052520752,"61":164.9208221436,"62":164.5365142822,"63":164.1524505615,"64":163.7678527832,"65":163.38671875,"66":163.0104675293,"67":162.6368865967,"68":162.2623443604,"69":161.8869628906,"70":161.5147857666,"71":161.1422729492,"72":160.7684020996,"73":160.3941802979},"y":{"0":237.2279205322,"1":237.2279205322,"2":237.2279205322,"3":237.2279205322,"4":237.2279205322,"5":237.2275390625,"6":237.2276763916,"7":237.2278442383,"8":237.2279510498,"9":237.2279815674,"10":237.2280426025,"11":237.2281036377,"12":237.2281188965,"13":237.2281341553,"14":237.2281341553,"15":237.2281341553,"16":237.2281646729,"17":237.2281646729,"18":237.2281646729,"19":237.2281646729,"20":237.2281646729,"21":237.2281646729,"22":237.2281646729,"23":237.2281646729,"24":237.2281646729,"25":237.2232818604,"26":237.2026062012,"27":237.1690368652,"28":237.1263885498,"29":237.0816802979,"30":237.0399932861,"31":237.0028076172,"32":236.9675140381,"33":236.9331512451,"34":236.9000396729,"35":236.8687896729,"36":236.8390960693,"37":236.8116912842,"38":236.7877655029,"39":236.7682800293,"40":236.7509155273,"41":236.7318267822,"42":236.7082519531,"43":236.6798706055,"44":236.650390625,"45":236.6212615967,"46":236.5888977051,"47":236.5510101318,"48":236.5101776123,"49":236.4682617188,"50":236.4234466553,"51":236.3800354004,"52":236.3394470215,"53":236.3016357422,"54":236.2642669678,"55":236.2266387939,"56":236.1882019043,"57":236.1479644775,"58":236.1058807373,"59":236.0633392334,"60":236.0178527832,"61":235.9714050293,"62":235.9211120605,"63":235.8658599854,"64":235.8120422363,"65":235.7541503906,"66":235.6777496338,"67":235.5876312256,"68":235.4942932129,"69":235.3999938965,"70":235.3179168701,"71":235.2295227051,"72":235.1395111084,"73":235.0498962402},"z":{"0":1.2638585567,"1":1.1088317633,"2":0.8560167551,"3":0.5055116415,"4":0.1815201491,"5":0.1903385073,"6":0.214699015,"7":0.2325940281,"8":0.2429813743,"9":0.2484139204,"10":0.2510908544,"11":0.2523599565,"12":0.2529451549,"13":0.2530938983,"14":0.2532286346,"15":0.2533186376,"16":0.2533689737,"17":0.2533855438,"18":0.2533985972,"19":0.2534078062,"20":0.2534131706,"21":0.2534150779,"22":0.2534163594,"23":0.2534163594,"24":0.2534178197,"25":0.2529533803,"26":0.2522218227,"27":0.2519772649,"28":0.2520926595,"29":0.2523525953,"30":0.2526267171,"31":0.2528558969,"32":0.2530233562,"33":0.2531349361,"34":0.2532043457,"35":0.2532460093,"36":0.2532697916,"37":0.2532840371,"38":0.2532945871,"39":0.2533046603,"40":0.2533129752,"41":0.2533197403,"42":0.2533283234,"43":0.2533384264,"44":0.2533483207,"45":0.2533578575,"46":0.2533670664,"47":0.2533757985,"48":0.2533802092,"49":0.2533819079,"50":0.2533836663,"51":0.2533838153,"52":0.2533857524,"53":0.2533888817,"54":0.2533920109,"55":0.2533941269,"56":0.253395617,"57":0.2533963621,"58":0.2533973753,"59":0.2533985376,"60":0.2534006834,"61":0.2534007132,"62":0.2534009516,"63":0.2534009218,"64":0.2671910822,"65":0.27467677,"66":0.2773753703,"67":0.2782655358,"68":0.2785316408,"69":0.2786113322,"70":0.2928397059,"71":0.3012776077,"72":0.3040440679,"73":0.304983288},"yaw":{"0":-179.8026885986,"1":-179.8026885986,"2":-179.8026885986,"3":-179.8026885986,"4":-179.8026885986,"5":-179.8022613525,"6":-179.8022003174,"7":-179.8022003174,"8":-179.8022460938,"9":-179.8023071289,"10":-179.8023223877,"11":-179.8023529053,"12":-179.8023529053,"13":-179.8023529053,"14":-179.8023529053,"15":-179.8023529053,"16":-179.8023529053,"17":-179.8023529053,"18":-179.8023529053,"19":-179.8023529053,"20":-179.8023529053,"21":-179.8023529053,"22":-179.8023529053,"23":-179.8023529053,"24":-179.8023529053,"25":-179.6033782959,"26":-178.8081207275,"27":-177.6569061279,"28":-176.4044952393,"29":-175.3747558594,"30":-174.7238311768,"31":-174.4204101562,"32":-174.2792205811,"33":-174.2257232666,"34":-174.2523498535,"35":-174.3647155762,"36":-174.5298461914,"37":-174.7611846924,"38":-175.0891265869,"39":-175.5232391357,"40":-175.9434509277,"41":-176.2012481689,"42":-176.2278747559,"43":-176.0703887939,"44":-175.9228820801,"45":-175.831237793,"46":-175.6381530762,"47":-175.2828826904,"48":-174.90965271,"49":-174.5959320068,"50":-174.2541046143,"51":-174.0578613281,"52":-174.0286407471,"53":-174.1130218506,"54":-174.1921691895,"55":-174.2421264648,"56":-174.2490081787,"57":-174.1864929199,"58":-174.0711517334,"59":-173.9700927734,"60":-173.7811279297,"61":-173.6072998047,"62":-173.3292236328,"63":-172.9332427979,"64":-172.7413024902,"65":-172.270401001,"66":-171.2608337402,"67":-170.0071868896,"68":-168.9831848145,"69":-168.1990509033,"70":-167.3337554932,"71":-166.9397583008,"72":-166.7993469238,"73":-166.727645874},"c_route":{"0":false,"1":false,"2":false,"3":false,"4":false,"5":false,"6":false,"7":false,"8":false,"9":false,"10":false,"11":false,"12":false,"13":false,"14":false,"15":false,"16":false,"17":false,"18":false,"19":false,"20":false,"21":false,"22":false,"23":false,"24":false,"25":false,"26":false,"27":false,"28":false,"29":false,"30":false,"31":false,"32":false,"33":false,"34":false,"35":false,"36":false,"37":false,"38":false,"39":false,"40":false,"41":false,"42":false,"43":false,"44":false,"45":false,"46":false,"47":false,"48":false,"49":false,"50":false,"51":false,"52":false,"53":false,"54":false,"55":false,"56":false,"57":false,"58":false,"59":false,"60":false,"61":false,"62":false,"63":false,"64":false,"65":false,"66":false,"67":false,"68":false,"69":false,"70":false,"71":false,"72":false,"73":false},"done":{"0":false,"1":false,"2":false,"3":false,"4":false,"5":false,"6":false,"7":false,"8":false,"9":false,"10":false,"11":false,"12":false,"13":false,"14":false,"15":false,"16":false,"17":false,"18":false,"19":false,"20":false,"21":false,"22":false,"23":false,"24":false,"25":false,"26":false,"27":false,"28":false,"29":false,"30":false,"31":false,"32":false,"33":false,"34":false,"35":false,"36":false,"37":false,"38":false,"39":false,"40":false,"41":false,"42":false,"43":false,"44":false,"45":false,"46":false,"47":false,"48":false,"49":false,"50":false,"51":false,"52":false,"53":false,"54":false,"55":false,"56":false,"57":false,"58":false,"59":false,"60":false,"61":false,"62":false,"63":false,"64":false,"65":false,"66":false,"67":false,"68":false,"69":false,"70":false,"71":false,"72":false,"73":true},"route_completed_in_m":{"0":1.0000001192,"1":1.0000001192,"2":1.0000001192,"3":1.0000001192,"4":1.0000001192,"5":1.0000001192,"6":1.0000001192,"7":1.0000001192,"8":1.0000001192,"9":1.0000001192,"10":1.0000001192,"11":1.0000001192,"12":1.0000001192,"13":1.0000001192,"14":1.0000001192,"15":1.0000001192,"16":1.0000001192,"17":1.0000001192,"18":1.0000001192,"19":1.0000001192,"20":1.0000001192,"21":1.0000001192,"22":1.0000001192,"23":1.0000001192,"24":1.0000001192,"25":1.0000001192,"26":1.0000001192,"27":1.0000001192,"28":1.0000001192,"29":2.0000002384,