{"x":{"0":147.8203277588,"1":147.8203277588,"2":147.8203277588,"3":147.8203277588,"4":147.8203277588,"5":147.8211364746,"6":147.8210754395,"7":147.8207855225,"8":147.8205566406,"9":147.8204498291,"10":147.8203735352,"11":147.8203277588,"12":147.8202972412,"13":147.8202972412,"14":147.8202972412,"15":147.8202972412,"16":147.8202819824,"17":147.8202819824,"18":147.8202819824,"19":147.8202819824,"20":147.8202819824,"21":147.8202819824,"22":147.8202819824,"23":147.8202819824,"24":147.8202819824,"25":147.8545227051,"26":147.9960784912,"27":148.2235870361,"28":148.5129394531,"29":148.8400878906,"30":149.1862182617,"31":149.5409545898,"32":149.9002380371,"33":150.2627716064,"34":150.628692627,"35":150.9981231689,"36":151.3704223633,"37":151.7454833984,"38":152.1234283447,"39":152.5041351318,"40":152.8869781494,"41":153.271987915,"42":153.6593475342,"43":154.0492248535,"44":154.4420318604,"45":154.8379211426,"46":155.2371826172,"47":155.6401367188,"48":156.0470733643,"49":156.458114624,"50":156.8734130859,"51":157.2929534912,"52":157.7167358398,"53":158.1446685791,"54":158.5767211914,"55":159.0127716064,"56":159.4526367188,"57":159.8962402344,"58":160.3433990479,"59":160.7940063477,"60":161.2481079102,"61":161.7057037354,"62":162.166885376,"63":162.6314544678,"64":163.0992584229,"65":163.5704498291,"66":164.0448760986,"67":164.5221710205,"68":165.002166748,"69":165.4845275879,"70":165.9696960449,"71":166.4575958252,"72":166.9478607178,"73":167.4404602051,"74":167.9355163574,"75":168.4312133789,"76":168.9227294922,"77":169.4130859375,"78":169.9021606445,"79":170.3900299072,"80":170.8770141602,"81":171.3720855713,"82":171.8844451904,"83":172.4082183838,"84":172.9386749268,"85":173.4693145752,"86":174.0011291504,"87":174.5349731445,"88":175.0716400146},"y":{"0":241.3324127197,"1":241.3324127197,"2":241.3324127197,"3":241.3324127197,"4":241.3324127197,"5":241.3323822021,"6":241.3322601318,"7":241.3322143555,"8":241.3321990967,"9":241.3321990967,"10":241.3322143555,"11":241.3321685791,"12":241.3321380615,"13":241.3321380615,"14":241.3321228027,"15":241.3321228027,"16":241.3321228027,"17":241.3321228027,"18":241.3321075439,"19":241.3321075439,"20":241.3321075439,"21":241.3321075439,"22":241.3321075439,"23":241.3321075439,"24":241.3321075439,"25":241.3285369873,"26":241.3125762939,"27":241.2828216553,"28":241.2408752441,"29":241.1888580322,"30":241.1285247803,"31":241.0628814697,"32":240.9959106445,"33":240.9287109375,"34":240.8629455566,"35":240.7984466553,"36":240.7312469482,"37":240.6616973877,"38":240.5915222168,"39":240.5201873779,"40":240.4454956055,"41":240.3686981201,"42":240.292175293,"43":240.2177886963,"44":240.1481628418,"45":240.0833892822,"46":240.0248565674,"47":239.9727325439,"48":239.9257354736,"49":239.8847198486,"50":239.8490753174,"51":239.8188934326,"52":239.7950744629,"53":239.7772369385,"54":239.7642669678,"55":239.7549285889,"56":239.7486419678,"57":239.7419891357,"58":239.7320098877,"59":239.7176055908,"60":239.6992645264,"61":239.6758270264,"62":239.6475372314,"63":239.6123504639,"64":239.5691223145,"65":239.518737793,"66":239.4613037109,"67":239.3966522217,"68":239.3260040283,"69":239.2495574951,"70":239.1712188721,"71":239.0917510986,"72":239.0104675293,"73":238.9277648926,"74":238.8453521729,"75":238.7631530762,"76":238.6791687012,"77":238.5920715332,"78":238.5019989014,"79":238.4092559814,"80":238.3154449463,"81":238.2195129395,"82":238.1195068359,"83":238.0170440674,"84":237.9144897461,"85":237.8129882812,"86":237.7136688232,"87":237.6145629883,"88":237.5162658691},"z":{"0":1.2638585567,"1":1.1088316441,"2":0.8560166955,"3":0.5055115223,"4":0.1815199256,"5":0.1903306991,"6":0.2146958858,"7":0.2325962335,"8":0.2429851145,"9":0.2484169006,"10":0.2510927618,"11":0.2523608804,"12":0.2529456019,"13":0.2530941367,"14":0.2532286048,"15":0.2533184886,"16":0.2533687651,"17":0.2533852458,"18":0.253398329,"19":0.2534075081,"20":0.2534128428,"21":0.2534148097,"22":0.2534160614,"23":0.2534160614,"24":0.2534175515,"25":0.2529368997,"26":0.2521266639,"27":0.2517769635,"28":0.2518248558,"29":0.2521161139,"30":0.2524850667,"31":0.2528083622,"32":0.2530374825,"33":0.2531781793,"34":0.2532547414,"35":0.2532928884,"36":0.2533122301,"37":0.2533237636,"38":0.2533308864,"39":0.2533353865,"40":0.253339678,"41":0.2533443868,"42":0.253349632,"43":0.2533537745,"44":0.2533568144,"45":0.2533573508,"46":0.2533560991,"47":0.2533523142,"48":0.2533455193,"49":0.2533402443,"50":0.2533347309,"51":0.2533306479,"52":0.2533286512,"53":0.2533268332,"54":0.2533250749,"55":0.2533237636,"56":0.2533234358,"57":0.2533223927,"58":0.2533222139,"59":0.2533223033,"60":0.2533218265,"61":0.2533207536,"62":0.2533193827,"63":0.2533192039,"64":0.2533190548,"65":0.2533178926,"66":0.2533185184,"67":0.253321439,"68":0.2533250749,"69":0.2533302307,"70":0.2533335686,"71":0.2533369362,"72":0.2533401847,"73":0.2537036538,"74":0.2543399334,"75":0.2542458177,"76":0.2532842159,"77":0.2531163692,"78":0.2531992197,"79":0.2532933056,"80":0.2533546686,"81":0.2540403008,"82":0.2541341782,"83":0.2539604604,"84":0.2538801134,"85":0.2538869381,"86":0.2538850605,"87":0.2538741231,"88":0.2538618147},"yaw":{"0":0.1973113716,"1":0.1973113716,"2":0.1973113716,"3":0.1973113716,"4":0.1973113716,"5":0.1967722625,"6":0.1968699098,"7":0.1971210688,"8":0.1972436607,"9":0.1972955614,"10":0.1973172426,"11":0.197326526,"12":0.1973307133,"13":0.1973317116,"14":0.1973311305,"15":0.1973293722,"16":0.1973283738,"17":0.1973280311,"18":0.1973277926,"19":0.1973276287,"20":0.1973276287,"21":0.1973276287,"22":0.1973274499,"23":0.1973274499,"24":0.1973274499,"25":0.0420298129,"26":-0.6024780273,"27":-1.6774291992,"28":-2.9731450081,"29":-4.3176288605,"30":-5.6231737137,"31":-6.790014267,"32":-7.7031321526,"33":-8.3859977722,"34":-8.8265180588,"35":-9.0912895203,"36":-9.37931633,"37":-9.6667919159,"38":-9.8851461411,"39":-10.0730133057,"40":-10.3274087906,"41":-10.5778961182,"42":-10.733048439,"43":-10.7487649918,"44":-10.556930542,"45":-10.2137289047,"46":-9.7041444778,"47":-9.0675163269,"48":-8.3881320953,"49":-7.6445088387,"50":-6.8823304176,"51":-6.1024212837,"52":-5.282474041,"53":-4.4534320831,"54":-3.6645820141,"55":-2.9550790787,"56":-2.3305969238,"57":-1.8991395235,"58":-1.7203675508,"59":-1.7587279081,"60":-1.9311829805,"61":-2.2402346134,"62":-2.6357424259,"63":-3.1673285961,"64":-3.8348095417,"65":-4.5557274818,"66":-5.3082609177,"67":-6.085026741,"68":-6.8281621933,"69":-7.5411448479,"70":-8.0756626129,"71":-8.4613447189,"72":-8.7775678635,"73":-9.0281190872,"74":-9.1699352264,"75":-9.2709474564,"76":-9.373547554,"77":-9.6089010239,"78":-9.8846883774,"79":-10.1782388687,"80":-10.4200601578,"81":-10.6045980453,"82":-10.7582263947,"83":-10.8690328598,"84":-10.8932657242,"85":-10.8674488068,"86":-10.7587451935,"87":-10.6687479019,"88":-10.5608358383},"c_route":{"0":false,"1":false,"2":false,"3":false,"4":false,"5":false,"6":false,"7":false,"8":false,"9":false,"10":false,"11":false,"12":false,"13":false,"14":false,"15":false,"16":false,"17":false,"18":false,"19":false,"20":false,"21":false,"22":false,"23":false,"24":false,"25":false,"26":false,"27":false,"28":false,"29":false,"30":false,"31":false,"32":false,"33":false,"34":false,"35":false,"36":false,"37":false,"38":false,"39":false,"40":false,"41":false,"42":false,"43":false,"44":false,"45":false,"46":false,"47":false,"48":false,"49":false,"50":false,"51":false,"52":false,"53":false,"54":false,"55":false,"56":false,"57":false,"58":false,"59":false,"60":false,"61":false,"62":false,"63":false,"64":false,"65":false,"66":false,"67":false,"68":false,"69":false,"70":false,"71":false,"72":false,"73":false,"74":false,"75":false,"76":false,"77":false,"78":false,"79":false,"80":false,"81":false,"82":false,"83":false,"84":false,"85":false,"86":false,"87":false,"88":false},"done":{"0":false,"1":false,"2":false,"3":false,"4":false,"5":false,"6":false,"7":false,"8":false,"9":false,"10":false,"11":false,"12":false,"13":false,"14":false,"15":false,"16":false,"17":false,"18":false,