{"x":{"0":148.0119476318,"1":148.0119476318,"2":148.0119476318,"3":148.0119476318,"4":148.0119476318,"5":148.0127563477,"6":148.0126953125,"7":148.0124206543,"8":148.0121917725,"9":148.0120849609,"10":148.0119934082,"11":148.0119628906,"12":148.011932373,"13":148.011932373,"14":148.0119171143,"15":148.0119171143,"16":148.0119171143,"17":148.0119171143,"18":148.0119171143,"19":148.0119171143,"20":148.0119171143,"21":148.0119171143,"22":148.0119171143,"23":148.0119171143,"24":148.0119171143,"25":148.0464782715,"26":148.1932067871,"27":148.4401092529,"28":148.7713928223,"29":149.1684875488,"30":149.6126098633,"31":150.0875396729,"32":150.5814666748,"33":151.0869140625,"34":151.5989837646,"35":152.1101226807,"36":152.6157989502,"37":153.1165161133,"38":153.6134796143,"39":154.1075897217,"40":154.5995635986,"41":155.0903778076,"42":155.5822753906,"43":156.0726013184,"44":156.5626373291,"45":157.0570373535,"46":157.5758361816,"47":158.1133117676,"48":158.6642913818,"49":159.2255249023,"50":159.7925415039,"51":160.3632202148,"52":160.9382629395,"53":161.5188293457,"54":162.1055145264,"55":162.6987762451,"56":163.298828125,"57":163.9058227539,"58":164.519241333,"59":165.1393585205,"60":165.7660675049,"61":166.3993835449,"62":167.0392303467,"63":167.6854248047,"64":168.3378143311,"65":168.9962310791,"66":169.6605682373,"67":170.3305664062,"68":171.0060577393,"69":171.6867675781,"70":172.3724822998,"71":173.0625610352,"72":173.7566986084,"73":174.4536743164,"74":175.152557373},"y":{"0":192.0910491943,"1":192.0910491943,"2":192.0910491943,"3":192.0910491943,"4":192.0910491943,"5":192.0909576416,"6":192.0908203125,"7":192.0907745361,"8":192.0907592773,"9":192.0907440186,"10":192.0907440186,"11":192.0906982422,"12":192.0906829834,"13":192.0906524658,"14":192.090637207,"15":192.090637207,"16":192.090637207,"17":192.090637207,"18":192.090637207,"19":192.090637207,"20":192.090637207,"21":192.090637207,"22":192.090637207,"23":192.090637207,"24":192.090637207,"25":192.0865783691,"26":192.0679016113,"27":192.0336914062,"28":191.9835662842,"29":191.9195098877,"30":191.8443145752,"31":191.7610626221,"32":191.6718292236,"33":191.5777435303,"34":191.4805603027,"35":191.3824615479,"36":191.2848968506,"37":191.1879119873,"38":191.0914001465,"39":190.9952850342,"40":190.8993377686,"41":190.8022613525,"42":190.7040710449,"43":190.6049804688,"44":190.5056915283,"45":190.407119751,"46":190.305770874,"47":190.202255249,"48":190.0990142822,"49":189.9977722168,"50":189.8974761963,"51":189.799041748,"52":189.7023925781,"53":189.6078033447,"54":189.5151062012,"55":189.4249725342,"56":189.3381958008,"57":189.2553100586,"58":189.1726837158,"59":189.0932312012,"60":189.0166778564,"61":188.9439239502,"62":188.8756408691,"63":188.811126709,"64":188.7500915527,"65":188.6931762695,"66":188.640335083,"67":188.5911254883,"68":188.5443115234,"69":188.4998016357,"70":188.4546051025,"71":188.4037322998,"72":188.3471374512,"73":188.2783813477,"74":188.1942596436},"z":{"0":1.2638585567,"1":1.1088317633,"2":0.8560168147,"3":0.5055116415,"4":0.1815201193,"5":0.1903306991,"6":0.214696154,"7":0.2325965762,"8":0.2429853827,"9":0.2484170794,"10":0.2510930896,"11":0.2523610592,"12":0.252945751,"13":0.2530942559,"14":0.2532287836,"15":0.2533186972,"16":0.2533689439,"17":0.2533854246,"18":0.2533985078,"19":0.2534076869,"20":0.2534129918,"21":0.2534150779,"22":0.2534163296,"23":0.2534163296,"24":0.2534177303,"25":0.2529312968,"26":0.252066344,"27":0.2515899837,"28":0.2514756322,"29":0.251616329,"30":0.2519038022,"31":0.2522429228,"32":0.253365159,"33":0.2538152635,"34":0.2538389564,"35":0.2538891435,"36":0.2539521456,"37":0.2539821267,"38":0.253988266,"39":0.2539825439,"40":0.2539710701,"41":0.2539538443,"42":0.2538967133,"43":0.2538971901,"44":0.2533013523,"45":0.2535195053,"46":0.2538067698,"47":0.2537231147,"48":0.2536756396,"49":0.2536804974,"50":0.2537260354,"51":0.2537723482,"52":0.2537896633,"53":0.253788799,"54":0.2537817657,"55":0.2537745535,"56":0.2537691295,"57":0.2537659407,"58":0.2537627816,"59":0.253762722,"60":0.2537629604,"61":0.2537642121,"62":0.2537660599,"63":0.2537677586,"64":0.2537695169,"65":0.2537721992,"66":0.2537750602,"67":0.2537783086,"68":0.2537807822,"69":0.2537835538,"70":0.253785938,"71":0.2537898719,"72":0.2537945211,"73":0.2538042367,"74":0.2538149059},"yaw":{"0":-0.0464782715,"1":-0.0464782715,"2":-0.0464782715,"3":-0.0464782715,"4":-0.0464782715,"5":-0.0469970666,"6":-0.0469055213,"7":-0.046661377,"8":-0.0465087928,"9":-0.0464782752,"10":-0.0464477539,"11":-0.0464477539,"12":-0.0464172363,"13":-0.0464172363,"14":-0.0464172363,"15":-0.0464172363,"16":-0.0464172363,"17":-0.0464172363,"18":-0.0464172363,"19":-0.0464477539,"20":-0.0464477539,"21":-0.0464477539,"22":-0.0464477539,"23":-0.0464477539,"24":-0.0464477539,"25":-0.2171325386,"26":-0.9437559843,"27":-2.1246950626,"28":-3.5871281624,"29":-5.0893578529,"30":-6.4483394623,"31":-7.5714497566,"32":-8.4645471573,"33":-9.1763114929,"34":-9.7344503403,"35":-10.1307821274,"36":-10.4118804932,"37":-10.6110992432,"38":-10.7486429214,"39":-10.8441324234,"40":-10.9160003662,"41":-11.0140838623,"42":-11.1020975113,"43":-11.225938797,"44":-11.3011341095,"45":-11.2906360626,"46":-11.2044534683,"47":-11.0927906036,"48":-10.91319561,"49":-10.6555938721,"50":-10.4158792496,"51":-10.1704854965,"52":-9.9216146469,"53":-9.6563549042,"54":-9.3843822479,"55":-9.0820741653,"56":-8.7309064865,"57":-8.3323459625,"58":-8.0545444489,"59":-7.7356338501,"60":-7.4039058685,"61":-7.0341553688,"62":-6.6196351051,"63":-6.2108812332,"64":-5.8221168518,"65":-5.4230680466,"66":-5.0230131149,"67":-4.6430683136,"68":-4.3281574249,"69":-4.0542621613,"70":-3.9216015339,"71":-4.0635390282,"72":-4.3533949852,"73":-4.974275589,"74":-5.8973736763},"c_route":{"0":false,"1":false,"2":false,"3":false,"4":false,"5":false,"6":false,"7":false,"8":false,"9":false,"10":false,"11":false,"12":false,"13":false,"14":false,"15":false,"16":false,"17":false,"18":false,"19":false,"20":false,"21":false,"22":false,"23":false,"24":false,"25":false,"26":false,"27":false,"28":false,"29":false,"30":false,"31":false,"32":false,"33":false,"34":false,"35":false,"36":false,"37":false,"38":false,"39":false,"40":false,"41":false,"42":false,"43":false,"44":false,"45":false,"46":false,"47":false,"48":false,"49":false,"50":false,"51":false,"52":false,"53":false,"54":false,"55":false,"56":false,"57":false,"58":false,"59":false,"60":false,"61":false,"62":false,"63":false,"64":false,"65":false,"66":false,"67":false,"68":false,"69":false,"70":false,"71":false,"72":false,"73":false,"74":false},"done":{"0":false,"1":false,"2":false,"3":false,"4":false,"5":false,"6":false,"7":false,"8":false,"9":false,"10":false,"11":false,"12":false,"13":false,"14":false,"15":false,"16":false,"17":false,"18":false,"19":false,"20":false,"21":false,"22":false,"23":false,"24":false,"25":false,"26":false,"27":false,"28":false,"29":false,"30":false,"31":false,"32":false,"33":false,"34":false,"35":false,"36":false,"37":false,"38":false,"39":false,"40":false,"41":false,"42":false,"43":false,"44":false,"45":false,"46":false,"47":false,"48":false,"49":false,"50":false,"51":false,"52":false,"53":false,"54":false,"55":false,"56":false,"57":false,"58":false,"59":false,"60":false,"61":false,"62":false,"63":false,"64":false,"65":false,"66":false,"67":false,"68":false,"69":false,"70":false,"71":false,"72":false,"73":false,"74":true},"route_completed_in_m":{"0":0.0,"1":0.0,"2":0.0,"3":0.0,"4":0.0,"5":0.0,"6":0.0,"7":0.0,"8":0.0,"9":0.0,"10":0.0,"11":0.0,"12":0.0,"13":0.0,"14":0.0,"15":0.0,"16":0.0,"17":0.0,"18":0.0,"19":0.0,"20":0.0,"21":0.0,"22":0.0,"23":0.0,"24":0.0,"25":1.0000001192,"26":1.0000001192,"27":1.0000001192,"28":2.0000002384,"29":2.0000002384,"30":2.0000002384,"31":3.0000003576,"32":3.0000003576,"33":4.0000004768,"34":5.000000596,"35":5.000000596,"36":6.0000007153,"37":6.0000007153,"38":7.0000008345,"39":7.0000008345,"40":7.0000008345,"41":8.0000009537,"42":8.0000009537,"43":9.0000010729,"44":9.0000010729,