{"x":{"0":89.4426422119,"1":89.4426422119,"2":89.4426422119,"3":89.4426422119,"4":89.4426422119,"5":89.4434814453,"6":89.4434280396,"7":89.4431152344,"8":89.4429016113,"9":89.4427642822,"10":89.4426727295,"11":89.4426345825,"12":89.4426116943,"13":89.4426040649,"14":89.4425964355,"15":89.4425964355,"16":89.4425888062,"17":89.4425888062,"18":89.4425888062,"19":89.4425888062,"20":89.4425888062,"21":89.4425888062,"22":89.4425888062,"23":89.4425888062,"24":89.4425888062,"25":89.4765396118,"26":89.6103210449,"27":89.8123626709,"28":90.0559844971,"29":90.3242874146,"30":90.6077804565,"31":90.9014434814,"32":91.2026519775,"33":91.5100097656,"34":91.822593689,"35":92.139793396,"36":92.4610519409,"37":92.7857208252,"38":93.113243103,"39":93.4432601929,"40":93.7754592896,"41":94.1097793579,"42":94.4460983276,"43":94.7842254639,"44":95.1240310669,"45":95.4656219482,"46":95.8089141846,"47":96.1533966064,"48":96.4989013672,"49":96.8453521729,"50":97.1922149658,"51":97.5401077271,"52":97.8889160156,"53":98.2376861572,"54":98.5862808228,"55":98.9353790283,"56":99.2854003906,"57":99.6355056763,"58":99.9846343994,"59":100.3329696655,"60":100.6806488037,"61":101.026763916,"62":101.3711395264,"63":101.71484375,"64":102.0584487915,"65":102.402130127,"66":102.7446060181,"67":103.0871200562,"68":103.4297561646,"69":103.7713317871,"70":104.1131057739,"71":104.4595565796,"72":104.8122406006,"73":105.1698150635,"74":105.5313186646,"75":105.897819519,"76":106.2688522339,"77":106.6424560547,"78":107.0200500488,"79":107.4035949707,"80":107.7940979004},"y":{"0":241.1313781738,"1":241.1313781738,"2":241.1313781738,"3":241.1313781738,"4":241.1313781738,"5":241.1310272217,"6":241.1309051514,"7":241.1309051514,"8":241.1309356689,"9":241.1309509277,"10":241.1309967041,"11":241.1309509277,"12":241.1309356689,"13":241.1309356689,"14":241.1309051514,"15":241.1309051514,"16":241.1309051514,"17":241.1309051514,"18":241.1308898926,"19":241.1308898926,"20":241.1308898926,"21":241.1308898926,"22":241.1308898926,"23":241.1308898926,"24":241.1308898926,"25":241.1307830811,"26":241.1301269531,"27":241.1279754639,"28":241.1238861084,"29":241.1184692383,"30":241.1121673584,"31":241.1035614014,"32":241.0922851562,"33":241.0793762207,"34":241.0650939941,"35":241.0506744385,"36":241.0369262695,"37":241.0218505859,"38":241.004776001,"39":240.9853210449,"40":240.9630737305,"41":240.9395904541,"42":240.9152526855,"43":240.8893737793,"44":240.8618469238,"45":240.8349914551,"46":240.8082580566,"47":240.7771759033,"48":240.7408294678,"49":240.6985626221,"50":240.6484069824,"51":240.5927124023,"52":240.5317687988,"53":240.4631958008,"54":240.3877258301,"55":240.3092346191,"56":240.231552124,"57":240.1535491943,"58":240.0728912354,"59":239.9907989502,"60":239.9080047607,"61":239.8213195801,"62":239.7298583984,"63":239.6363830566,"64":239.5417480469,"65":239.4453887939,"66":239.3427124023,"67":239.2351531982,"68":239.1208343506,"69":238.9956207275,"70":238.8600006104,"71":238.7207946777,"72":238.5809173584,"73":238.4381256104,"74":238.2913818359,"75":238.1442871094,"76":237.9962463379,"77":237.8433685303,"78":237.6903686523,"79":237.5438690186,"80":237.4092712402},"z":{"0":1.2638585567,"1":1.1088316441,"2":0.8560166955,"3":0.5055115223,"4":0.1815199256,"5":0.1903274506,"6":0.2146979123,"7":0.2325965464,"8":0.2429842353,"9":0.2484160215,"10":0.2510921061,"11":0.2523604929,"12":0.2529453933,"13":0.2530940175,"14":0.253228575,"15":0.2533183992,"16":0.2533687055,"17":0.2533853054,"18":0.253398329,"19":0.2534075975,"20":0.2534128129,"21":0.2534148097,"22":0.2534160614,"23":0.2534160614,"24":0.2534176111,"25":0.2529427707,"26":0.2522185445,"27":0.2520162761,"28":0.2521732152,"29":0.2524534166,"30":0.2527199388,"31":0.2529256344,"32":0.2530681193,"33":0.2531606555,"34":0.2532204688,"35":0.2532592416,"36":0.2532856166,"37":0.2533060908,"38":0.2533221245,"39":0.2533346415,"40":0.2533442676,"41":0.2533510923,"42":0.2533561289,"43":0.2533605993,"44":0.2533639967,"45":0.2533663809,"46":0.2533682883,"47":0.2533705831,"48":0.2533723712,"49":0.2533738613,"50":0.2533769608,"51":0.2533757985,"52":0.2533758879,"53":0.2533809543,"54":0.2533861101,"55":0.2533887327,"56":0.2533921003,"57":0.2533993423,"58":0.2534083128,"59":0.2534144819,"60":0.2534177601,"61":0.2534208298,"62":0.2534222007,"63":0.253418982,"64":0.2534132004,"65":0.2534063756,"66":0.2534022927,"67":0.2533914447,"68":0.2533786297,"69":0.2533689141,"70":0.2533521354,"71":0.2533230484,"72":0.2533002496,"73":0.253290236,"74":0.2532896996,"75":0.2532923818,"76":0.2532961071,"77":0.2533028722,"78":0.2533104718,"79":0.2533203065,"80":0.2533355355},"yaw":{"0":0.1973113716,"1":0.1973113716,"2":0.1973113716,"3":0.1973113716,"4":0.1973113716,"5":0.1969109774,"6":0.1970246732,"7":0.1972298473,"8":0.1973145157,"9":0.1973424554,"10":0.197350949,"11":0.1973534822,"12":0.1973542124,"13":0.1973543912,"14":0.1973543167,"15":0.1973541528,"16":0.1973540932,"17":0.1973540634,"18":0.1973540634,"19":0.1973540634,"20":0.1973540634,"21":0.1973540634,"22":0.1973540634,"23":0.1973540634,"24":0.1973540634,"25":0.1864563376,"26":0.1437504292,"27":0.0388678275,"28":-0.1282348633,"29":-0.3145446181,"30":-0.4974365532,"31":-0.7315673232,"32":-1.0188903809,"33":-1.305236578,"34":-1.5803221464,"35":-1.7955935001,"36":-1.9340213537,"37":-2.0925600529,"38":-2.2893373966,"39":-2.5309755802,"40":-2.8226931095,"41":-3.0903019905,"42":-3.3260507584,"43":-3.5642096996,"44":-3.8077716827,"45":-3.9627699852,"46":-4.0741896629,"47":-4.3276686668,"48":-4.7222914696,"49":-5.2474079132,"50":-5.9500164986,"51":-6.6914420128,"52":-7.4542922974,"53":-8.3296308517,"54":-9.2581014633,"55":-10.0715150833,"56":-10.6498565674,"57":-11.1045389175,"58":-11.5612974167,"59":-11.9680671692,"60":-12.306476593,"61":-12.7267370224,"62":-13.2411985397,"63":-13.7105302811,"64":-14.1108598709,"65":-14.4801826477,"66":-15.0131101608,"67":-15.5954742432,"68":-16.287399292,"69":-17.2301445007,"70":-18.3197994232,"71":-19.2049598694,"72":-19.8113994598,"73":-20.3122520447,"74":-20.7746505737,"75":-21.0576095581,"76":-21.2408943176,"77":-21.5162563324,"78":-21.6628894806,"79":-21.4457893372,"80":-20.7611312866},"c_route":{"0":false,"1":false,"2":false,"3":false,"4":false,"5":false,"6":false,"7":false,"8":false,"9":false,"10":false,"11":false,"12":false,"13":false,"14":false,"15":false,"16":false,"17":false,"18":false,"19":false,"20":false,"21":false,"22":false,"23":false,"24":false,"25":false,"26":false,"27":false,"28":false,"29":false,"30":false,"31":false,"32":false,"33":false,"34":false,"35":false,"36":false,"37":false,"38":false,"39":false,"40":false,"41":false,"42":false,"43":false,"44":false,"45":false,"46":false,"47":false,"48":false,"49":false,"50":false,"51":false,"52":false,"53":false,"54":false,"55":false,"56":false,"57":false,"58":false,"59":false,"60":false,"61":false,"62":false,"63":false,"64":false,"65":false,"66":false,"67":false,"68":false,"69":false,"70":false,"71":false,"72":false,"73":false,"74":false,"75":false,"76":false,"77":false,"78":false,"79":false,"80":false},"done":{"0":false,"1":false,"2":false,"3":false,"4":false,"5":false,"6":false,"7":false,"8":false,"9":false,"10":false,"11":false,"12":false,"13":false,"14":false,"15":false,"16":false,"17":false,"18":false,"19":false,"20":false,"21":false,"22":false,"23":false,"24":false,"25":false,"26":false,"27":false,"28":false,"29":false,"30":false,"31":false,"32":false,"33":false,"34":false,"35":false,"36":false,"37":false,"38":false,"39":false,"40":false,"41":false,"42":false,"43":false,"44":false,"45":false,"46":false,"47":false,"48":false,"49":false,"50":false,"51":false,"52":false,"53":false,"54":false,"55":false,"56":false,"57":false,"58":false,"59":false,"60":false,"61":false,"62":false,"63":false,"64":false,"65":false,"66":false,"67":false,"68":false,"69":false,"70":false,"71":false,"72":false,"73":false,"74":false,"75":false,"76":false,"77":false,"78":false,"79":false,"80":true},"route_completed_in_m":{"0":0.0,"1":0.0,"2":0.0,"3":0.0,"4":0.0,"5":0.0,