{"x":{"0":-3.567107439,"1":-3.567107439,"2":-3.567107439,"3":-3.567107439,"4":-3.567107439,"5":-3.5669856071,"6":-3.5671055317,"7":-3.5671594143,"8":-3.5671858788,"9":-3.5672001839,"10":-3.5672087669,"11":-3.5672140121,"12":-3.5672175884,"13":-3.5672199726,"14":-3.5672249794,"15":-3.5672307014,"16":-3.5672338009,"17":-3.5672352314,"18":-3.5672369003,"19":-3.5672373772,"20":-3.5672380924,"21":-3.5672380924,"22":-3.5672383308,"23":-3.5672383308,"24":-3.5672383308,"25":-3.5711240768,"26":-3.5873708725,"27":-3.6128032207,"28":-3.6410667896,"29":-3.669408083,"30":-3.6978349686,"31":-3.7288589478,"32":-3.7652103901,"33":-3.8062922955,"34":-3.8518702984,"35":-3.8997654915,"36":-3.9513196945,"37":-4.0071773529,"38":-4.0658836365,"39":-4.1257834435,"40":-4.1849908829,"41":-4.244843483,"42":-4.3044347763,"43":-4.3638215065,"44":-4.4222421646,"45":-4.4785337448,"46":-4.5296664238,"47":-4.5760374069,"48":-4.6215338707,"49":-4.6692404747,"50":-4.7174930573,"51":-4.770898819,"52":-4.8297781944,"53":-4.8896217346,"54":-4.9457006454,"55":-4.9951224327,"56":-5.0413451195,"57":-5.0877828598,"58":-5.1308946609,"59":-5.1682024002,"60":-5.1968917847,"61":-5.2186961174,"62":-5.2302069664,"63":-5.2297687531,"64":-5.2213821411,"65":-5.2080955505,"66":-5.1990447044,"67":-5.200024128,"68":-5.2086143494,"69":-5.2207818031,"70":-5.2367124557,"71":-5.2551279068,"72":-5.279955864,"73":-5.3125095367,"74":-5.3493638039,"75":-5.3867063522,"76":-5.424574852,"77":-5.4604568481,"78":-5.4948348999,"79":-5.5291852951,"80":-5.5626764297,"81":-5.5923714638,"82":-5.6216239929,"83":-5.6599230766,"84":-5.7109131813,"85":-5.7729802132,"86":-5.8445181847,"87":-5.920404911,"88":-5.9954972267,"89":-6.0659966469,"90":-6.133146286,"91":-6.1988220215,"92":-6.263156414,"93":-6.3288664818,"94":-6.3958630562,"95":-6.4630942345,"96":-6.5339288712,"97":-6.6066265106,"98":-6.683836937,"99":-6.7653746605,"100":-6.8459920883,"101":-6.9238119125},"y":{"0":220.942489624,"1":220.942489624,"2":220.942489624,"3":220.942489624,"4":220.942489624,"5":220.9417266846,"6":220.9417724609,"7":220.9420471191,"8":220.9422454834,"9":220.9423980713,"10":220.9424743652,"11":220.9425354004,"12":220.9425506592,"13":220.9425506592,"14":220.942565918,"15":220.942565918,"16":220.942565918,"17":220.942565918,"18":220.942565918,"19":220.942565918,"20":220.942565918,"21":220.942565918,"22":220.942565918,"23":220.942565918,"24":220.942565918,"25":220.9096221924,"26":220.7821655273,"27":220.5928039551,"28":220.3664550781,"29":220.118347168,"30":219.8570098877,"31":219.5871582031,"32":219.311340332,"33":219.0302886963,"34":218.744430542,"35":218.4533081055,"36":218.1572265625,"37":217.8565826416,"38":217.5514831543,"39":217.2418823242,"40":216.9276275635,"41":216.6091766357,"42":216.2866210938,"43":215.9601135254,"44":215.6297607422,"45":215.2954406738,"46":214.9569549561,"47":214.6143341064,"48":214.2678070068,"49":213.9178619385,"50":213.5646972656,"51":213.2096252441,"52":212.8532714844,"53":212.4951171875,"54":212.1346282959,"55":211.7716522217,"56":211.4065246582,"57":211.0395812988,"58":210.6706237793,"59":210.2997741699,"60":209.9273986816,"61":209.5537109375,"62":209.1787872314,"63":208.8025665283,"64":208.424407959,"65":208.0436248779,"66":207.6596221924,"67":207.2738800049,"68":206.8877868652,"69":206.5019683838,"70":206.1169891357,"71":205.7330169678,"72":205.3506774902,"73":204.9701080322,"74":204.5904998779,"75":204.2109680176,"76":203.8312683105,"77":203.4510040283,"78":203.0703277588,"79":202.6893768311,"80":202.3079833984,"81":201.925994873,"82":201.5437316895,"83":201.1625366211,"84":200.7835235596,"85":200.4062805176,"86":200.0302886963,"87":199.6540985107,"88":199.2767791748,"89":198.8983154297,"90":198.5193481445,"91":198.1403656006,"92":197.7615509033,"93":197.38331604,"94":197.0055847168,"95":196.6280212402,"96":196.2511444092,"97":195.8743438721,"98":195.4981231689,"99":195.1221466064,"100":194.7449798584,"101":194.3661651611},"z":{"0":1.2638585567,"1":1.1088317633,"2":0.8560167551,"3":0.5055116415,"4":0.1815201938,"5":0.1903334409,"6":0.2146953195,"7":0.2325956672,"8":0.2429846525,"9":0.2484169304,"10":0.2510929704,"11":0.252361089,"12":0.2529458702,"13":0.2530944347,"14":0.2532289326,"15":0.2533188164,"16":0.2533690929,"17":0.2533855438,"18":0.2533985972,"19":0.2534078956,"20":0.2534131706,"21":0.2534151375,"22":0.2534163594,"23":0.2534163594,"24":0.2534179986,"25":0.2529578805,"26":0.2522794604,"27":0.2521159947,"28":0.2522804141,"29":0.2525485456,"30":0.2527966201,"31":0.2529845834,"32":0.253112942,"33":0.2531918585,"34":0.2532380521,"35":0.2532607615,"36":0.2532729805,"37":0.2532823384,"38":0.2532905936,"39":0.2532967329,"40":0.2533012331,"41":0.2533060908,"42":0.2533106208,"43":0.2533151805,"44":0.2533194721,"45":0.2533229887,"46":0.2533272803,"47":0.2533296645,"48":0.2533273995,"49":0.2533260584,"50":0.2533291876,"51":0.2533375621,"52":0.2533477843,"53":0.2533552051,"54":0.2533615828,"55":0.253367424,"56":0.2533689141,"57":0.2533683479,"58":0.2533707321,"59":0.2533761561,"60":0.2533857226,"61":0.2533906996,"62":0.2533961833,"63":0.2533994913,"64":0.2533912957,"65":0.2533776164,"66":0.2533618808,"67":0.2533647418,"68":0.2533793151,"69":0.2533950508,"70":0.2534095645,"71":0.2534200251,"72":0.2534298599,"73":0.2534359694,"74":0.2534326911,"75":0.25342381,"76":0.253415674,"77":0.2534093559,"78":0.2534059584,"79":0.2534040511,"80":0.2534024715,"81":0.2534026206,"82":0.2534026802,"83":0.2534080446,"84":0.2534169853,"85":0.2534197867,"86":0.2534178197,"87":0.2534093857,"88":0.2534022927,"89":0.2534024119,"90":0.2534062862,"91":0.2534100711,"92":0.2534130514,"93":0.2534147501,"94":0.2534151673,"95":0.2534137666,"96":0.2534115613,"97":0.2534076571,"98":0.2534047663,"99":0.2534008622,"100":0.2533943951,"101":0.2533901036},"yaw":{"0":-90.0679016113,"1":-90.0679016113,"2":-90.0679016113,"3":-90.0679016113,"4":-90.0679016113,"5":-90.0685348511,"6":-90.0684127808,"7":-90.0681381226,"8":-90.0680160522,"9":-90.0679931641,"10":-90.0679550171,"11":-90.0679550171,"12":-90.0679550171,"13":-90.0679550171,"14":-90.0679550171,"15":-90.0679550171,"16":-90.0679550171,"17":-90.0679550171,"18":-90.0679550171,"19":-90.0679550171,"20":-90.0679550171,"21":-90.0679550171,"22":-90.0679550171,"23":-90.0679550171,"24":-90.0679550171,"25":-90.2288665771,"26":-90.8621749878,"27":-91.7505111694,"28":-92.575340271,"29":-93.2335281372,"30":-93.7557373047,"31":-94.2674484253,"32":-94.8765869141,"33":-95.5348510742,"34":-96.2208786011,"35":-96.8371887207,"36":-97.4497680664,"37":-98.0809402466,"38":-98.6651687622,"39":-99.1451187134,"40":-99.4672317505,"41":-99.7208023071,"42":-99.8822402954,"43":-99.9752655029,"44":-99.9851455688,"45":-99.8852920532,"46":-99.5830841064,"47":-99.1452255249,"48":-98.7572097778,"49":-98.5272293091,"50":-98.3511352539,"51":-98.4061584473,"52":-98.6475219727,"53":-98.8503417969,"54":-98.842414856,"55":-98.5678482056,"56":-98.2324295044,"57":-97.9825820923,"58":-97.6538772583,"59":-97.1740112305,"60":-96.4765167236,"61":-95.6884307861,"62":-94.6969833374,"63":-93.4922561646,"64":-92.2881546021,"65":-91.2007827759,"66":-90.5589523315,"67":-90.4684371948,"68":-90.6860656738,"69":-90.9773864746,"70":-91.3371810913,"71":-91.6988525391,"72":-92.2190856934,"73":-92.9057235718,"74":-93.5786514282,"75":-94.0942687988,"76":-94.4987792969,"77":-94.7213134766,"78":-94.8299560547,"79":-94.9114379883,"80":-94.9376144409,"81":-94.8076095581,"82":-94.6970672607,"83":-94.9739990234,"84":-95.6750717163,"85":-96.6207885742,"86":-97.6868286133,"87":-98.6369628906,"88":-99.3016738892,"89":-99.6128005981,"90":-99.7183380127,"91":-99.7452468872,"92":-99.7165908813,"93":-99.7540664673,"94":-99.8335647583,"95":-99.9011611938,"96":-100.0950393677,"97":-100.3076400757,"98":-100.6416244507,"99":-101.0539932251,"100":-101.3107757568,"101":-101.3823776245},"c_route":{"0":false,"1":false,"2":false,"3":false,"4":false,"5":false,"6":false,"7":false,"8":false,"9":false,"10":false,"11":false,"12":false,"13":false,"14":false,"15":false,"16":false,