{"x":{"0":193.5444335938,"1":193.5444335938,"2":193.5444335938,"3":193.5444335938,"4":193.5444335938,"5":193.5440063477,"6":193.5439453125,"7":193.5439605713,"8":193.5439758301,"9":193.5440063477,"10":193.5440216064,"11":193.5440063477,"12":193.5439758301,"13":193.5439605713,"14":193.5439605713,"15":193.5439605713,"16":193.5439605713,"17":193.5439605713,"18":193.5439453125,"19":193.5439453125,"20":193.5439453125,"21":193.5439453125,"22":193.5439453125,"23":193.5439453125,"24":193.5439453125,"25":193.5428466797,"26":193.5380401611,"27":193.529876709,"28":193.5196228027,"29":193.508026123,"30":193.4951171875,"31":193.4800872803,"32":193.4611663818,"33":193.4397583008,"34":193.4171295166,"35":193.3940124512,"36":193.364364624,"37":193.3274383545,"38":193.2823181152,"39":193.2309570312,"40":193.1769866943,"41":193.118850708,"42":193.0550689697,"43":192.9822998047,"44":192.9015960693,"45":192.8135528564,"46":192.7188568115,"47":192.6171875,"48":192.512802124,"49":192.4032745361,"50":192.2835845947,"51":192.1587677002,"52":192.0285339355,"53":191.8861999512,"54":191.7320404053,"55":191.5680389404,"56":191.3949737549,"57":191.2182617188,"58":191.0411224365,"59":190.8655090332,"60":190.6939086914,"61":190.5242919922,"62":190.3551177979,"63":190.1862030029},"y":{"0":233.4763946533,"1":233.4763946533,"2":233.4763946533,"3":233.4763946533,"4":233.4763946533,"5":233.4757385254,"6":233.4757995605,"7":233.4760131836,"8":233.4762268066,"9":233.4763641357,"10":233.4764251709,"11":233.4764556885,"12":233.4764862061,"13":233.4764862061,"14":233.4765014648,"15":233.4765014648,"16":233.4765014648,"17":233.4765014648,"18":233.4765014648,"19":233.4765014648,"20":233.4765014648,"21":233.4765014648,"22":233.4765014648,"23":233.4765014648,"24":233.4765014648,"25":233.441986084,"26":233.3015441895,"27":233.0801696777,"28":232.8027801514,"29":232.4880981445,"30":232.149017334,"31":231.7937316895,"32":231.4273529053,"33":231.0528106689,"34":230.6718139648,"35":230.285369873,"36":229.8948974609,"37":229.5007781982,"38":229.1034698486,"39":228.7028198242,"40":228.2984313965,"41":227.8907775879,"42":227.4803924561,"43":227.0684204102,"44":226.6547546387,"45":226.239364624,"46":225.8220672607,"47":225.4028320312,"48":224.9803924561,"49":224.5560760498,"50":224.1320495605,"51":223.7063598633,"52":223.2786712646,"53":222.8517303467,"54":222.4253540039,"55":221.9990539551,"56":221.5734100342,"57":221.1465606689,"58":220.7180175781,"59":220.2879638672,"60":219.8562011719,"61":219.4240570068,"62":218.992477417,"63":218.5619659424},"z":{"0":1.263858676,"1":1.1088318825,"2":0.8560168147,"3":0.5055117011,"4":0.1815200448,"5":0.1910711974,"6":0.2154334188,"7":0.2330642194,"8":0.2432418764,"9":0.2485485077,"10":0.2511578202,"11":0.2523923516,"12":0.2529606223,"13":0.2530859411,"14":0.2532283068,"15":0.2533197105,"16":0.2533698082,"17":0.2533844411,"18":0.253398329,"19":0.2534077466,"20":0.2534130812,"21":0.2534148097,"22":0.2534162402,"23":0.2534162402,"24":0.2534178197,"25":0.2529340386,"26":0.2521449327,"27":0.2518431544,"28":0.2519221306,"29":0.2521773875,"30":0.2524664104,"31":0.2527191937,"32":0.2529144883,"33":0.2530536354,"34":0.2531481981,"35":0.2532108128,"36":0.253254354,"37":0.2532814443,"38":0.2532997429,"39":0.2533098161,"40":0.2533136606,"41":0.2533183992,"42":0.2533235252,"43":0.2533323169,"44":0.2533376217,"45":0.2533401847,"46":0.253339678,"47":0.2533378303,"48":0.2533328235,"49":0.2533355653,"50":0.2533457577,"51":0.2533444464,"52":0.2533394992,"53":0.253342241,"54":0.2533425391,"55":0.2533438504,"56":0.2533502281,"57":0.2533546388,"58":0.2533622682,"59":0.2533740997,"60":0.2533879876,"61":0.2534005642,"62":0.2534109354,"63":0.2534207106},"yaw":{"0":-90.0097045898,"1":-90.0097045898,"2":-90.0097045898,"3":-90.0097045898,"4":-90.0097045898,"5":-90.0099182129,"6":-90.0098571777,"7":-90.009727478,"8":-90.0096664429,"9":-90.0096817017,"10":-90.0096740723,"11":-90.0096740723,"12":-90.0096740723,"13":-90.0096740723,"14":-90.0096740723,"15":-90.0096740723,"16":-90.0096740723,"17":-90.0096740723,"18":-90.0096740723,"19":-90.0096740723,"20":-90.0096740723,"21":-90.0096740723,"22":-90.0096740723,"23":-90.0096740723,"24":-90.0096740723,"25":-90.0550384521,"26":-90.2417221069,"27":-90.525138855,"28":-90.8223190308,"29":-91.0933914185,"30":-91.3390045166,"31":-91.5967407227,"32":-91.9315567017,"33":-92.2684631348,"34":-92.5553436279,"35":-92.7779541016,"36":-93.1920700073,"37":-93.7683486938,"38":-94.4972915649,"39":-95.257598877,"40":-95.8929672241,"41":-96.5040283203,"42":-97.1518859863,"43":-97.9566726685,"44":-98.8276367188,"45":-99.7200088501,"46":-100.5957717896,"47":-101.4714431763,"48":-102.1681289673,"49":-102.8415603638,"50":-103.7067642212,"51":-104.4887237549,"52":-105.2177200317,"53":-106.1937103271,"54":-107.3154525757,"55":-108.4555130005,"56":-109.5837097168,"57":-110.4776229858,"58":-111.084526062,"59":-111.4282226562,"60":-111.4984893799,"61":-111.4741973877,"62":-111.4523086548,"63":-111.4443283081},"c_route":{"0":false,"1":false,"2":false,"3":false,"4":false,"5":false,"6":false,"7":false,"8":false,"9":false,"10":false,"11":false,"12":false,"13":false,"14":false,"15":false,"16":false,"17":false,"18":false,"19":false,"20":false,"21":false,"22":false,"23":false,"24":false,"25":false,"26":false,"27":false,"28":false,"29":false,"30":false,"31":false,"32":false,"33":false,"34":false,"35":false,"36":false,"37":false,"38":false,"39":false,"40":false,"41":false,"42":false,"43":false,"44":false,"45":false,"46":false,"47":false,"48":false,"49":false,"50":false,"51":false,"52":false,"53":false,"54":false,"55":false,"56":false,"57":false,"58":false,"59":false,"60":false,"61":false,"62":false,"63":false},"done":{"0":false,"1":false,"2":false,"3":false,"4":false,"5":false,"6":false,"7":false,"8":false,"9":false,"10":false,"11":false,"12":false,"13":false,"14":false,"15":false,"16":false,"17":false,"18":false,"19":false,"20":false,"21":false,"22":false,"23":false,"24":false,"25":false,"26":false,"27":false,"28":false,"29":false,"30":false,"31":false,"32":false,"33":false,"34":false,"35":false,"36":false,"37":false,"38":false,"39":false,"40":false,"41":false,"42":false,"43":false,"44":false,"45":false,"46":false,"47":false,"48":false,"49":false,"50":false,"51":false,"52":false,"53":false,"54":false,"55":false,"56":false,"57":false,"58":false,"59":false,"60":false,"61":false,"62":false,"63":true},"route_completed_in_m":{"0":1.2344843149,"1":1.2344843149,"2":1.2344843149,"3":1.2344843149,"4":1.2344843149,"5":1.2344843149,"6":1.2344843149,"7":1.2344843149,"8":1.2344843149,"9":1.2344843149,"10":1.2344843149,"11":1.2344843149,"12":1.2344843149,"13":1.2344843149,"14":1.2344843149,"15":1.2344843149,"16":1.2344843149,"17":1.2344843149,"18":1.2344843149,"19":1.2344843149,"20":1.2344843149,"21":1.2344843149,"22":1.2344843149,"23":1.2344843149,"24":1.2344843149,"25":1.2344843149,"26":1.2344843149,"27":1.2344843149,"28":1.2344843149,"29":3.1954371929,"30":3.1954371929,"31":3.1954371929,"32":3.1954371929,"33":3.1954371929,"34":4.1954371929,"35":4.1954371929,"36":4.1954371929,"37":5.1954371929,"38":5.1954371929,"39":6.1954371929,"40":6.1954371929,"41":6.1954371929,"42":7.1954371929,"43":7.1954371929,"44":8.1954371929,"45":8.1954371929,"46":8.1954371929,"47":9.1954371929,"48":9.1954371929,"49":10.1954371929,"50":10.1954371929,"51":11.1954371929,"52":11.1954371929,"53":11.1954371929,"54":12.1954371929,"55":12.1954371929,"56":13.1954371929,"57":13.1954371929,"58":14.1954371929,"59":14.1954371929,"60":14.1954371929,"61":15.1954371929,"62":15.1954371929,"63":16.1954371929}}