{"x":{"0":-3.567107439,"1":-3.567107439,"2":-3.567107439,"3":-3.567107439,"4":-3.567107439,"5":-3.567158699,"6":-3.5672869682,"7":-3.5673594475,"8":-3.5673985481,"9":-3.5674219131,"10":-3.5674357414,"11":-3.5674440861,"12":-3.5674498081,"13":-3.5674524307,"14":-3.5674579144,"15":-3.5674636364,"16":-3.5674669743,"17":-3.5674684048,"18":-3.5674695969,"19":-3.5674703121,"20":-3.5674710274,"21":-3.5674712658,"22":-3.5674712658,"23":-3.5674712658,"24":-3.5674715042,"25":-3.572149992,"26":-3.5934083462,"27":-3.6335113049,"28":-3.6943936348,"29":-3.7709667683,"30":-3.8641281128,"31":-3.9667143822,"32":-4.0760593414,"33":-4.1915597916,"34":-4.3114652634,"35":-4.4344477654,"36":-4.5606341362,"37":-4.6888694763,"38":-4.8183097839,"39":-4.9492969513,"40":-5.0798120499,"41":-5.2073907852,"42":-5.3307342529,"43":-5.4485039711,"44":-5.562374115,"45":-5.6750249863,"46":-5.7899260521,"47":-5.9072976112,"48":-6.0233035088,"49":-6.1359710693,"50":-6.24715662,"51":-6.3516788483,"52":-6.4496226311,"53":-6.542119503,"54":-6.6288290024,"55":-6.7091197968,"56":-6.7843813896,"57":-6.8552036285,"58":-6.9216561317},"y":{"0":220.942489624,"1":220.942489624,"2":220.942489624,"3":220.942489624,"4":220.942489624,"5":220.9416809082,"6":220.9417114258,"7":220.941986084,"8":220.9421844482,"9":220.9423370361,"10":220.9424133301,"11":220.9424743652,"12":220.942489624,"13":220.942489624,"14":220.9425201416,"15":220.9425201416,"16":220.9425201416,"17":220.9425201416,"18":220.9425201416,"19":220.9425201416,"20":220.9425201416,"21":220.9425201416,"22":220.9425201416,"23":220.9425201416,"24":220.9425201416,"25":220.9081726074,"26":220.7625274658,"27":220.518447876,"28":220.1960296631,"29":219.8157806396,"30":219.3990936279,"31":218.9596862793,"32":218.5068054199,"33":218.0459594727,"34":217.5793914795,"35":217.1081390381,"36":216.6328735352,"37":216.153427124,"38":215.6697540283,"39":215.1820068359,"40":214.6902160645,"41":214.1995697021,"42":213.7089996338,"43":213.2179870605,"44":212.7268371582,"45":212.2340545654,"46":211.7271270752,"47":211.2106323242,"48":210.6879119873,"49":210.1581726074,"50":209.62159729,"51":209.0773773193,"52":208.5256958008,"53":207.9668731689,"54":207.4010620117,"55":206.8284912109,"56":206.2494812012,"57":205.6644287109,"58":205.0735168457},"z":{"0":1.2638585567,"1":1.1088317633,"2":0.8560167551,"3":0.5055116415,"4":0.1815201938,"5":0.1903311461,"6":0.2146961987,"7":0.2325966954,"8":0.242985487,"9":0.2484173924,"10":0.251093179,"11":0.2523612678,"12":0.2529458702,"13":0.2530944049,"14":0.2532289326,"15":0.2533188462,"16":0.2533690631,"17":0.2533855438,"18":0.2533985376,"19":0.2534078062,"20":0.253413111,"21":0.2534151375,"22":0.2534163594,"23":0.2534163594,"24":0.2534178495,"25":0.2529346049,"26":0.2520756125,"27":0.2516136169,"28":0.251550138,"29":0.2517426908,"30":0.2520809174,"31":0.2524279654,"32":0.2527238131,"33":0.2529434562,"34":0.2530904412,"35":0.253182292,"36":0.2532369494,"37":0.2532677352,"38":0.2540640533,"39":0.2542672157,"40":0.2541175485,"41":0.2540379167,"42":0.2539845705,"43":0.2539556026,"44":0.2539400458,"45":0.2538920939,"46":0.2537603974,"47":0.2537329495,"48":0.2537472546,"49":0.2537557781,"50":0.2537581325,"51":0.2537620962,"52":0.2537652552,"53":0.2537676096,"54":0.2537712455,"55":0.253774941,"56":0.253777802,"57":0.2537808418,"58":0.2537842989},"yaw":{"0":-90.0679016113,"1":-90.0679016113,"2":-90.0679016113,"3":-90.0679016113,"4":-90.0679016113,"5":-90.0684051514,"6":-90.068359375,"7":-90.0680770874,"8":-90.0679244995,"9":-90.0678710938,"10":-90.0678710938,"11":-90.0678634644,"12":-90.0678634644,"13":-90.0678634644,"14":-90.0678634644,"15":-90.0678634644,"16":-90.0678634644,"17":-90.0678634644,"18":-90.0678634644,"19":-90.0678634644,"20":-90.0678634644,"21":-90.0678634644,"22":-90.0678634644,"23":-90.0678634644,"24":-90.0678634644,"25":-90.2629928589,"26":-91.0900802612,"27":-92.4811096191,"28":-94.3003845215,"29":-96.1372070312,"30":-97.9815368652,"31":-99.5299377441,"32":-100.7826080322,"33":-101.8228530884,"34":-102.6543579102,"35":-103.2940826416,"36":-103.8106079102,"37":-104.195892334,"38":-104.4572219849,"39":-104.649810791,"40":-104.7267074585,"41":-104.6789093018,"42":-104.4847106934,"43":-104.1416549683,"44":-103.7697219849,"45":-103.4536743164,"46":-103.215965271,"47":-103.0783157349,"48":-102.875869751,"49":-102.557144165,"50":-102.2423629761,"51":-101.7255935669,"52":-101.0914077759,"53":-100.438117981,"54":-99.7656021118,"55":-99.0626907349,"56":-98.4034347534,"57":-97.8007202148,"58":-97.2397994995},"c_route":{"0":false,"1":false,"2":false,"3":false,"4":false,"5":false,"6":false,"7":false,"8":false,"9":false,"10":false,"11":false,"12":false,"13":false,"14":false,"15":false,"16":false,"17":false,"18":false,"19":false,"20":false,"21":false,"22":false,"23":false,"24":false,"25":false,"26":false,"27":false,"28":false,"29":false,"30":false,"31":false,"32":false,"33":false,"34":false,"35":false,"36":false,"37":false,"38":false,"39":false,"40":false,"41":false,"42":false,"43":false,"44":false,"45":false,"46":false,"47":false,"48":false,"49":false,"50":false,"51":false,"52":false,"53":false,"54":false,"55":false,"56":false,"57":false,"58":false},"done":{"0":false,"1":false,"2":false,"3":false,"4":false,"5":false,"6":false,"7":false,"8":false,"9":false,"10":false,"11":false,"12":false,"13":false,"14":false,"15":false,"16":false,"17":false,"18":false,"19":false,"20":false,"21":false,"22":false,"23":false,"24":false,"25":false,"26":false,"27":false,"28":false,"29":false,"30":false,"31":false,"32":false,"33":false,"34":false,"35":false,"36":false,"37":false,"38":false,"39":false,"40":false,"41":false,"42":false,"43":false,"44":false,"45":false,"46":false,"47":false,"48":false,"49":false,"50":false,"51":false,"52":false,"53":false,"54":false,"55":false,"56":false,"57":false,"58":true},"route_completed_in_m":{"0":0.0,"1":0.0,"2":0.0,"3":0.0,"4":0.0,"5":0.0,"6":0.0,"7":0.0,"8":0.0,"9":0.0,"10":0.0,"11":0.0,"12":0.0,"13":0.0,"14":0.0,"15":0.0,"16":0.0,"17":0.0,"18":0.0,"19":0.0,"20":0.0,"21":0.0,"22":0.0,"23":0.0,"24":0.0,"25":0.0,"26":1.0,"27":1.0,"28":1.0,"29":2.0,"30":2.0,"31":3.0,"32":3.0,"33":4.0,"34":4.0,"35":5.0,"36":5.0,"37":6.0,"38":6.0,"39":7.0,"40":7.0,"41":7.0,"42":8.0,"43":8.0,"44":10.0,"45":10.0,"46":10.0,"47":11.0,"48":11.0,"49":12.0,"50":12.0,"51":13.0,"52":13.0,"53":14.0,"54":14.0,"55":15.0,"56":16.0,"57":16.0,"58":17.0}}