{"x":{"0":177.4793548584,"1":177.4793548584,"2":177.4793548584,"3":177.4793548584,"4":177.4793548584,"5":177.4784545898,"6":177.4785461426,"7":177.4788208008,"8":177.479095459,"9":177.4792480469,"10":177.4793395996,"11":177.479385376,"12":177.4794158936,"13":177.4794158936,"14":177.4794158936,"15":177.4794311523,"16":177.4794311523,"17":177.4794311523,"18":177.4794311523,"19":177.4794311523,"20":177.4794311523,"21":177.4794311523,"22":177.4794311523,"23":177.4794311523,"24":177.4794311523,"25":177.4463500977,"26":177.3142700195,"27":177.1107788086,"28":176.8604125977,"29":176.5795288086,"30":176.2789001465,"31":175.9655456543,"32":175.6434783936,"33":175.3145141602,"34":174.9796447754,"35":174.6392364502,"36":174.2932128906,"37":173.9414978027,"38":173.5839538574,"39":173.220993042,"40":172.8529968262,"41":172.480682373,"42":172.1049041748,"43":171.7263031006,"44":171.3452758789,"45":170.9623413086,"46":170.5785369873,"47":170.1941375732,"48":169.80859375,"49":169.4220733643,"50":169.0352172852,"51":168.6469726562,"52":168.2572784424,"53":167.8666229248,"54":167.4756774902,"55":167.0846405029,"56":166.6935577393,"57":166.3013000488,"58":165.9124755859,"59":165.5275878906,"60":165.1453094482,"61":164.7635650635,"62":164.3829650879,"63":164.0071868896,"64":163.6368713379,"65":163.2662506104,"66":162.8946228027,"67":162.5216522217,"68":162.1480407715,"69":161.774307251,"70":161.3988800049,"71":161.0266876221,"72":160.657623291},"y":{"0":237.2279205322,"1":237.2279205322,"2":237.2279205322,"3":237.2279205322,"4":237.2279205322,"5":237.2275390625,"6":237.2276763916,"7":237.2278442383,"8":237.2279510498,"9":237.2279815674,"10":237.2280426025,"11":237.2281036377,"12":237.2281188965,"13":237.2281341553,"14":237.2281341553,"15":237.2281341553,"16":237.2281646729,"17":237.2281646729,"18":237.2281646729,"19":237.2281646729,"20":237.2281646729,"21":237.2281646729,"22":237.2281646729,"23":237.2281646729,"24":237.2281646729,"25":237.2231140137,"26":237.2017364502,"27":237.1662902832,"28":237.1203460693,"29":237.0712890625,"30":237.0249786377,"31":236.9820861816,"32":236.9407196045,"33":236.9004669189,"34":236.8608398438,"35":236.8208465576,"36":236.7811431885,"37":236.7423400879,"38":236.7073822021,"39":236.6774291992,"40":236.6522064209,"41":236.6268768311,"42":236.5973510742,"43":236.5646820068,"44":236.5311431885,"45":236.4956817627,"46":236.4543304443,"47":236.4070129395,"48":236.3579406738,"49":236.3065948486,"50":236.2495422363,"51":236.1925201416,"52":236.1372375488,"53":236.0819244385,"54":236.0237579346,"55":235.9625549316,"56":235.8981781006,"57":235.8349761963,"58":235.7706451416,"59":235.6917266846,"60":235.6012420654,"61":235.5057830811,"62":235.4048614502,"63":235.297454834,"64":235.1845855713,"65":235.0704498291,"66":234.9567718506,"67":234.8462219238,"68":234.7382507324,"69":234.6317138672,"70":234.532989502,"71":234.4412384033,"72":234.3466339111},"z":{"0":1.2638585567,"1":1.1088317633,"2":0.8560167551,"3":0.5055116415,"4":0.1815201491,"5":0.1903385073,"6":0.2146990597,"7":0.2325940281,"8":0.2429813743,"9":0.2484139204,"10":0.2510908544,"11":0.2523599565,"12":0.2529452443,"13":0.2530938983,"14":0.2532286346,"15":0.2533186376,"16":0.2533689737,"17":0.2533854544,"18":0.2533985972,"19":0.2534078062,"20":0.2534131706,"21":0.2534150779,"22":0.2534163594,"23":0.2534163594,"24":0.2534178793,"25":0.2529546916,"26":0.252225399,"27":0.2519837916,"28":0.252099067,"29":0.2523554265,"30":0.252624929,"31":0.2528509796,"32":0.2530164421,"33":0.2531267107,"34":0.2531955242,"35":0.2532352507,"36":0.2532562912,"37":0.2532671988,"38":0.2532756627,"39":0.2532839775,"40":0.253292948,"41":0.2533006668,"42":0.2533102036,"43":0.2533220649,"44":0.2533345819,"45":0.2533468306,"46":0.2533596456,"47":0.2533696294,"48":0.2533742189,"49":0.2533771396,"50":0.2533811927,"51":0.2533799708,"52":0.2533804774,"53":0.2533832788,"54":0.253387332,"55":0.2533911169,"56":0.2533938289,"57":0.2683284581,"58":0.2756376565,"59":0.2779508531,"60":0.2785735726,"61":0.2786869407,"62":0.2786856294,"63":0.2804198265,"64":0.2884097099,"65":0.2957847118,"66":0.3003896177,"67":0.30291453,"68":0.3042205274,"69":0.3048713505,"70":0.3086073697,"71":0.3241990507,"72":0.3293781579},"yaw":{"0":-179.8026885986,"1":-179.8026885986,"2":-179.8026885986,"3":-179.8026885986,"4":-179.8026885986,"5":-179.8023071289,"6":-179.8022003174,"7":-179.8022003174,"8":-179.8022460938,"9":-179.8023071289,"10":-179.8023223877,"11":-179.8023529053,"12":-179.8023529053,"13":-179.8023681641,"14":-179.8023681641,"15":-179.8023681641,"16":-179.8023681641,"17":-179.8023681641,"18":-179.8023681641,"19":-179.8023529053,"20":-179.8023529053,"21":-179.8023529053,"22":-179.8023529053,"23":-179.8023529053,"24":-179.8023529053,"25":-179.596282959,"26":-178.7733764648,"27":-177.5499572754,"28":-176.1856689453,"29":-175.0280609131,"30":-174.2695007324,"31":-173.8427276611,"32":-173.5951843262,"33":-173.4712982178,"34":-173.4233703613,"35":-173.3951416016,"36":-173.4098052979,"37":-173.4799346924,"38":-173.709777832,"39":-174.0969696045,"40":-174.5878143311,"41":-174.9632263184,"42":-175.0935211182,"43":-175.0826416016,"44":-175.0528564453,"45":-174.9629058838,"46":-174.6702423096,"47":-174.2286529541,"48":-173.8463439941,"49":-173.4784698486,"50":-172.9876251221,"51":-172.6377410889,"52":-172.4552154541,"53":-172.3204956055,"54":-172.1123504639,"55":-171.8443603516,"56":-171.5272064209,"57":-171.4156494141,"58":-171.0853881836,"59":-170.3470916748,"60":-169.3744049072,"61":-168.4816131592,"62":-167.6116333008,"63":-166.6192626953,"64":-165.7097473145,"65":-164.9743347168,"66":-164.4552001953,"67":-164.2056427002,"68":-164.1224060059,"69":-164.1128845215,"70":-164.3360137939,"71":-164.9645843506,"72":-165.2085266113},"c_route":{"0":false,"1":false,"2":false,"3":false,"4":false,"5":false,"6":false,"7":false,"8":false,"9":false,"10":false,"11":false,"12":false,"13":false,"14":false,"15":false,"16":false,"17":false,"18":false,"19":false,"20":false,"21":false,"22":false,"23":false,"24":false,"25":false,"26":false,"27":false,"28":false,"29":false,"30":false,"31":false,"32":false,"33":false,"34":false,"35":false,"36":false,"37":false,"38":false,"39":false,"40":false,"41":false,"42":false,"43":false,"44":false,"45":false,"46":false,"47":false,"48":false,"49":false,"50":false,"51":false,"52":false,"53":false,"54":false,"55":false,"56":false,"57":false,"58":false,"59":false,"60":false,"61":false,"62":false,"63":false,"64":false,"65":false,"66":false,"67":false,"68":false,"69":false,"70":false,"71":false,"72":false},"done":{"0":false,"1":false,"2":false,"3":false,"4":false,"5":false,"6":false,"7":false,"8":false,"9":false,"10":false,"11":false,"12":false,"13":false,"14":false,"15":false,"16":false,"17":false,"18":false,"19":false,"20":false,"21":false,"22":false,"23":false,"24":false,"25":false,"26":false,"27":false,"28":false,"29":false,"30":false,"31":false,"32":false,"33":false,"34":false,"35":false,"36":false,"37":false,"38":false,"39":false,"40":false,"41":false,"42":false,"43":false,"44":false,"45":false,"46":false,"47":false,"48":false,"49":false,"50":false,"51":false,"52":false,"53":false,"54":false,"55":false,"56":false,"57":false,"58":false,"59":false,"60":false,"61":false,"62":false,"63":false,"64":false,"65":false,"66":false,"67":false,"68":false,"69":false,"70":false,"71":false,"72":true},"route_completed_in_m":{"0":1.0000001192,"1":1.0000001192,"2":1.0000001192,"3":1.0000001192,"4":1.0000001192,"5":1.0000001192,"6":1.0000001192,"7":1.0000001192,"8":1.0000001192,"9":1.0000001192,"10":1.0000001192,"11":1.0000001192,"12":1.0000001192,"13":1.0000001192,"14":1.0000001192,"15":1.0000001192,"16":1.0000001192,"17":1.0000001192,"18":1.0000001192,"19":1.0000001192,"20":1.0000001192,"21":1.0000001192,"22":1.0000001192,"23":1.0000001192,"24":1.0000001192,"25":1.0000001192,"26":1.0000001192,"27":1.0000001192,"28":1.0000001192,"29":2.0000002384,"30":2.0000002384,"31":2.0000002384,"32":3.0000003576,"33":3.0000003576,"34":3.0000003576,