{"x":{"0":88.4655914307,"1":88.4655914307,"2":88.4655914307,"3":88.4655914307,"4":88.4655914307,"5":88.4646987915,"6":88.4647445679,"7":88.465057373,"8":88.4652709961,"9":88.4654159546,"10":88.4655075073,"11":88.4655456543,"12":88.4655761719,"13":88.4655761719,"14":88.4655838013,"15":88.4655914307,"16":88.4655914307,"17":88.4655914307,"18":88.4655914307,"19":88.4655914307,"20":88.4655914307,"21":88.4655914307,"22":88.4655914307,"23":88.4655914307,"24":88.4655914307,"25":88.4324035645,"26":88.3031311035,"27":88.1099853516,"28":87.8790435791,"29":87.6261825562,"30":87.3598403931,"31":87.0843658447,"32":86.8022460938,"33":86.5144119263,"34":86.2216186523,"35":85.9243621826,"36":85.6234970093,"37":85.3188934326,"38":85.0108184814,"39":84.6991958618,"40":84.3842010498,"41":84.06640625,"42":83.7456817627,"43":83.4220428467,"44":83.0954055786,"45":82.7654266357,"46":82.4319534302,"47":82.0951919556,"48":81.7554702759,"49":81.4128799438,"50":81.0676116943,"51":80.7201385498,"52":80.3708496094,"53":80.019821167,"54":79.6668014526,"55":79.3115386963,"56":78.9543380737,"57":78.595451355,"58":78.23462677,"59":77.8724899292,"60":77.5097198486,"61":77.1463088989,"62":76.7825775146,"63":76.4186172485,"64":76.0592346191,"65":75.702041626,"66":75.3434448242,"67":74.982749939,"68":74.6193389893,"69":74.2572784424,"70":73.8962478638,"71":73.5332260132,"72":73.1690139771,"73":72.805015564,"74":72.4405899048,"75":72.0757293701,"76":71.7116317749,"77":71.3462371826,"78":70.9879074097,"79":70.6341018677,"80":70.2787704468,"81":69.9221115112,"82":69.5644226074,"83":69.2057189941,"84":68.8458557129,"85":68.4913330078,"86":68.1362991333,"87":67.780166626,"88":67.4235992432},"y":{"0":188.188079834,"1":188.188079834,"2":188.188079834,"3":188.188079834,"4":188.188079834,"5":188.1878662109,"6":188.18800354,"7":188.1881256104,"8":188.1882171631,"9":188.1882171631,"10":188.1882629395,"11":188.188293457,"12":188.1883392334,"13":188.1883392334,"14":188.1883544922,"15":188.1883544922,"16":188.1883544922,"17":188.1883544922,"18":188.1883544922,"19":188.1883544922,"20":188.1883544922,"21":188.1883544922,"22":188.1883544922,"23":188.1883544922,"24":188.1883544922,"25":188.1849365234,"26":188.1707611084,"27":188.1485290527,"28":188.1202697754,"29":188.0872039795,"30":188.0507354736,"31":188.012298584,"32":187.9718322754,"33":187.9316711426,"34":187.8918762207,"35":187.8517303467,"36":187.8079681396,"37":187.7622833252,"38":187.714630127,"39":187.666809082,"40":187.6188049316,"41":187.568359375,"42":187.5173034668,"43":187.4658355713,"44":187.4143829346,"45":187.3657226562,"46":187.3222045898,"47":187.283203125,"48":187.2467346191,"49":187.2138824463,"50":187.1828155518,"51":187.149230957,"52":187.1114654541,"53":187.0708007812,"54":187.0297088623,"55":186.990020752,"56":186.9485473633,"57":186.9037780762,"58":186.8579864502,"59":186.8084564209,"60":186.7530822754,"61":186.6925506592,"62":186.6259155273,"63":186.5539550781,"64":186.4774169922,"65":186.3893127441,"66":186.2969055176,"67":186.2030944824,"68":186.1113433838,"69":186.0234375,"70":185.9364471436,"71":185.8410339355,"72":185.7439575195,"73":185.6433410645,"74":185.5417022705,"75":185.4395599365,"76":185.3336486816,"77":185.2318115234,"78":185.1239624023,"79":185.008682251,"80":184.897064209,"81":184.7888641357,"82":184.6843261719,"83":184.584197998,"84":184.4896850586,"85":184.4090423584,"86":184.3193511963,"87":184.2283477783,"88":184.1377258301},"z":{"0":1.263858676,"1":1.1088318825,"2":0.8560168147,"3":0.5055117011,"4":0.1815202236,"5":0.1903364211,"6":0.2146997005,"7":0.2325951755,"8":0.2429819852,"9":0.2484142631,"10":0.251091212,"11":0.2523600757,"12":0.2529452741,"13":0.2530940473,"14":0.253228724,"15":0.2533186674,"16":0.2533690333,"17":0.2533855736,"18":0.2533985376,"19":0.2534079254,"20":0.2534132004,"21":0.2534151077,"22":0.2534163892,"23":0.2534163892,"24":0.2534178495,"25":0.252954483,"26":0.2522623241,"27":0.252086401,"28":0.2522526979,"29":0.252527833,"30":0.2527810633,"31":0.2529717684,"32":0.253103435,"33":0.2531866729,"34":0.2532387376,"35":0.2532709837,"36":0.2532923818,"37":0.253305167,"38":0.2533140779,"39":0.2533204257,"40":0.2533257902,"41":0.2533312142,"42":0.2533350587,"43":0.2533381879,"44":0.25333938,"45":0.2533403635,"46":0.2533428967,"47":0.2533456087,"48":0.2533474267,"49":0.2533507049,"50":0.2533521652,"51":0.2533527613,"52":0.2533548772,"53":0.2533576488,"54":0.253359437,"55":0.2533601224,"56":0.2533600926,"57":0.2533604801,"58":0.2533610463,"59":0.2533641458,"60":0.2533698678,"61":0.2533737123,"62":0.2533775568,"63":0.2662055194,"64":0.2750346065,"65":0.2777931094,"66":0.2785270214,"67":0.2786638141,"68":0.2786527872,"69":0.2871954739,"70":0.2995571792,"71":0.3035071492,"72":0.3048048317,"73":0.3052417934,"74":0.3053835332,"75":0.3054334223,"76":0.3054576814,"77":0.3091129959,"78":0.325302124,"79":0.3302153349,"80":0.3312764764,"81":0.3312972188,"82":0.3311330974,"83":0.3309954405,"84":0.3309103847,"85":0.3478608727,"86":0.3547852337,"87":0.3568850756,"88":0.3574978113},"yaw":{"0":179.9535064697,"1":179.9535064697,"2":179.9535064697,"3":179.9535064697,"4":179.9535064697,"5":179.9536132812,"6":179.9537200928,"7":179.9537963867,"8":179.9537963867,"9":179.9537811279,"10":179.9537811279,"11":179.9537353516,"12":179.9537200928,"13":179.9537200928,"14":179.9537200928,"15":179.9537200928,"16":179.9537200928,"17":179.9537200928,"18":179.9537200928,"19":179.9537353516,"20":179.9537353516,"21":179.9537353516,"22":179.9537353516,"23":179.9537353516,"24":179.9537353516,"25":-179.90234375,"26":-179.3417816162,"27":-178.554473877,"28":-177.6835021973,"29":-176.8022613525,"30":-175.9732971191,"31":-175.2447967529,"32":-174.5962219238,"33":-174.1044616699,"34":-173.7420654297,"35":-173.4557800293,"36":-173.1002960205,"37":-172.7635650635,"38":-172.438659668,"39":-172.1957092285,"40":-172.0136566162,"41":-171.7893066406,"42":-171.6089630127,"43":-171.4690551758,"44":-171.3777770996,"45":-171.4339752197,"46":-171.6948547363,"47":-172.083694458,"48":-172.4937896729,"49":-172.9620666504,"50":-173.4004821777,"51":-173.6471099854,"52":-173.6833648682,"53":-173.6118011475,"54":-173.5530700684,"55":-173.5727539062,"56":-173.5250396729,"57":-173.3678741455,"58":-173.2210388184,"59":-172.97215271,"60":-172.5626373291,"61":-172.0631103516,"62":-171.4559173584,"63":-170.8845672607,"64":-170.0155334473,"65":-169.0285186768,"66":-168.1691741943,"67":-167.4942779541,"68":-167.0926818848,"69":-166.4966278076,"70":-166.0196990967,"71":-165.7897644043,"72":-165.6044921875,"73":-165.3324432373,"74":-165.099899292,"75":-164.9131011963,"76":-164.6231384277,"77":-164.4826965332,"78":-164.297454834,"79":-163.7825927734,"80":-163.50050354,"81":-163.4217681885,"82":-163.505859375,"83":-163.741027832,"84":-164.1376800537,"85":-164.1902160645,"86":-164.5876464844,"87":-164.8592529297,"88":-165.0779418945},"c_route":{"0":false,"1":false,"2":false,"3":false,"4":false,"5":false,"6":false,"7":false,"8":false,"9":false,"10":false,"11":false,"12":false,"13":false,"14":false,"15":false,"16":false,"17":false,"18":false,"19":false,"20":false,"21":false,"22":false,"23":false,"24":false,"25":false,"26":false,"27":false,"28":false,"29":false,"30":false,"31":false,"32":false,"33":false,"34":false,"35":false,"36":false,"37":false,"38":false,"39":false,"40":false,"41":false,"42":false,"43":false,"44":false,"45":false,"46":false,"47":false,"48":false,"49":false,"50":false,"51":false,"52":false,"53":false,"54":false,"55":false,"56":false,"57":false,"58":false,"59":false,"60":false,"61":false,"62":false,"63":false,"64":false,"65":false,"66":false,"67":false,"68":false,"69":false,"70":false,"71":false,"72":false,"73":false,"74":false,"75":false,"76":false,"77":false,"78":false,"79":false,"80":false,"81":false,"82":false,"83":false,"84":false,"85":false,"86":false,"87":false,"88":false},"done":{"0":false,"1":false,"2":false,"3":false,"4":false,"5":false,"6":false,"7":false,"8":false,"9":false,"10":false,"11":false,"12":false,"13":false,"14":false,