{"x":{"0":45.6946372986,"1":45.6946372986,"2":45.6946372986,"3":45.6946372986,"4":45.6946372986,"5":45.6944999695,"6":45.694393158,"7":45.6943054199,"8":45.6942558289,"9":45.6942329407,"10":45.6942176819,"11":45.6942062378,"12":45.6942138672,"13":45.6942062378,"14":45.6941986084,"15":45.6941947937,"16":45.6941871643,"17":45.6941871643,"18":45.6941833496,"19":45.6941833496,"20":45.6941833496,"21":45.6941833496,"22":45.6941833496,"23":45.6941833496,"24":45.6941833496,"25":45.6968345642,"26":45.7075462341,"27":45.7238311768,"28":45.7427368164,"29":45.761554718,"30":45.7793769836,"31":45.7966880798,"32":45.8135490417,"33":45.8310775757,"34":45.8487052917,"35":45.8660392761,"36":45.8826637268,"37":45.8991546631,"38":45.915927887,"39":45.9321022034,"40":45.9457130432,"41":45.9578666687,"42":45.9686279297,"43":45.9786376953,"44":45.9886360168,"45":45.997882843,"46":46.0071601868,"47":46.015750885,"48":46.0245704651,"49":46.0346717834,"50":46.0456123352,"51":46.0565567017,"52":46.0669898987,"53":46.0772628784,"54":46.0883865356,"55":46.0995788574,"56":46.1107406616,"57":46.122631073,"58":46.1347007751,"59":46.1463851929,"60":46.1570587158,"61":46.1684837341,"62":46.1806716919,"63":46.1919021606,"64":46.2031059265,"65":46.2156257629,"66":46.2299385071,"67":46.2465362549,"68":46.2644538879,"69":46.2819404602,"70":46.2994117737,"71":46.3170089722,"72":46.334197998,"73":46.3503074646,"74":46.3681221008,"75":46.3890037537,"76":46.4119033813,"77":46.4349861145,"78":46.4581108093,"79":46.4812355042,"80":46.5059013367,"81":46.5300865173,"82":46.5534362793,"83":46.5781402588,"84":46.6057548523,"85":46.6375389099,"86":46.6708450317,"87":46.7061920166,"88":46.7461357117,"89":46.7895050049,"90":46.8352851868,"91":46.8842353821,"92":46.9354743958,"93":46.9756889343,"94":47.022808075,"95":47.0745124817,"96":47.1293411255,"97":47.1874160767,"98":47.247428894,"99":47.3091239929,"100":47.3678359985},"y":{"0":285.5375671387,"1":285.5375671387,"2":285.5375671387,"3":285.5375671387,"4":285.5375671387,"5":285.5366821289,"6":285.5367431641,"7":285.5370178223,"8":285.5372924805,"9":285.5374450684,"10":285.5375061035,"11":285.5375671387,"12":285.5375976562,"13":285.5375976562,"14":285.5375976562,"15":285.5375976562,"16":285.5375976562,"17":285.5375976562,"18":285.5375976562,"19":285.5375976562,"20":285.5375976562,"21":285.5375976562,"22":285.5375976562,"23":285.5375976562,"24":285.5375976562,"25":285.5045471191,"26":285.3779296875,"27":285.1926574707,"28":284.9743652344,"29":284.7369384766,"30":284.4873046875,"31":284.2289733887,"32":283.9636230469,"33":283.6922607422,"34":283.4153747559,"35":283.1333007812,"36":282.846282959,"37":282.5546264648,"38":282.2584533691,"39":281.9579467773,"40":281.6532592773,"41":281.3446044922,"42":281.0322265625,"43":280.7163085938,"44":280.3969421387,"45":280.07421875,"46":279.7483825684,"47":279.4194946289,"48":279.0877990723,"49":278.7533874512,"50":278.4164733887,"51":278.0771179199,"52":277.7354125977,"53":277.3915405273,"54":277.0455322266,"55":276.6974487305,"56":276.3473205566,"57":275.995300293,"58":275.641418457,"59":275.2857666016,"60":274.9283752441,"61":274.5693969727,"62":274.2088317871,"63":273.8465576172,"64":273.4826049805,"65":273.1170043945,"66":272.749786377,"67":272.3810424805,"68":272.0107727051,"69":271.6390075684,"70":271.2658691406,"71":270.8915100098,"72":270.5159301758,"73":270.1391296387,"74":269.7612304688,"75":269.3822631836,"76":269.0020141602,"77":268.620300293,"78":268.2370300293,"79":267.8524169922,"80":267.4663391113,"81":267.078704834,"82":266.689453125,"83":266.2986755371,"84":265.906463623,"85":265.5130004883,"86":265.1178894043,"87":264.721282959,"88":264.3235778809,"89":263.9248046875,"90":263.5250244141,"91":263.1246032715,"92":262.7236022949,"93":262.3207397461,"94":261.921081543,"95":261.5219116211,"96":261.1225585938,"97":260.7229614258,"98":260.3227844238,"99":259.9234008789,"100":259.5270690918},"z":{"0":1.2638585567,"1":1.1088317633,"2":0.8560166955,"3":0.5055115819,"4":0.1815200001,"5":0.1903312206,"6":0.214699775,"7":0.2325960845,"8":0.2429827899,"9":0.2484146506,"10":0.2510913908,"11":0.2523601353,"12":0.2529451251,"13":0.2530938685,"14":0.2532284856,"15":0.2533185184,"16":0.2533688247,"17":0.2533853352,"18":0.2533983886,"19":0.2534076273,"20":0.253412962,"21":0.2534149587,"22":0.2534161806,"23":0.2534161806,"24":0.2534177601,"25":0.2529562414,"26":0.2522929013,"27":0.2521576285,"28":0.2523435652,"29":0.2526102662,"30":0.2528422773,"31":0.2530105412,"32":0.253121227,"33":0.2531911433,"34":0.2532340288,"35":0.2532606721,"36":0.2532775402,"37":0.2532887161,"38":0.2532967031,"39":0.2533028722,"40":0.253308773,"41":0.2533138096,"42":0.2533185184,"43":0.2533227205,"44":0.2533260584,"45":0.2533294261,"46":0.2533327043,"47":0.2533359528,"48":0.2533393502,"49":0.2533425093,"50":0.2533456683,"51":0.253348738,"52":0.2533516586,"53":0.253354609,"54":0.2533568442,"55":0.2533586919,"56":0.2533602715,"57":0.2533619702,"58":0.2533637881,"59":0.2533656657,"60":0.2533675432,"61":0.2533690631,"62":0.2533698678,"63":0.253370136,"64":0.2533700168,"65":0.2533698082,"66":0.2533696592,"67":0.2533702552,"68":0.2533712089,"69":0.2533726096,"70":0.253374666,"71":0.2533768415,"72":0.2533786297,"73":0.2533800006,"74":0.2533805072,"75":0.2533803582,"76":0.2533786297,"77":0.2533766627,"78":0.2533753514,"79":0.2533747554,"80":0.2533743978,"81":0.2533734441,"82":0.253372401,"83":0.253371805,"84":0.2533713579,"85":0.2533712983,"86":0.253369987,"87":0.2533698976,"88":0.2533721626,"89":0.253374368,"90":0.25337708,"91":0.2533814609,"92":0.2533851266,"93":0.2674387693,"94":0.2739286125,"95":0.276701659,"96":0.2778488398,"97":0.2782357335,"98":0.2782061398,"99":0.2789575458,"100":0.2870213389},"yaw":{"0":-89.9750366211,"1":-89.9750366211,"2":-89.9750366211,"3":-89.9750366211,"4":-89.9750366211,"5":-89.9752960205,"6":-89.9752197266,"7":-89.9750366211,"8":-89.9750366211,"9":-89.9750366211,"10":-89.9750442505,"11":-89.9750366211,"12":-89.9750366211,"13":-89.9750366211,"14":-89.9750366211,"15":-89.9750366211,"16":-89.9750366211,"17":-89.9750366211,"18":-89.9750366211,"19":-89.9750366211,"20":-89.9750366211,"21":-89.9750366211,"22":-89.9750366211,"23":-89.9750366211,"24":-89.9750366211,"25":-89.8657150269,"26":-89.4473114014,"27":-88.8773880005,"28":-88.3101348877,"29":-87.8560791016,"30":-87.5327072144,"31":-87.2968673706,"32":-87.1315155029,"33":-86.9802856445,"34":-86.8648910522,"35":-86.7936782837,"36":-86.7736816406,"37":-86.7722396851,"38":-86.7692871094,"39":-86.8003997803,"40":-86.9345703125,"41":-87.103515625,"42":-87.2977828979,"43":-87.485534668,"44":-87.6385803223,"45":-87.7941894531,"46":-87.9190063477,"47":-88.0477905273,"48":-88.142326355,"49":-88.1685409546,"50":-88.160774231,"51":-88.1589355469,"52":-88.1805953979,"53":-88.2055053711,"54":-88.1935653687,"55":-88.1856079102,"56":-88.1831359863,"57":-88.1548461914,"58":-88.1292724609,"59":-88.1271591187,"60":-88.1671676636,"61":-88.1687545776,"62":-88.1422653198,"63":-88.1634063721,"64":-88.1813354492,"65":-88.145111084,"66":-88.0506591797,"67":-87.8938369751,"68":-87.7290039062,"69":-87.6259689331,"70":-87.5502929688,"71":-87.4903259277,"72":-87.4636306763,"73":-87.4872436523,"74":-87.4382324219,"75":-87.2854614258,"76":-87.0978469849,"77":-86.956413269,"78":-86.8524398804,"79":-86.7779769897,"80":-86.6647949219,"81":-86.6049499512,"82":-86.5966110229,"83":-86.5396118164,"84":-86.3879089355,"85":-86.119354248,"86":-85.8710021973,"87":-85.6145858765,"88":-85.2513275146,"89":-84.8593063354,"90":-84.4854736328,"91":-84.0928573608,"92":-83.722076416,"93":-83.8852996826,"94":-83.6400985718,"95":-83.3432922363,"96":-83.0267486572,"97":-82.6780319214,"98":-82.3632583618,"99":-82.0041427612,"100":-81.9043273926},"c_route":{"0":false,"1":false,"2":false,"3":false,"4":false,"5":false,"6":false,"7":false,"8":false,"9":false,"10":false,"11":false,"12":false,"13":false,"14":false,"15":false,"16":false,"17":false,"18":false,"19":false,"20":false,"21":false,"22":false,"23":false,"24":false,