{"x":{"0":87.217666626,"1":87.217666626,"2":87.217666626,"3":87.217666626,"4":87.217666626,"5":87.2167663574,"6":87.2168121338,"7":87.217124939,"8":87.217338562,"9":87.2174911499,"10":87.2175750732,"11":87.2176132202,"12":87.2176437378,"13":87.2176437378,"14":87.2176513672,"15":87.217666626,"16":87.217666626,"17":87.217666626,"18":87.217666626,"19":87.217666626,"20":87.217666626,"21":87.217666626,"22":87.217666626,"23":87.217666626,"24":87.217666626,"25":87.1853103638,"26":87.0632324219,"27":86.887260437,"28":86.681930542,"29":86.4601135254,"30":86.2278900146,"31":85.9880828857,"32":85.7420120239,"33":85.4903335571,"34":85.2334060669,"35":84.9717102051,"36":84.7056350708,"37":84.4353027344,"38":84.1612014771,"39":83.8836517334,"40":83.6029510498,"41":83.3193740845,"42":83.0331726074,"43":82.7445297241,"44":82.4536209106,"45":82.1606063843,"46":81.8653869629,"47":81.5680999756,"48":81.2688598633,"49":80.9673919678,"50":80.6639022827,"51":80.3583908081,"52":80.0509033203,"53":79.7420578003,"54":79.4320983887,"55":79.1214752197,"56":78.8100891113,"57":78.4968414307,"58":78.1828155518,"59":77.8715820312,"60":77.5598983765,"61":77.2468261719,"62":76.9334182739},"y":{"0":303.017364502,"1":303.017364502,"2":303.017364502,"3":303.017364502,"4":303.017364502,"5":303.0170593262,"6":303.0172119141,"7":303.0173034668,"8":303.0174255371,"9":303.0174255371,"10":303.0174865723,"11":303.0175170898,"12":303.0175476074,"13":303.0175476074,"14":303.017578125,"15":303.017578125,"16":303.017578125,"17":303.017578125,"18":303.017578125,"19":303.017578125,"20":303.017578125,"21":303.017578125,"22":303.017578125,"23":303.017578125,"24":303.017578125,"25":303.0135192871,"26":302.997253418,"27":302.9716796875,"28":302.9403076172,"29":302.9048156738,"30":302.8664245605,"31":302.8260803223,"32":302.7848815918,"33":302.7438964844,"34":302.704284668,"35":302.665802002,"36":302.6279296875,"37":302.5916442871,"38":302.5551147461,"39":302.5178833008,"40":302.4799499512,"41":302.440826416,"42":302.400970459,"43":302.3609008789,"44":302.320892334,"45":302.2803344727,"46":302.2393798828,"47":302.1965332031,"48":302.1510620117,"49":302.1046142578,"50":302.0564880371,"51":302.0073547363,"52":301.9573974609,"53":301.904083252,"54":301.8467102051,"55":301.7838745117,"56":301.7159423828,"57":301.6461181641,"58":301.5815124512,"59":301.508972168,"60":301.4298095703,"61":301.3458557129,"62":301.254699707},"z":{"0":1.2638585567,"1":1.1088317633,"2":0.8560168147,"3":0.5055116415,"4":0.1815200746,"5":0.1903370172,"6":0.2146993279,"7":0.2325947881,"8":0.2429815978,"9":0.2484141439,"10":0.251091063,"11":0.2523598671,"12":0.2529449761,"13":0.2530937493,"14":0.2532284856,"15":0.253318429,"16":0.2533688545,"17":0.2533853352,"18":0.253398478,"19":0.2534076869,"20":0.2534130514,"21":0.2534150183,"22":0.2534162402,"23":0.2534162402,"24":0.2534177005,"25":0.252967149,"26":0.2523368895,"27":0.2522301674,"28":0.2524234056,"29":0.2526831627,"30":0.2529017329,"31":0.253056109,"32":0.2531552017,"33":0.2532162666,"34":0.2532536983,"35":0.2532776892,"36":0.2532936037,"37":0.2533047497,"38":0.2533131242,"39":0.2533207536,"40":0.2533272505,"41":0.2533338368,"42":0.2533400357,"43":0.2533462346,"44":0.2533518076,"45":0.2533555031,"46":0.2533569634,"47":0.2533568144,"48":0.253356725,"49":0.2533564568,"50":0.2533572614,"51":0.2533585727,"52":0.2533602715,"53":0.2533631027,"54":0.2533659935,"55":0.2533694506,"56":0.2533711195,"57":0.2567674816,"58":0.2717401683,"59":0.2767624557,"60":0.278254509,"61":0.2786159515,"62":0.2786645591},"yaw":{"0":-179.9739837646,"1":-179.9739837646,"2":-179.9739837646,"3":-179.9739837646,"4":-179.9739837646,"5":-179.9737701416,"6":-179.9736785889,"7":-179.9735412598,"8":-179.9735565186,"9":-179.9735565186,"10":-179.9736022949,"11":-179.9736022949,"12":-179.9736175537,"13":-179.9736175537,"14":-179.9736175537,"15":-179.9736175537,"16":-179.9736175537,"17":-179.9736175537,"18":-179.9736175537,"19":-179.9736175537,"20":-179.9736175537,"21":-179.9736175537,"22":-179.9736175537,"23":-179.9736175537,"24":-179.9736175537,"25":-179.8048095703,"26":-179.1660003662,"27":-178.2584533691,"28":-177.2790679932,"29":-176.3123016357,"30":-175.4085845947,"31":-174.5987091064,"32":-173.912322998,"33":-173.372833252,"34":-173.0035247803,"35":-172.7629699707,"36":-172.6086730957,"37":-172.564956665,"38":-172.5366821289,"39":-172.5025177002,"40":-172.462387085,"41":-172.4001312256,"42":-172.3371887207,"43":-172.2908477783,"44":-172.2672576904,"45":-172.2387084961,"46":-172.2101898193,"47":-172.1259765625,"48":-171.9684448242,"49":-171.8196258545,"50":-171.648651123,"51":-171.486328125,"52":-171.3379974365,"53":-171.0983886719,"54":-170.7606964111,"55":-170.2892608643,"56":-169.7336120605,"57":-169.3331604004,"58":-169.0254364014,"59":-168.5011138916,"60":-167.8965454102,"61":-167.2667541504,"62":-166.5059661865},"c_route":{"0":false,"1":false,"2":false,"3":false,"4":false,"5":false,"6":false,"7":false,"8":false,"9":false,"10":false,"11":false,"12":false,"13":false,"14":false,"15":false,"16":false,"17":false,"18":false,"19":false,"20":false,"21":false,"22":false,"23":false,"24":false,"25":false,"26":false,"27":false,"28":false,"29":false,"30":false,"31":false,"32":false,"33":false,"34":false,"35":false,"36":false,"37":false,"38":false,"39":false,"40":false,"41":false,"42":false,"43":false,"44":false,"45":false,"46":false,"47":false,"48":false,"49":false,"50":false,"51":false,"52":false,"53":false,"54":false,"55":false,"56":false,"57":false,"58":false,"59":false,"60":false,"61":false,"62":false},"done":{"0":false,"1":false,"2":false,"3":false,"4":false,"5":false,"6":false,"7":false,"8":false,"9":false,"10":false,"11":false,"12":false,"13":false,"14":false,"15":false,"16":false,"17":false,"18":false,"19":false,"20":false,"21":false,"22":false,"23":false,"24":false,"25":false,"26":false,"27":false,"28":false,"29":false,"30":false,"31":false,"32":false,"33":false,"34":false,"35":false,"36":false,"37":false,"38":false,"39":false,"40":false,"41":false,"42":false,"43":false,"44":false,"45":false,"46":false,"47":false,"48":false,"49":false,"50":false,"51":false,"52":false,"53":false,"54":false,"55":false,"56":false,"57":false,"58":false,"59":false,"60":false,"61":false,"62":true},"route_completed_in_m":{"0":0.0,"1":0.0,"2":0.0,"3":0.0,"4":0.0,"5":0.0,"6":0.0,"7":0.0,"8":0.0,"9":0.0,"10":0.0,"11":0.0,"12":0.0,"13":0.0,"14":0.0,"15":0.0,"16":0.0,"17":0.0,"18":0.0,"19":0.0,"20":0.0,"21":0.0,"22":0.0,"23":0.0,"24":0.0,"25":0.0,"26":0.0,"27":1.0,"28":1.0,"29":1.0,"30":1.0,"31":2.0,"32":2.0,"33":2.0,"34":2.0,"35":3.0,"36":3.0,"37":3.0,"38":3.0,"39":4.0,"40":4.0,"41":4.0,"42":5.0,"43":5.0,"44":5.0,"45":5.0,"46":6.0,"47":6.0,"48":6.0,"49":7.0,"50":7.0,"51":7.0,"52":8.0,"53":8.0,"54":8.0,"55":9.0,"56":9.0,"57":9.0,"58":9.0,"59":10.0,"60":10.0,"61":10.0,"62":11.0}}