{"x":{"0":87.217666626,"1":87.217666626,"2":87.217666626,"3":87.217666626,"4":87.217666626,"5":87.2167816162,"6":87.2168426514,"7":87.2171630859,"8":87.2173843384,"9":87.2175064087,"10":87.2175979614,"11":87.2176361084,"12":87.217666626,"13":87.217666626,"14":87.2176742554,"15":87.2176818848,"16":87.2176818848,"17":87.2176818848,"18":87.2176818848,"19":87.2176818848,"20":87.2176818848,"21":87.2176818848,"22":87.2176818848,"23":87.2176818848,"24":87.2176818848,"25":87.1823501587,"26":87.0321044922,"27":86.7788925171,"28":86.4379272461,"29":86.026473999,"30":85.5627059937,"31":85.0628662109,"32":84.5403518677,"33":84.0042495728,"34":83.4623260498,"35":82.9221725464,"36":82.3857879639,"37":81.8519439697,"38":81.3199920654,"39":80.7890014648,"40":80.2589797974,"41":79.7294387817,"42":79.2001876831,"43":78.6713562012,"44":78.1432418823,"45":77.6147842407,"46":77.0717849731,"47":76.5157928467,"48":75.9502182007,"49":75.3769760132,"50":74.7972259521,"51":74.2116622925,"52":73.6198577881,"53":73.0216217041,"54":72.4161529541,"55":71.8007125854,"56":71.1799545288,"57":70.5531845093,"58":69.9195175171,"59":69.279045105,"60":68.6319122314,"61":67.9782180786,"62":67.3229598999,"63":66.6605911255,"64":65.99193573,"65":65.3200531006,"66":64.6440658569,"67":63.9614601135,"68":63.2736206055,"69":62.5814819336,"70":61.8843727112,"71":61.1815261841,"72":60.4735450745,"73":59.759979248},"y":{"0":303.017364502,"1":303.017364502,"2":303.017364502,"3":303.017364502,"4":303.017364502,"5":303.0176696777,"6":303.017791748,"7":303.017791748,"8":303.0177612305,"9":303.0177612305,"10":303.0177001953,"11":303.0177307129,"12":303.0177612305,"13":303.0177612305,"14":303.017791748,"15":303.017791748,"16":303.017791748,"17":303.017791748,"18":303.017791748,"19":303.017791748,"20":303.017791748,"21":303.017791748,"22":303.017791748,"23":303.017791748,"24":303.017791748,"25":303.0174865723,"26":303.0161132812,"27":303.0133666992,"28":303.0046081543,"29":302.9860229492,"30":302.9557495117,"31":302.9153442383,"32":302.8629150391,"33":302.7994689941,"34":302.7264404297,"35":302.6491088867,"36":302.5690612793,"37":302.4903259277,"38":302.4153137207,"39":302.3528747559,"40":302.3023681641,"41":302.2661743164,"42":302.2367553711,"43":302.2082519531,"44":302.1780700684,"45":302.1439819336,"46":302.1077575684,"47":302.0674743652,"48":302.0205078125,"49":301.9655151367,"50":301.9014892578,"51":301.8278198242,"52":301.7486572266,"53":301.6665344238,"54":301.5885009766,"55":301.5211486816,"56":301.472869873,"57":301.4387512207,"58":301.4121704102,"59":301.3928527832,"60":301.3731384277,"61":301.3530273438,"62":301.339630127,"63":301.3209838867,"64":301.2956848145,"65":301.2695922852,"66":301.2289733887,"67":301.1838684082,"68":301.1281738281,"69":301.0598144531,"70":300.9833679199,"71":300.8977966309,"72":300.8057250977,"73":300.7113342285},"z":{"0":1.2638585567,"1":1.1088317633,"2":0.8560168147,"3":0.5055116415,"4":0.1815200746,"5":0.190328598,"6":0.2146995813,"7":0.2325975299,"8":0.242984578,"9":0.2484159768,"10":0.2510922253,"11":0.252360642,"12":0.2529454231,"13":0.2530940473,"14":0.2532286346,"15":0.253318578,"16":0.2533689439,"17":0.2533854246,"18":0.2533983886,"19":0.2534076869,"20":0.2534130514,"21":0.2534150183,"22":0.2534162402,"23":0.2534162402,"24":0.2534177601,"25":0.2529206872,"26":0.2520360053,"27":0.2515470088,"28":0.2514179945,"29":0.2515358627,"30":0.2518020272,"31":0.2527634799,"32":0.2534777522,"33":0.2535946965,"34":0.2536846995,"35":0.253801316,"36":0.2538824677,"37":0.2539223433,"38":0.2539414167,"39":0.2539535761,"40":0.2539581954,"41":0.2539587319,"42":0.2539486885,"43":0.253939122,"44":0.2539333999,"45":0.253900975,"46":0.253750056,"47":0.2536867857,"48":0.2536811531,"49":0.2536964417,"50":0.2537154853,"51":0.2537319064,"52":0.2537405789,"53":0.2537455261,"54":0.2537483275,"55":0.2706062496,"56":0.2773523927,"57":0.2787368298,"58":0.278992027,"59":0.2790130079,"60":0.2790036798,"61":0.278984338,"62":0.2877664566,"63":0.293464154,"64":0.2987263501,"65":0.2934238315,"66":0.2961359024,"67":0.3003139496,"68":0.3027916253,"69":0.3051560819,"70":0.3075213134,"71":0.3068298697,"72":0.3061476946,"73":0.3057309985},"yaw":{"0":-179.9739837646,"1":-179.9739837646,"2":-179.9739837646,"3":-179.9739837646,"4":-179.9739837646,"5":-179.9743499756,"6":-179.9742126465,"7":-179.9740447998,"8":-179.9739532471,"9":-179.9739379883,"10":-179.9739379883,"11":-179.9739379883,"12":-179.9739379883,"13":-179.9739379883,"14":-179.9739379883,"15":-179.9739379883,"16":-179.9739379883,"17":-179.9739379883,"18":-179.9739379883,"19":-179.9739379883,"20":-179.9739379883,"21":-179.9739379883,"22":-179.9739379883,"23":-179.9739379883,"24":-179.9739379883,"25":-179.9623718262,"26":-179.9138336182,"27":-179.8205108643,"28":-179.5196075439,"29":-178.931060791,"30":-178.0918884277,"31":-177.1762237549,"32":-176.1504669189,"33":-175.0984802246,"34":-174.0707550049,"35":-173.251449585,"36":-172.6091918945,"37":-172.2457427979,"38":-172.1513671875,"39":-172.5752868652,"40":-173.3034820557,"41":-174.3190307617,"42":-175.2242126465,"43":-175.8299255371,"44":-176.1479949951,"45":-176.2010955811,"46":-176.1922302246,"47":-176.0641479492,"48":-175.7486877441,"49":-175.2623748779,"50":-174.6353607178,"51":-173.9044647217,"52":-173.2818145752,"53":-172.828125,"54":-172.758026123,"55":-173.3948059082,"56":-174.1755523682,"57":-175.3341217041,"58":-176.3402099609,"59":-177.2127838135,"60":-177.7035064697,"61":-177.965637207,"62":-177.640045166,"63":-177.2298278809,"64":-177.1843261719,"65":-177.1717987061,"66":-177.0078582764,"67":-176.5906982422,"68":-175.9857635498,"69":-175.2764282227,"70":-174.5256652832,"71":-173.7953643799,"72":-173.1946258545,"73":-172.8270874023},"c_route":{"0":false,"1":false,"2":false,"3":false,"4":false,"5":false,"6":false,"7":false,"8":false,"9":false,"10":false,"11":false,"12":false,"13":false,"14":false,"15":false,"16":false,"17":false,"18":false,"19":false,"20":false,"21":false,"22":false,"23":false,"24":false,"25":false,"26":false,"27":false,"28":false,"29":false,"30":false,"31":false,"32":false,"33":false,"34":false,"35":false,"36":false,"37":false,"38":false,"39":false,"40":false,"41":false,"42":false,"43":false,"44":false,"45":false,"46":false,"47":false,"48":false,"49":false,"50":false,"51":false,"52":false,"53":false,"54":false,"55":false,"56":false,"57":false,"58":false,"59":false,"60":false,"61":false,"62":false,"63":false,"64":false,"65":false,"66":false,"67":false,"68":false,"69":false,"70":false,"71":false,"72":false,"73":false},"done":{"0":false,"1":false,"2":false,"3":false,"4":false,"5":false,"6":false,"7":false,"8":false,"9":false,"10":false,"11":false,"12":false,"13":false,"14":false,"15":false,"16":false,"17":false,"18":false,"19":false,"20":false,"21":false,"22":false,"23":false,"24":false,"25":false,"26":false,"27":false,"28":false,"29":false,"30":false,"31":false,"32":false,"33":false,"34":false,"35":false,"36":false,"37":false,"38":false,"39":false,"40":false,"41":false,"42":false,"43":false,"44":false,"45":false,"46":false,"47":false,"48":false,"49":false,"50":false,"51":false,"52":false,"53":false,"54":false,"55":false,"56":false,"57":false,"58":false,"59":false,"60":false,"61":false,"62":false,"63":false,"64":false,"65":false,"66":false,"67":false,"68":false,"69":false,"70":false,"71":false,"72":false,"73":true},"route_completed_in_m":{"0":0.0,"1":0.0,"2":0.0,"3":0.0,"4":0.0,"5":0.0,"6":0.0,"7":0.0,"8":0.0,"9":0.0,"10":0.0,"11":0.0,"12":0.0,"13":0.0,"14":0.0,"15":0.0,"16":0.0,"17":0.0,"18":0.0,"19":0.0,"20":0.0,"21":0.0,"22":0.0,"23":0.0,"24":0.0,"25":0.0,"26":1.0,"27":1.0,"28":1.0,"29":2.0,"30":2.0,"31":3.0,"32":3.0,"33":4.0,"34":4.0,"35":5.0,"36":5.0,"37":6.0,"38":7.0,"39":7.0,"40":8.0,"41":8.0,"42":9.0,"43":9.0,"44":10.0,"45":10.0,"46":11.0,"47":11.0,"48":12.0,"49":13.0,"50":13.0,"51":14.0,"52":14.0,"53":15.0,"54":16.0,"55":16.0,"56":17.0,"57":17.0,"58":18.0,"59":19.0,"60":19.0,"61":20.0,"62":21.0,"63":21.0,"64":22.0,"65":23.0,"66":23.0,"67":24.0,"68":25.0,