{"x":{"0":177.9085693359,"1":177.9085693359,"2":177.9085693359,"3":177.9085693359,"4":177.9085693359,"5":177.9077301025,"6":177.9077758789,"7":177.9080352783,"8":177.9082641602,"9":177.908416748,"10":177.908493042,"11":177.9085540771,"12":177.9085693359,"13":177.9085693359,"14":177.9085845947,"15":177.9085845947,"16":177.9085845947,"17":177.9085845947,"18":177.9085845947,"19":177.9085845947,"20":177.9085845947,"21":177.9085845947,"22":177.9085845947,"23":177.9085845947,"24":177.9085845947,"25":177.8734283447,"26":177.7239227295,"27":177.4721679688,"28":177.1322784424,"29":176.7166595459,"30":176.2373657227,"31":175.7071228027,"32":175.1393737793,"33":174.5457458496,"34":173.9350585938,"35":173.3134765625,"36":172.6849975586,"37":172.0531463623,"38":171.4212493896,"39":170.7909393311,"40":170.1621856689,"41":169.5343933105,"42":168.9073944092,"43":168.2812042236,"44":167.6558532715,"45":167.0296325684,"46":166.3864593506,"47":165.7272796631,"48":165.0565185547,"49":164.3768463135,"50":163.6897277832,"51":162.9959564209,"52":162.2960357666,"53":161.5902252197,"54":160.878616333,"55":160.1612701416,"56":159.4382324219,"57":158.7096710205,"58":157.9756469727,"59":157.2363433838,"60":156.4918365479,"61":155.7422180176,"62":154.987701416,"63":154.2284393311,"64":153.4644622803,"65":152.6959991455,"66":151.923248291,"67":151.1463317871,"68":150.3653564453,"69":149.5804901123,"70":148.7920227051,"71":148.0004272461,"72":147.2063293457,"73":146.4098358154,"74":145.611114502,"75":144.8106079102,"76":144.0089874268,"77":143.206237793,"78":142.4022064209,"79":141.5966339111,"80":140.7886199951,"81":139.9777832031,"82":139.1639862061,"83":138.3468475342,"84":137.5263061523,"85":136.702545166,"86":135.8757019043,"87":135.0467224121,"88":134.2183990479,"89":133.3910980225,"90":132.5648956299},"y":{"0":188.1154785156,"1":188.1154785156,"2":188.1154785156,"3":188.1154785156,"4":188.1154785156,"5":188.1158294678,"6":188.1159362793,"7":188.1159515381,"8":188.1159210205,"9":188.1159210205,"10":188.1158752441,"11":188.1158905029,"12":188.1159362793,"13":188.1159362793,"14":188.1159515381,"15":188.1159515381,"16":188.1159515381,"17":188.1159515381,"18":188.1159515381,"19":188.1159515381,"20":188.1159515381,"21":188.1159515381,"22":188.1159515381,"23":188.1159515381,"24":188.1159515381,"25":188.1179046631,"26":188.1266784668,"27":188.1438598633,"28":188.1697998047,"29":188.2039337158,"30":188.2457427979,"31":188.2935638428,"32":188.3465576172,"33":188.4020080566,"34":188.4575195312,"35":188.5118560791,"36":188.5599822998,"37":188.5983428955,"38":188.6262512207,"39":188.6451873779,"40":188.6547546387,"41":188.6576538086,"42":188.6556396484,"43":188.6516876221,"44":188.6471862793,"45":188.6440734863,"46":188.642791748,"47":188.644821167,"48":188.6491546631,"49":188.6553344727,"50":188.6610107422,"51":188.6650390625,"52":188.6669464111,"53":188.6672363281,"54":188.6673126221,"55":188.6687469482,"56":188.6721954346,"57":188.6787414551,"58":188.6869812012,"59":188.6991729736,"60":188.7149353027,"61":188.7333679199,"62":188.7552337646,"63":188.7805480957,"64":188.8056182861,"65":188.8315734863,"66":188.8584747314,"67":188.8854064941,"68":188.9094238281,"69":188.9284515381,"70":188.9398956299,"71":188.9387207031,"72":188.9207763672,"73":188.8877258301,"74":188.8408508301,"75":188.7791290283,"76":188.7004241943,"77":188.6066131592,"78":188.50050354,"79":188.385269165,"80":188.2688751221,"81":188.1556549072,"82":188.0483093262,"83":187.9556427002,"84":187.8797607422,"85":187.8224029541,"86":187.7787780762,"87":187.7439422607,"88":187.7151184082,"89":187.6899108887,"90":187.6675109863},"z":{"0":1.263858676,"1":1.1088318825,"2":0.8560168147,"3":0.5055117011,"4":0.1815202236,"5":0.1903278679,"6":0.2146983296,"7":0.2325977981,"8":0.2429855317,"9":0.2484170496,"10":0.2510929406,"11":0.2523611784,"12":0.2529459298,"13":0.2530944049,"14":0.2532289028,"15":0.2533188462,"16":0.2533691227,"17":0.2533856034,"18":0.2533986568,"19":0.2534078956,"20":0.2534131706,"21":0.2534151375,"22":0.2534163594,"23":0.2534163594,"24":0.2534179688,"25":0.252923131,"26":0.2520425618,"27":0.2515569627,"28":0.2514159679,"29":0.2514763474,"30":0.2516480088,"31":0.2528944612,"32":0.2530860901,"33":0.2532010674,"34":0.2533413172,"35":0.2534830272,"36":0.2536081374,"37":0.2537184954,"38":0.253813535,"39":0.2538784444,"40":0.2539129555,"41":0.2539241314,"42":0.2539276481,"43":0.2539286315,"44":0.2539287806,"45":0.253890723,"46":0.253718257,"47":0.2536418736,"48":0.2536401749,"49":0.2536663115,"50":0.253695637,"51":0.2537208498,"52":0.2537392676,"53":0.2537517548,"54":0.2537595034,"55":0.2537644804,"56":0.2537677288,"57":0.2537705302,"58":0.253773123,"59":0.2537759244,"60":0.2537783682,"61":0.2537807524,"62":0.2537836134,"63":0.2537866831,"64":0.2537899315,"65":0.2537935972,"66":0.2537975311,"67":0.2538010478,"68":0.2538054883,"69":0.2538100481,"70":0.2538160682,"71":0.2538246512,"72":0.2538349032,"73":0.2538395524,"74":0.2538424134,"75":0.2538451254,"76":0.2538493276,"77":0.253850162,"78":0.2538495064,"79":0.2538482249,"80":0.253847003,"81":0.25384745,"82":0.2538493276,"83":0.2538575232,"84":0.2538621724,"85":0.2538667321,"86":0.2538636625,"87":0.2538732588,"88":0.2538973689,"89":0.2539124489,"90":0.2539210916},"yaw":{"0":179.9535064697,"1":179.9535064697,"2":179.9535064697,"3":179.9535064697,"4":179.9535064697,"5":179.9530792236,"6":179.9532012939,"7":179.9534301758,"8":179.9535064697,"9":179.9535522461,"10":179.9535675049,"11":179.9535675049,"12":179.9535827637,"13":179.9535827637,"14":179.9535675049,"15":179.9535675049,"16":179.9535675049,"17":179.9535675049,"18":179.9535675049,"19":179.9535675049,"20":179.9535675049,"21":179.9535675049,"22":179.9535675049,"23":179.9535675049,"24":179.9535675049,"25":179.873260498,"26":179.5361022949,"27":178.9423217773,"28":178.1832580566,"29":177.3774719238,"30":176.6148986816,"31":175.9836730957,"32":175.4782867432,"33":175.1515655518,"34":175.0106506348,"35":175.0084686279,"36":175.2700042725,"37":175.8082733154,"38":176.5266876221,"39":177.2894134521,"40":178.0860443115,"41":178.7999725342,"42":179.3966064453,"43":179.8095092773,"44":-179.934463501,"45":-179.8372344971,"46":-179.856048584,"47":179.9979858398,"48":179.8262176514,"49":179.6622924805,"50":179.5952453613,"51":179.6277770996,"52":179.7300262451,"53":179.8490142822,"54":179.9201049805,"55":179.9038238525,"56":179.8140563965,"57":179.6480407715,"58":179.4966888428,"59":179.2708587646,"60":179.0181732178,"61":178.7924804688,"62":178.5546722412,"63":178.3076477051,"64":178.2022857666,"65":178.1282958984,"66":178.0609283447,"67":178.0336608887,"68":178.1419219971,"69":178.3988647461,"70":178.8227386475,"71":179.5214385986,"72":-179.4876556396,"73":-178.4294281006,"74":-177.4056396484,"75":-176.3658905029,"76":-175.2326507568,"77":-174.1326293945,"78":-173.1675567627,"79":-172.3939971924,"80":-172.0279693604,"81":-172.0257568359,"82":-172.2842559814,"83":-172.9971160889,"84":-174.0037384033,"85":-175.1930084229,"86":-176.268737793,"87":-177.0774230957,"88":-177.6464691162,"89":-178.0198974609,"90":-178.2799835205},"c_route":{"0":false,"1":false,"2":false,"3":false,"4":false,"5":false,"6":false,"7":false,"8":false,"9":false,"10":false,"11":false,"12":false,"13":false,"14":false,"15":false,"16":false,"17":false,"18":false,"19":false,"20":false,"21":false,"22":false,"23":false,"24":false,"25":false,"26":false,"27":false,"28":false,"29":false,"30":false,"31":false,"32":false,"33":false,"34":false,"35":false,"36":false,"37":false,"38":false,"39":false,"40":false,"41":false,"42":false,"43":false,"44":false,"45":false,"46":false,"47":false,"48":false,"49":false,"50":false,"51":false,"52":false,"53":false,"54":false,"55":false,"56":false,"57":false,"58":false,"59":false,"60":false,"61":false,"62":false,"63":false,"64":false,"65":false,"66":false,"67":false,"68":false,"69":false,"70":false,"71":false,"72":false,"73":false,"74":false,"75":false,"76":false,"77":false,"78":false,"79":false,"80":false,"81":false,"82":false,