{"x":{"0":38.8513336182,"1":38.8513336182,"2":38.8513336182,"3":38.8513336182,"4":38.8513336182,"5":38.8504905701,"6":38.8505439758,"7":38.8508377075,"8":38.8510513306,"9":38.8511772156,"10":38.8512458801,"11":38.8512763977,"12":38.8512992859,"13":38.8513069153,"14":38.8513145447,"15":38.8513183594,"16":38.8513221741,"17":38.8513221741,"18":38.8513221741,"19":38.8513259888,"20":38.8513259888,"21":38.8513259888,"22":38.8513259888,"23":38.8513259888,"24":38.8513259888,"25":38.8163490295,"26":38.6680526733,"27":38.4198493958,"28":38.0863456726,"29":37.6806640625,"30":37.2186279297,"31":36.7179450989,"32":36.1928710938,"33":35.6528778076,"34":35.1057090759,"35":34.5584716797,"36":34.0143852234,"37":33.4727630615,"38":32.9330863953,"39":32.394985199,"40":31.8579025269,"41":31.3211936951,"42":30.784740448,"43":30.2487487793,"44":29.713312149,"45":29.1769065857,"46":28.6249217987,"47":28.0588302612,"48":27.4818153381,"49":26.8956775665,"50":26.3014354706,"51":25.6999855042,"52":25.0919876099,"53":24.4775867462,"54":23.8571548462,"55":23.2311916351,"56":22.5999221802,"57":21.9639854431,"58":21.3240699768,"59":20.6808300018,"60":20.0343818665,"61":19.3850307465,"62":18.732919693,"63":18.0781059265,"64":17.4200973511,"65":16.7573852539,"66":16.0896625519,"67":15.4173364639,"68":14.741891861,"69":14.0640411377,"70":13.3833284378,"71":12.6995983124,"72":12.0135812759,"73":11.3255147934,"74":10.6357002258,"75":9.9442424774,"76":9.250658989,"77":8.5547561646,"78":7.8564720154,"79":7.1561346054,"80":6.4542331696,"81":5.7505636215,"82":5.0449123383,"83":4.337220192,"84":3.6276404858,"85":2.9167001247,"86":2.2048373222,"87":1.4938869476,"88":0.7838165164,"89":0.0777085125,"90":-0.6249860525,"91":-1.3226063251,"92":-2.0125932693,"93":-2.6869146824,"94":-3.3453288078,"95":-3.9984557629,"96":-4.6478176117,"97":-5.2952775955},"y":{"0":188.2283325195,"1":188.2283325195,"2":188.2283325195,"3":188.2283325195,"4":188.2283325195,"5":188.2287139893,"6":188.228805542,"7":188.2288208008,"8":188.228805542,"9":188.2288208008,"10":188.2287902832,"11":188.2288208008,"12":188.2288665771,"13":188.2288665771,"14":188.2288818359,"15":188.2288818359,"16":188.2288818359,"17":188.2288818359,"18":188.2288818359,"19":188.2288818359,"20":188.2288818359,"21":188.2288818359,"22":188.2288818359,"23":188.2288818359,"24":188.2288818359,"25":188.2316131592,"26":188.243927002,"27":188.2679595947,"28":188.3041534424,"29":188.352432251,"30":188.4110565186,"31":188.4815216064,"32":188.5625,"33":188.6492004395,"34":188.741897583,"35":188.8353881836,"36":188.9266204834,"37":189.0083007812,"38":189.081161499,"39":189.1472473145,"40":189.2044525146,"41":189.2554016113,"42":189.2997436523,"43":189.3414001465,"44":189.3811645508,"45":189.4164733887,"46":189.4485168457,"47":189.477142334,"48":189.4990386963,"49":189.5118560791,"50":189.5165557861,"51":189.5110626221,"52":189.4942169189,"53":189.4692687988,"54":189.4372406006,"55":189.3975219727,"56":189.3517150879,"57":189.2982788086,"58":189.2348632812,"59":189.1597442627,"60":189.0741577148,"61":188.9787445068,"62":188.8748168945,"63":188.7637634277,"64":188.6494445801,"65":188.5436859131,"66":188.4540252686,"67":188.3830566406,"68":188.3413848877,"69":188.3291320801,"70":188.3362426758,"71":188.3530578613,"72":188.3802032471,"73":188.416229248,"74":188.4616394043,"75":188.5158691406,"76":188.5738983154,"77":188.6324310303,"78":188.6887664795,"79":188.7447357178,"80":188.803237915,"81":188.8591766357,"82":188.9059753418,"83":188.9404296875,"84":188.9583129883,"85":188.954208374,"86":188.9255981445,"87":188.8664245605,"88":188.778213501,"89":188.6547241211,"90":188.4989471436,"91":188.3099975586,"92":188.0858001709,"93":187.8174743652,"94":187.506729126,"95":187.1704711914,"96":186.8143768311,"97":186.4446868896},"z":{"0":1.263858676,"1":1.1088318825,"2":0.8560168147,"3":0.5055117011,"4":0.1815202236,"5":0.1903278381,"6":0.2146985531,"7":0.2325983047,"8":0.2429860681,"9":0.2484175116,"10":0.251093179,"11":0.2523611784,"12":0.2529459,"13":0.2530943751,"14":0.253228873,"15":0.2533187568,"16":0.2533691227,"17":0.2533856034,"18":0.2533985972,"19":0.2534078956,"20":0.2534132302,"21":0.2534152269,"22":0.2534164488,"23":0.2534164488,"24":0.2534178793,"25":0.2529257238,"26":0.2520544827,"27":0.2515867949,"28":0.2514613271,"29":0.2515415251,"30":0.2517640293,"31":0.2528820336,"32":0.2534097731,"33":0.2535257638,"34":0.2536260784,"35":0.2537529171,"36":0.2538590431,"37":0.2539213002,"38":0.253949821,"39":0.2539588809,"40":0.2539601326,"41":0.253950119,"42":0.2539440989,"43":0.253937602,"44":0.2539339662,"45":0.253900677,"46":0.2537441254,"47":0.253678292,"48":0.2536720634,"49":0.2536876202,"50":0.2537058294,"51":0.2537248433,"52":0.2537407279,"53":0.2537498772,"54":0.2537580132,"55":0.253765583,"56":0.2537719011,"57":0.2537799776,"58":0.2537887096,"59":0.2537972629,"60":0.253803432,"61":0.2538096905,"62":0.2538145781,"63":0.2538186312,"64":0.253821075,"65":0.2538252473,"66":0.2538352907,"67":0.2538470924,"68":0.2538787723,"69":0.2538961768,"70":0.2538917959,"71":0.2538794577,"72":0.2538731694,"73":0.2538672984,"74":0.2538645864,"75":0.2538623512,"76":0.2538584471,"77":0.2538561225,"78":0.2538555861,"79":0.2538571954,"80":0.2538603842,"81":0.2538642585,"82":0.2538692355,"83":0.2538727224,"84":0.2538773417,"85":0.2538851202,"86":0.2538898289,"87":0.2539042532,"88":0.253903985,"89":0.2539194822,"90":0.2539126575,"91":0.2539121509,"92":0.2539156675,"93":0.2539531589,"94":0.2539577186,"95":0.2539104819,"96":0.2538791597,"97":0.2538556755},"yaw":{"0":179.9535064697,"1":179.9535064697,"2":179.9535064697,"3":179.9535064697,"4":179.9535064697,"5":179.9530944824,"6":179.9532012939,"7":179.9534454346,"8":179.9535369873,"9":179.9535980225,"10":179.9535980225,"11":179.9535980225,"12":179.9535980225,"13":179.9535980225,"14":179.9535980225,"15":179.9535980225,"16":179.9535980225,"17":179.9535980225,"18":179.9535980225,"19":179.9535980225,"20":179.9535980225,"21":179.9535980225,"22":179.9535980225,"23":179.9535980225,"24":179.9535980225,"25":179.8410491943,"26":179.3648071289,"27":178.5314331055,"28":177.4610137939,"29":176.2965087891,"30":175.1952667236,"31":174.1090087891,"32":173.0831298828,"33":172.2760162354,"34":171.5609283447,"35":171.0914001465,"36":170.8590545654,"37":171.0694885254,"38":171.533996582,"39":172.0781707764,"40":172.7603302002,"41":173.4261779785,"42":174.1013336182,"43":174.629196167,"44":175.034072876,"45":175.4819488525,"46":175.9287719727,"47":176.3775482178,"48":176.9458007812,"49":177.6657562256,"50":178.4274902344,"51":179.2894744873,"52":-179.7532348633,"53":-178.8788452148,"54":-178.1000518799,"55":-177.3564758301,"56":-176.7033233643,"57":-176.0433654785,"58":-175.2920379639,"59":-174.4210968018,"60":-173.5377960205,"61":-172.6809082031,"62":-171.8902587891,"63":-171.1953735352,"64":-170.7100982666,"65":-170.8114624023,"66":-171.5319519043,"67":-172.6809082031,"68":-174.4635772705,"69":-176.5904541016,"70":-178.4941711426,"71":-179.8869628906,"72":178.9749755859,"73":178.0264129639,"74":177.1619415283,"75":176.3639678955,"76":175.8020172119,"77":175.4986419678,"78":175.4388427734,"79":175.4328308105,"80":175.3352966309,"81":175.3885803223,"82":175.7843475342,"83":176.4843444824,"84":177.5031433105,"85":178.9004821777,"86":-179.409942627,"87":-177.3352508545,"88":-175.1233215332,"89":-172.5935211182,"90":-170.0215606689,"91":-167.3965301514,"92":-164.6471862793,"93":-161.4059753418,"94":-157.9778137207,"95":-155.2607879639,"96":-153.1687774658,"97":-151.6404571533},"c_route":{"0":false,"1":false,"2":false,"3":false,"4":false,"5":false,"6":false,"7":false,"8":false,"9":false,"10":false,"11":false,"12":false,"13":false,"14":false,"15":false,"16":false,"17":false,"18":false,"19":false,"20":false,"21":false,"22":false,"23":false,"24":false,"25":false,"26":false,"27":false,"28":false,"29":false,"30":false,"31":false,"32":false,"33":false,"34":false,"35":false,"36":false,"37":false,"38":false,"39":false,"40":false,"41":false,"42":false,"43":false,