{"x":{"0":38.8513336182,"1":38.8513336182,"2":38.8513336182,"3":38.8513336182,"4":38.8513336182,"5":38.8504257202,"6":38.8504867554,"7":38.8507995605,"8":38.8510246277,"9":38.8511581421,"10":38.8512268066,"11":38.8512649536,"12":38.8512916565,"13":38.8512992859,"14":38.8513069153,"15":38.85131073,"16":38.85131073,"17":38.85131073,"18":38.85131073,"19":38.8513145447,"20":38.8513145447,"21":38.8513145447,"22":38.8513145447,"23":38.8513145447,"24":38.8513145447,"25":38.8186988831,"26":38.6931381226,"27":38.5080909729,"28":38.289276123,"29":38.0513191223,"30":37.8010025024,"31":37.5422668457,"32":37.2764930725,"33":37.0046806335,"34":36.7283477783,"35":36.4486503601,"36":36.1655082703,"37":35.8784103394,"38":35.5875663757,"39":35.2931098938,"40":34.9952125549,"41":34.6931190491,"42":34.3876838684,"43":34.0790367126,"44":33.7673034668,"45":33.452583313,"46":33.1357574463,"47":32.8178062439,"48":32.4985427856,"49":32.1769485474,"50":31.853509903,"51":31.5313625336,"52":31.2095355988,"53":30.8839626312,"54":30.5544490814,"55":30.2215938568,"56":29.8860569,"57":29.5484447479,"58":29.2106533051,"59":28.8758449554,"60":28.5380992889,"61":28.1975307465,"62":27.8548336029,"63":27.5101928711,"64":27.1640129089,"65":26.8161487579,"66":26.4661026001,"67":26.113275528,"68":25.7632923126,"69":25.413394928,"70":25.0626430511,"71":24.7123680115,"72":24.3624343872,"73":24.0102272034,"74":23.6555480957,"75":23.2990932465,"76":22.9475440979,"77":22.5973014832,"78":22.246805191,"79":21.8981075287},"y":{"0":188.2283325195,"1":188.2283325195,"2":188.2283325195,"3":188.2283325195,"4":188.2283325195,"5":188.2280273438,"6":188.2281646729,"7":188.2282714844,"8":188.2283935547,"9":188.2283935547,"10":188.2284698486,"11":188.228515625,"12":188.2285461426,"13":188.2285461426,"14":188.2285766602,"15":188.2285766602,"16":188.2285766602,"17":188.2285766602,"18":188.2285766602,"19":188.2285766602,"20":188.2285766602,"21":188.2285766602,"22":188.2285766602,"23":188.2285766602,"24":188.2285766602,"25":188.2241973877,"26":188.2061309814,"27":188.1767883301,"28":188.1380615234,"29":188.0913238525,"30":188.0394897461,"31":187.9833221436,"32":187.9256134033,"33":187.8683013916,"34":187.8097076416,"35":187.747756958,"36":187.6834869385,"37":187.6193084717,"38":187.5546569824,"39":187.4890441895,"40":187.4218902588,"41":187.3571014404,"42":187.2913970947,"43":187.224822998,"44":187.1578063965,"45":187.0908203125,"46":187.0204620361,"47":186.9437713623,"48":186.8618927002,"49":186.778427124,"50":186.6914978027,"51":186.6090545654,"52":186.5210571289,"53":186.4358215332,"54":186.353729248,"55":186.2728424072,"56":186.1910247803,"57":186.1065979004,"58":186.0206604004,"59":185.9335174561,"60":185.8471069336,"61":185.7595672607,"62":185.6700592041,"63":185.5791015625,"64":185.4862976074,"65":185.3926849365,"66":185.3008575439,"67":185.2200012207,"68":185.14453125,"69":185.0645294189,"70":184.983505249,"71":184.8959960938,"72":184.8021850586,"73":184.7112121582,"74":184.6245727539,"75":184.5401306152,"76":184.4638061523,"77":184.3672485352,"78":184.2644805908,"79":184.1538085938},"z":{"0":1.263858676,"1":1.1088318825,"2":0.8560168147,"3":0.5055117011,"4":0.1815202236,"5":0.1903377473,"6":0.2146994323,"7":0.2325946689,"8":0.2429816723,"9":0.2484141141,"10":0.2510911524,"11":0.2523599863,"12":0.2529452145,"13":0.2530939877,"14":0.2532286346,"15":0.253318578,"16":0.2533690333,"17":0.2533855736,"18":0.253398627,"19":0.2534078658,"20":0.2534132004,"21":0.2534151673,"22":0.2534163892,"23":0.2534163892,"24":0.2534179986,"25":0.2529627681,"26":0.2522987723,"27":0.2521505058,"28":0.2523298562,"29":0.2525996268,"30":0.2528342903,"31":0.2530085444,"32":0.2531222105,"33":0.2531959414,"34":0.2532467544,"35":0.2532813847,"36":0.2533014715,"37":0.253311336,"38":0.2533172071,"39":0.2533202171,"40":0.2533222437,"41":0.2533239424,"42":0.2533262968,"43":0.253329277,"44":0.2533330917,"45":0.2533370256,"46":0.2533406317,"47":0.2533457875,"48":0.253349632,"49":0.2533499002,"50":0.2613131702,"51":0.2731263041,"52":0.2770500481,"53":0.2782143652,"54":0.2785016596,"55":0.278540045,"56":0.2785232365,"57":0.2785040736,"58":0.279648155,"59":0.2867429256,"60":0.2945165634,"61":0.299559772,"62":0.3023636937,"63":0.3038143218,"64":0.3045383096,"65":0.3048893213,"66":0.3050561547,"67":0.3087008595,"68":0.3177064359,"69":0.3235509396,"70":0.3270199895,"71":0.3289318383,"72":0.329970926,"73":0.3304323554,"74":0.3305989802,"75":0.3306547105,"76":0.3465343714,"77":0.353638947,"78":0.3560875952,"79":0.3570790887},"yaw":{"0":179.9535064697,"1":179.9535064697,"2":179.9535064697,"3":179.9535064697,"4":179.9535064697,"5":179.9537353516,"6":179.9538574219,"7":179.9539642334,"8":179.9539031982,"9":179.9538879395,"10":179.9538574219,"11":179.9538574219,"12":179.9538574219,"13":179.9538574219,"14":179.9538574219,"15":179.9538574219,"16":179.9538574219,"17":179.9538574219,"18":179.9538574219,"19":179.9538574219,"20":179.9538574219,"21":179.9538574219,"22":179.9538574219,"23":179.9538574219,"24":179.9538574219,"25":-179.8615112305,"26":-179.1465911865,"27":-178.1000366211,"28":-176.8731842041,"29":-175.5666656494,"30":-174.3189239502,"31":-173.1527099609,"32":-172.1711883545,"33":-171.4167633057,"34":-170.7772521973,"35":-170.1489562988,"36":-169.5776519775,"37":-169.150970459,"38":-168.8166046143,"39":-168.5390014648,"40":-168.28465271,"41":-168.2093811035,"42":-168.1362609863,"43":-168.0701599121,"44":-168.0284576416,"45":-168.0190887451,"46":-167.89894104,"47":-167.5734863281,"48":-167.1386566162,"49":-166.7653198242,"50":-166.5274963379,"51":-166.1753234863,"52":-165.8091430664,"53":-165.7038574219,"54":-165.7842407227,"55":-165.9216308594,"56":-166.0155181885,"57":-166.0095825195,"58":-165.9033355713,"59":-165.7943878174,"60":-165.7588653564,"61":-165.7102661133,"62":-165.6193237305,"63":-165.5199737549,"64":-165.3903045654,"65":-165.2810058594,"66":-165.2873382568,"67":-165.5963897705,"68":-166.0363769531,"69":-166.3034362793,"70":-166.4932250977,"71":-166.3785400391,"72":-166.0516357422,"73":-165.935546875,"74":-166.0335998535,"75":-166.2015838623,"76":-165.8518371582,"77":-165.5296478271,"78":-165.077545166,"79":-164.41746521},"c_route":{"0":false,"1":false,"2":false,"3":false,"4":false,"5":false,"6":false,"7":false,"8":false,"9":false,"10":false,"11":false,"12":false,"13":false,"14":false,"15":false,"16":false,"17":false,"18":false,"19":false,"20":false,"21":false,"22":false,"23":false,"24":false,"25":false,"26":false,"27":false,"28":false,"29":false,"30":false,"31":false,"32":false,"33":false,"34":false,"35":false,"36":false,"37":false,"38":false,"39":false,"40":false,"41":false,"42":false,"43":false,"44":false,"45":false,"46":false,"47":false,"48":false,"49":false,"50":false,"51":false,"52":false,"53":false,"54":false,"55":false,"56":false,"57":false,"58":false,"59":false,"60":false,"61":false,"62":false,"63":false,"64":false,"65":false,"66":false,"67":false,"68":false,"69":false,"70":false,"71":false,"72":false,"73":false,"74":false,"75":false,"76":false,"77":false,"78":false,"79":false},"done":{"0":false,"1":false,"2":false,"3":false,"4":false,"5":false,"6":false,"7":false,"8":false,"9":false,"10":false,"11":false,"12":false,"13":false,"14":false,"15":false,"16":false,"17":false,"18":false,"19":false,"20":false,"21":false,"22":false,"23":false,"24":false,"25":false,"26":false,"27":false,"28":false,"29":false,"30":false,"31":false,"32":false,"33":false,"34":false,"35":false,"36":false,"37":false,"38":false,"39":false,"40":false,"41":false,"42":false,"43":false,"44":false,"45":false,"46":false,"47":false,"48":false,"49":false,"50":false,"51":false,"52":false,"53":false,"54":false,"55":false,"56":false,"57":false,"58":false,"59":false,"60":false,"61":false,"62":false,"63":false,"64":false,"65":false,"66":false,"67":false,"68":false,"69":false,"70":false,"71":false,"72":false,"73":false,"74":false,"75":false,"76":false,"77":false,"78":false,"79":true},"route_completed_in_m":{"0":0.0,"1":0.0,"2":0.0,"3":0.0,"4":0.0,"5":0.0,"6":0.0,